timestamp,mw
2025-01-01T00:00:00,0.0
2025-01-01T01:00:00,0.0
2025-01-01T02:00:00,0.0
2025-01-01T03:00:00,0.0
2025-01-01T04:00:00,0.0
2025-01-01T05:00:00,0.0
2025-01-01T06:00:00,0.0
2025-01-01T07:00:00,22.557
2025-01-01T08:00:00,56.709
2025-01-01T09:00:00,92.124
2025-01-01T10:00:00,122.36
2025-01-01T11:00:00,142.566
2025-01-01T12:00:00,149.657
2025-01-01T13:00:00,142.566
2025-01-01T14:00:00,122.36
2025-01-01T15:00:00,92.124
2025-01-01T16:00:00,56.709
2025-01-01T17:00:00,22.557
2025-01-01T18:00:00,0.0
2025-01-01T19:00:00,0.0
2025-01-01T20:00:00,0.0
2025-01-01T21:00:00,0.0
2025-01-01T22:00:00,0.0
2025-01-01T23:00:00,0.0
2025-01-02T00:00:00,0.0
2025-01-02T01:00:00,0.0
2025-01-02T02:00:00,0.0
2025-01-02T03:00:00,0.0
2025-01-02T04:00:00,0.0
2025-01-02T05:00:00,0.0
2025-01-02T06:00:00,0.0
2025-01-02T07:00:00,22.59
2025-01-02T08:00:00,56.79
2025-01-02T09:00:00,92.256
2025-01-02T10:00:00,122.535
2025-01-02T11:00:00,142.77
2025-01-02T12:00:00,149.871
2025-01-02T13:00:00,142.77
2025-01-02T14:00:00,122.535
2025-01-02T15:00:00,92.256
2025-01-02T16:00:00,56.79
2025-01-02T17:00:00,22.59
2025-01-02T18:00:00,0.0
2025-01-02T19:00:00,0.0
2025-01-02T20:00:00,0.0
2025-01-02T21:00:00,0.0
2025-01-02T22:00:00,0.0
2025-01-02T23:00:00,0.0
2025-01-03T00:00:00,0.0
2025-01-03T01:00:00,0.0
2025-01-03T02:00:00,0.0
2025-01-03T03:00:00,0.0
2025-01-03T04:00:00,0.0
2025-01-03T05:00:00,0.0
2025-01-03T06:00:00,0.0
2025-01-03T07:00:00,22.625
2025-01-03T08:00:00,56.878
2025-01-03T09:00:00,92.399
2025-01-03T10:00:00,122.724
2025-01-03T11:00:00,142.991
2025-01-03T12:00:00,150.103
2025-01-03T13:00:00,142.991
2025-01-03T14:00:00,122.724
2025-01-03T15:00:00,92.399
2025-01-03T16:00:00,56.878
2025-01-03T17:00:00,22.625
2025-01-03T18:00:00,0.0
2025-01-03T19:00:00,0.0
2025-01-03T20:00:00,0.0
2025-01-03T21:00:00,0.0
2025-01-03T22:00:00,0.0
2025-01-03T23:00:00,0.0
2025-01-04T00:00:00,0.0
2025-01-04T01:00:00,0.0
2025-01-04T02:00:00,0.0
2025-01-04T03:00:00,0.0
2025-01-04T04:00:00,0.0
2025-01-04T05:00:00,0.0
2025-01-04T06:00:00,0.0
2025-01-04T07:00:00,22.662
2025-01-04T08:00:00,56.973
2025-01-04T09:00:00,92.553
2025-01-04T10:00:00,122.929
2025-01-04T11:00:00,143.229
2025-01-04T12:00:00,150.352
2025-01-04T13:00:00,143.229
2025-01-04T14:00:00,122.929
2025-01-04T15:00:00,92.553
2025-01-04T16:00:00,56.973
2025-01-04T17:00:00,22.662
2025-01-04T18:00:00,0.0
2025-01-04T19:00:00,0.0
2025-01-04T20:00:00,0.0
2025-01-04T21:00:00,0.0
2025-01-04T22:00:00,0.0
2025-01-04T23:00:00,0.0
2025-01-05T00:00:00,0.0
2025-01-05T01:00:00,0.0
2025-01-05T02:00:00,0.0
2025-01-05T03:00:00,0.0
2025-01-05T04:00:00,0.0
2025-01-05T05:00:00,0.0
2025-01-05T06:00:00,0.0
2025-01-05T07:00:00,22.703
2025-01-05T08:00:00,57.074
2025-01-05T09:00:00,92.717
2025-01-05T10:00:00,123.147
2025-01-05T11:00:00,143.484
2025-01-05T12:00:00,150.62
2025-01-05T13:00:00,143.484
2025-01-05T14:00:00,123.147
2025-01-05T15:00:00,92.717
2025-01-05T16:00:00,57.074
2025-01-05T17:00:00,22.703
2025-01-05T18:00:00,0.0
2025-01-05T19:00:00,0.0
2025-01-05T20:00:00,0.0
2025-01-05T21:00:00,0.0
2025-01-05T22:00:00,0.0
2025-01-05T23:00:00,0.0
2025-01-06T00:00:00,0.0
2025-01-06T01:00:00,0.0
2025-01-06T02:00:00,0.0
2025-01-06T03:00:00,0.0
2025-01-06T04:00:00,0.0
2025-01-06T05:00:00,0.0
2025-01-06T06:00:00,0.0
2025-01-06T07:00:00,22.746
2025-01-06T08:00:00,57.182
2025-01-06T09:00:00,92.893
2025-01-06T10:00:00,123.381
2025-01-06T11:00:00,143.756
2025-01-06T12:00:00,150.905
2025-01-06T13:00:00,143.756
2025-01-06T14:00:00,123.381
2025-01-06T15:00:00,92.893
2025-01-06T16:00:00,57.182
2025-01-06T17:00:00,22.746
2025-01-06T18:00:00,0.0
2025-01-06T19:00:00,0.0
2025-01-06T20:00:00,0.0
2025-01-06T21:00:00,0.0
2025-01-06T22:00:00,0.0
2025-01-06T23:00:00,0.0
2025-01-07T00:00:00,0.0
2025-01-07T01:00:00,0.0
2025-01-07T02:00:00,0.0
2025-01-07T03:00:00,0.0
2025-01-07T04:00:00,0.0
2025-01-07T05:00:00,0.0
2025-01-07T06:00:00,0.0
2025-01-07T07:00:00,22.791
2025-01-07T08:00:00,57.297
2025-01-07T09:00:00,93.079
2025-01-07T10:00:00,123.628
2025-01-07T11:00:00,144.044
2025-01-07T12:00:00,151.208
2025-01-07T13:00:00,144.044
2025-01-07T14:00:00,123.628
2025-01-07T15:00:00,93.079
2025-01-07T16:00:00,57.297
2025-01-07T17:00:00,22.791
2025-01-07T18:00:00,0.0
2025-01-07T19:00:00,0.0
2025-01-07T20:00:00,0.0
2025-01-07T21:00:00,0.0
2025-01-07T22:00:00,0.0
2025-01-07T23:00:00,0.0
2025-01-08T00:00:00,0.0
2025-01-08T01:00:00,0.0
2025-01-08T02:00:00,0.0
2025-01-08T03:00:00,0.0
2025-01-08T04:00:00,0.0
2025-01-08T05:00:00,0.0
2025-01-08T06:00:00,0.0
2025-01-08T07:00:00,22.84
2025-01-08T08:00:00,57.419
2025-01-08T09:00:00,93.277
2025-01-08T10:00:00,123.89
2025-01-08T11:00:00,144.349
2025-01-08T12:00:00,151.528
2025-01-08T13:00:00,144.349
2025-01-08T14:00:00,123.89
2025-01-08T15:00:00,93.277
2025-01-08T16:00:00,57.419
2025-01-08T17:00:00,22.84
2025-01-08T18:00:00,0.0
2025-01-08T19:00:00,0.0
2025-01-08T20:00:00,0.0
2025-01-08T21:00:00,0.0
2025-01-08T22:00:00,0.0
2025-01-08T23:00:00,0.0
2025-01-09T00:00:00,0.0
2025-01-09T01:00:00,0.0
2025-01-09T02:00:00,0.0
2025-01-09T03:00:00,0.0
2025-01-09T04:00:00,0.0
2025-01-09T05:00:00,0.0
2025-01-09T06:00:00,0.0
2025-01-09T07:00:00,22.891
2025-01-09T08:00:00,57.547
2025-01-09T09:00:00,93.485
2025-01-09T10:00:00,124.166
2025-01-09T11:00:00,144.671
2025-01-09T12:00:00,151.866
2025-01-09T13:00:00,144.671
2025-01-09T14:00:00,124.166
2025-01-09T15:00:00,93.485
2025-01-09T16:00:00,57.547
2025-01-09T17:00:00,22.891
2025-01-09T18:00:00,0.0
2025-01-09T19:00:00,0.0
2025-01-09T20:00:00,0.0
2025-01-09T21:00:00,0.0
2025-01-09T22:00:00,0.0
2025-01-09T23:00:00,0.0
2025-01-10T00:00:00,0.0
2025-01-10T01:00:00,0.0
2025-01-10T02:00:00,0.0
2025-01-10T03:00:00,0.0
2025-01-10T04:00:00,0.0
2025-01-10T05:00:00,0.0
2025-01-10T06:00:00,0.0
2025-01-10T07:00:00,22.944
2025-01-10T08:00:00,57.681
2025-01-10T09:00:00,93.703
2025-01-10T10:00:00,124.457
2025-01-10T11:00:00,145.01
2025-01-10T12:00:00,152.221
2025-01-10T13:00:00,145.01
2025-01-10T14:00:00,124.457
2025-01-10T15:00:00,93.703
2025-01-10T16:00:00,57.681
2025-01-10T17:00:00,22.944
2025-01-10T18:00:00,0.0
2025-01-10T19:00:00,0.0
2025-01-10T20:00:00,0.0
2025-01-10T21:00:00,0.0
2025-01-10T22:00:00,0.0
2025-01-10T23:00:00,0.0
2025-01-11T00:00:00,0.0
2025-01-11T01:00:00,0.0
2025-01-11T02:00:00,0.0
2025-01-11T03:00:00,0.0
2025-01-11T04:00:00,0.0
2025-01-11T05:00:00,0.0
2025-01-11T06:00:00,0.0
2025-01-11T07:00:00,23.0
2025-01-11T08:00:00,57.822
2025-01-11T09:00:00,93.933
2025-01-11T10:00:00,124.761
2025-01-11T11:00:00,145.364
2025-01-11T12:00:00,152.594
2025-01-11T13:00:00,145.364
2025-01-11T14:00:00,124.761
2025-01-11T15:00:00,93.933
2025-01-11T16:00:00,57.822
2025-01-11T17:00:00,23.0
2025-01-11T18:00:00,0.0
2025-01-11T19:00:00,0.0
2025-01-11T20:00:00,0.0
2025-01-11T21:00:00,0.0
2025-01-11T22:00:00,0.0
2025-01-11T23:00:00,0.0
2025-01-12T00:00:00,0.0
2025-01-12T01:00:00,0.0
2025-01-12T02:00:00,0.0
2025-01-12T03:00:00,0.0
2025-01-12T04:00:00,0.0
2025-01-12T05:00:00,0.0
2025-01-12T06:00:00,0.0
2025-01-12T07:00:00,23.059
2025-01-12T08:00:00,57.97
2025-01-12T09:00:00,94.172
2025-01-12T10:00:00,125.08
2025-01-12T11:00:00,145.736
2025-01-12T12:00:00,152.983
2025-01-12T13:00:00,145.736
2025-01-12T14:00:00,125.08
2025-01-12T15:00:00,94.172
2025-01-12T16:00:00,57.97
2025-01-12T17:00:00,23.059
2025-01-12T18:00:00,0.0
2025-01-12T19:00:00,0.0
2025-01-12T20:00:00,0.0
2025-01-12T21:00:00,0.0
2025-01-12T22:00:00,0.0
2025-01-12T23:00:00,0.0
2025-01-13T00:00:00,0.0
2025-01-13T01:00:00,0.0
2025-01-13T02:00:00,0.0
2025-01-13T03:00:00,0.0
2025-01-13T04:00:00,0.0
2025-01-13T05:00:00,0.0
2025-01-13T06:00:00,0.0
2025-01-13T07:00:00,23.12
2025-01-13T08:00:00,58.124
2025-01-13T09:00:00,94.423
2025-01-13T10:00:00,125.412
2025-01-13T11:00:00,146.123
2025-01-13T12:00:00,153.39
2025-01-13T13:00:00,146.123
2025-01-13T14:00:00,125.412
2025-01-13T15:00:00,94.423
2025-01-13T16:00:00,58.124
2025-01-13T17:00:00,23.12
2025-01-13T18:00:00,0.0
2025-01-13T19:00:00,0.0
2025-01-13T20:00:00,0.0
2025-01-13T21:00:00,0.0
2025-01-13T22:00:00,0.0
2025-01-13T23:00:00,0.0
2025-01-14T00:00:00,0.0
2025-01-14T01:00:00,0.0
2025-01-14T02:00:00,0.0
2025-01-14T03:00:00,0.0
2025-01-14T04:00:00,0.0
2025-01-14T05:00:00,0.0
2025-01-14T06:00:00,0.0
2025-01-14T07:00:00,23.184
2025-01-14T08:00:00,58.284
2025-01-14T09:00:00,94.683
2025-01-14T10:00:00,125.758
2025-01-14T11:00:00,146.526
2025-01-14T12:00:00,153.813
2025-01-14T13:00:00,146.526
2025-01-14T14:00:00,125.758
2025-01-14T15:00:00,94.683
2025-01-14T16:00:00,58.284
2025-01-14T17:00:00,23.184
2025-01-14T18:00:00,0.0
2025-01-14T19:00:00,0.0
2025-01-14T20:00:00,0.0
2025-01-14T21:00:00,0.0
2025-01-14T22:00:00,0.0
2025-01-14T23:00:00,0.0
2025-01-15T00:00:00,0.0
2025-01-15T01:00:00,0.0
2025-01-15T02:00:00,0.0
2025-01-15T03:00:00,0.0
2025-01-15T04:00:00,0.0
2025-01-15T05:00:00,0.0
2025-01-15T06:00:00,0.0
2025-01-15T07:00:00,23.25
2025-01-15T08:00:00,58.451
2025-01-15T09:00:00,94.954
2025-01-15T10:00:00,126.118
2025-01-15T11:00:00,146.946
2025-01-15T12:00:00,154.254
2025-01-15T13:00:00,146.946
2025-01-15T14:00:00,126.118
2025-01-15T15:00:00,94.954
2025-01-15T16:00:00,58.451
2025-01-15T17:00:00,23.25
2025-01-15T18:00:00,0.0
2025-01-15T19:00:00,0.0
2025-01-15T20:00:00,0.0
2025-01-15T21:00:00,0.0
2025-01-15T22:00:00,0.0
2025-01-15T23:00:00,0.0
2025-01-16T00:00:00,0.0
2025-01-16T01:00:00,0.0
2025-01-16T02:00:00,0.0
2025-01-16T03:00:00,0.0
2025-01-16T04:00:00,0.0
2025-01-16T05:00:00,0.0
2025-01-16T06:00:00,0.0
2025-01-16T07:00:00,23.319
2025-01-16T08:00:00,58.624
2025-01-16T09:00:00,95.235
2025-01-16T10:00:00,126.492
2025-01-16T11:00:00,147.381
2025-01-16T12:00:00,154.71
2025-01-16T13:00:00,147.381
2025-01-16T14:00:00,126.492
2025-01-16T15:00:00,95.235
2025-01-16T16:00:00,58.624
2025-01-16T17:00:00,23.319
2025-01-16T18:00:00,0.0
2025-01-16T19:00:00,0.0
2025-01-16T20:00:00,0.0
2025-01-16T21:00:00,0.0
2025-01-16T22:00:00,0.0
2025-01-16T23:00:00,0.0
2025-01-17T00:00:00,0.0
2025-01-17T01:00:00,0.0
2025-01-17T02:00:00,0.0
2025-01-17T03:00:00,0.0
2025-01-17T04:00:00,0.0
2025-01-17T05:00:00,0.0
2025-01-17T06:00:00,0.0
2025-01-17T07:00:00,23.391
2025-01-17T08:00:00,58.804
2025-01-17T09:00:00,95.527
2025-01-17T10:00:00,126.879
2025-01-17T11:00:00,147.832
2025-01-17T12:00:00,155.184
2025-01-17T13:00:00,147.832
2025-01-17T14:00:00,126.879
2025-01-17T15:00:00,95.527
2025-01-17T16:00:00,58.804
2025-01-17T17:00:00,23.391
2025-01-17T18:00:00,0.0
2025-01-17T19:00:00,0.0
2025-01-17T20:00:00,0.0
2025-01-17T21:00:00,0.0
2025-01-17T22:00:00,0.0
2025-01-17T23:00:00,0.0
2025-01-18T00:00:00,0.0
2025-01-18T01:00:00,0.0
2025-01-18T02:00:00,0.0
2025-01-18T03:00:00,0.0
2025-01-18T04:00:00,0.0
2025-01-18T05:00:00,0.0
2025-01-18T06:00:00,0.0
2025-01-18T07:00:00,23.464
2025-01-18T08:00:00,58.989
2025-01-18T09:00:00,95.828
2025-01-18T10:00:00,127.279
2025-01-18T11:00:00,148.298
2025-01-18T12:00:00,155.673
2025-01-18T13:00:00,148.298
2025-01-18T14:00:00,127.279
2025-01-18T15:00:00,95.828
2025-01-18T16:00:00,58.989
2025-01-18T17:00:00,23.464
2025-01-18T18:00:00,0.0
2025-01-18T19:00:00,0.0
2025-01-18T20:00:00,0.0
2025-01-18T21:00:00,0.0
2025-01-18T22:00:00,0.0
2025-01-18T23:00:00,0.0
2025-01-19T00:00:00,0.0
2025-01-19T01:00:00,0.0
2025-01-19T02:00:00,0.0
2025-01-19T03:00:00,0.0
2025-01-19T04:00:00,0.0
2025-01-19T05:00:00,0.0
2025-01-19T06:00:00,0.0
2025-01-19T07:00:00,23.541
2025-01-19T08:00:00,59.181
2025-01-19T09:00:00,96.14
2025-01-19T10:00:00,127.693
2025-01-19T11:00:00,148.78
2025-01-19T12:00:00,156.179
2025-01-19T13:00:00,148.78
2025-01-19T14:00:00,127.693
2025-01-19T15:00:00,96.14
2025-01-19T16:00:00,59.181
2025-01-19T17:00:00,23.541
2025-01-19T18:00:00,0.0
2025-01-19T19:00:00,0.0
2025-01-19T20:00:00,0.0
2025-01-19T21:00:00,0.0
2025-01-19T22:00:00,0.0
2025-01-19T23:00:00,0.0
2025-01-20T00:00:00,0.0
2025-01-20T01:00:00,0.0
2025-01-20T02:00:00,0.0
2025-01-20T03:00:00,0.0
2025-01-20T04:00:00,0.0
2025-01-20T05:00:00,0.0
2025-01-20T06:00:00,0.0
2025-01-20T07:00:00,23.619
2025-01-20T08:00:00,59.379
2025-01-20T09:00:00,96.461
2025-01-20T10:00:00,128.119
2025-01-20T11:00:00,149.277
2025-01-20T12:00:00,156.701
2025-01-20T13:00:00,149.277
2025-01-20T14:00:00,128.119
2025-01-20T15:00:00,96.461
2025-01-20T16:00:00,59.379
2025-01-20T17:00:00,23.619
2025-01-20T18:00:00,0.0
2025-01-20T19:00:00,0.0
2025-01-20T20:00:00,0.0
2025-01-20T21:00:00,0.0
2025-01-20T22:00:00,0.0
2025-01-20T23:00:00,0.0
2025-01-21T00:00:00,0.0
2025-01-21T01:00:00,0.0
2025-01-21T02:00:00,0.0
2025-01-21T03:00:00,0.0
2025-01-21T04:00:00,0.0
2025-01-21T05:00:00,0.0
2025-01-21T06:00:00,0.0
2025-01-21T07:00:00,23.7
2025-01-21T08:00:00,59.582
2025-01-21T09:00:00,96.792
2025-01-21T10:00:00,128.559
2025-01-21T11:00:00,149.79
2025-01-21T12:00:00,157.239
2025-01-21T13:00:00,149.79
2025-01-21T14:00:00,128.559
2025-01-21T15:00:00,96.792
2025-01-21T16:00:00,59.582
2025-01-21T17:00:00,23.7
2025-01-21T18:00:00,0.0
2025-01-21T19:00:00,0.0
2025-01-21T20:00:00,0.0
2025-01-21T21:00:00,0.0
2025-01-21T22:00:00,0.0
2025-01-21T23:00:00,0.0
2025-01-22T00:00:00,0.0
2025-01-22T01:00:00,0.0
2025-01-22T02:00:00,0.0
2025-01-22T03:00:00,0.0
2025-01-22T04:00:00,0.0
2025-01-22T05:00:00,0.0
2025-01-22T06:00:00,0.0
2025-01-22T07:00:00,23.784
2025-01-22T08:00:00,59.792
2025-01-22T09:00:00,97.133
2025-01-22T10:00:00,129.012
2025-01-22T11:00:00,150.317
2025-01-22T12:00:00,157.793
2025-01-22T13:00:00,150.317
2025-01-22T14:00:00,129.012
2025-01-22T15:00:00,97.133
2025-01-22T16:00:00,59.792
2025-01-22T17:00:00,23.784
2025-01-22T18:00:00,0.0
2025-01-22T19:00:00,0.0
2025-01-22T20:00:00,0.0
2025-01-22T21:00:00,0.0
2025-01-22T22:00:00,0.0
2025-01-22T23:00:00,0.0
2025-01-23T00:00:00,0.0
2025-01-23T01:00:00,0.0
2025-01-23T02:00:00,0.0
2025-01-23T03:00:00,0.0
2025-01-23T04:00:00,0.0
2025-01-23T05:00:00,0.0
2025-01-23T06:00:00,0.0
2025-01-23T07:00:00,23.87
2025-01-23T08:00:00,60.008
2025-01-23T09:00:00,97.483
2025-01-23T10:00:00,129.477
2025-01-23T11:00:00,150.859
2025-01-23T12:00:00,158.362
2025-01-23T13:00:00,150.859
2025-01-23T14:00:00,129.477
2025-01-23T15:00:00,97.483
2025-01-23T16:00:00,60.008
2025-01-23T17:00:00,23.87
2025-01-23T18:00:00,0.0
2025-01-23T19:00:00,0.0
2025-01-23T20:00:00,0.0
2025-01-23T21:00:00,0.0
2025-01-23T22:00:00,0.0
2025-01-23T23:00:00,0.0
2025-01-24T00:00:00,0.0
2025-01-24T01:00:00,0.0
2025-01-24T02:00:00,0.0
2025-01-24T03:00:00,0.0
2025-01-24T04:00:00,0.0
2025-01-24T05:00:00,0.0
2025-01-24T06:00:00,0.0
2025-01-24T07:00:00,23.958
2025-01-24T08:00:00,60.229
2025-01-24T09:00:00,97.843
2025-01-24T10:00:00,129.955
2025-01-24T11:00:00,151.416
2025-01-24T12:00:00,158.946
2025-01-24T13:00:00,151.416
2025-01-24T14:00:00,129.955
2025-01-24T15:00:00,97.843
2025-01-24T16:00:00,60.229
2025-01-24T17:00:00,23.958
2025-01-24T18:00:00,0.0
2025-01-24T19:00:00,0.0
2025-01-24T20:00:00,0.0
2025-01-24T21:00:00,0.0
2025-01-24T22:00:00,0.0
2025-01-24T23:00:00,0.0
2025-01-25T00:00:00,0.0
2025-01-25T01:00:00,0.0
2025-01-25T02:00:00,0.0
2025-01-25T03:00:00,0.0
2025-01-25T04:00:00,0.0
2025-01-25T05:00:00,0.0
2025-01-25T06:00:00,0.0
2025-01-25T07:00:00,24.048
2025-01-25T08:00:00,60.457
2025-01-25T09:00:00,98.212
2025-01-25T10:00:00,130.446
2025-01-25T11:00:00,151.987
2025-01-25T12:00:00,159.546
2025-01-25T13:00:00,151.987
2025-01-25T14:00:00,130.446
2025-01-25T15:00:00,98.212
2025-01-25T16:00:00,60.457
2025-01-25T17:00:00,24.048
2025-01-25T18:00:00,0.0
2025-01-25T19:00:00,0.0
2025-01-25T20:00:00,0.0
2025-01-25T21:00:00,0.0
2025-01-25T22:00:00,0.0
2025-01-25T23:00:00,0.0
2025-01-26T00:00:00,0.0
2025-01-26T01:00:00,0.0
2025-01-26T02:00:00,0.0
2025-01-26T03:00:00,0.0
2025-01-26T04:00:00,0.0
2025-01-26T05:00:00,0.0
2025-01-26T06:00:00,0.0
2025-01-26T07:00:00,24.141
2025-01-26T08:00:00,60.69
2025-01-26T09:00:00,98.591
2025-01-26T10:00:00,130.948
2025-01-26T11:00:00,152.573
2025-01-26T12:00:00,160.161
2025-01-26T13:00:00,152.573
2025-01-26T14:00:00,130.948
2025-01-26T15:00:00,98.591
2025-01-26T16:00:00,60.69
2025-01-26T17:00:00,24.141
2025-01-26T18:00:00,0.0
2025-01-26T19:00:00,0.0
2025-01-26T20:00:00,0.0
2025-01-26T21:00:00,0.0
2025-01-26T22:00:00,0.0
2025-01-26T23:00:00,0.0
2025-01-27T00:00:00,0.0
2025-01-27T01:00:00,0.0
2025-01-27T02:00:00,0.0
2025-01-27T03:00:00,0.0
2025-01-27T04:00:00,0.0
2025-01-27T05:00:00,0.0
2025-01-27T06:00:00,0.0
2025-01-27T07:00:00,24.236
2025-01-27T08:00:00,60.928
2025-01-27T09:00:00,98.978
2025-01-27T10:00:00,131.463
2025-01-27T11:00:00,153.173
2025-01-27T12:00:00,160.791
2025-01-27T13:00:00,153.173
2025-01-27T14:00:00,131.463
2025-01-27T15:00:00,98.978
2025-01-27T16:00:00,60.928
2025-01-27T17:00:00,24.236
2025-01-27T18:00:00,0.0
2025-01-27T19:00:00,0.0
2025-01-27T20:00:00,0.0
2025-01-27T21:00:00,0.0
2025-01-27T22:00:00,0.0
2025-01-27T23:00:00,0.0
2025-01-28T00:00:00,0.0
2025-01-28T01:00:00,0.0
2025-01-28T02:00:00,0.0
2025-01-28T03:00:00,0.0
2025-01-28T04:00:00,0.0
2025-01-28T05:00:00,0.0
2025-01-28T06:00:00,0.0
2025-01-28T07:00:00,24.333
2025-01-28T08:00:00,61.173
2025-01-28T09:00:00,99.375
2025-01-28T10:00:00,131.99
2025-01-28T11:00:00,153.787
2025-01-28T12:00:00,161.435
2025-01-28T13:00:00,153.787
2025-01-28T14:00:00,131.99
2025-01-28T15:00:00,99.375
2025-01-28T16:00:00,61.173
2025-01-28T17:00:00,24.333
2025-01-28T18:00:00,0.0
2025-01-28T19:00:00,0.0
2025-01-28T20:00:00,0.0
2025-01-28T21:00:00,0.0
2025-01-28T22:00:00,0.0
2025-01-28T23:00:00,0.0
2025-01-29T00:00:00,0.0
2025-01-29T01:00:00,0.0
2025-01-29T02:00:00,0.0
2025-01-29T03:00:00,0.0
2025-01-29T04:00:00,0.0
2025-01-29T05:00:00,0.0
2025-01-29T06:00:00,0.0
2025-01-29T07:00:00,24.432
2025-01-29T08:00:00,61.422
2025-01-29T09:00:00,99.781
2025-01-29T10:00:00,132.529
2025-01-29T11:00:00,154.415
2025-01-29T12:00:00,162.094
2025-01-29T13:00:00,154.415
2025-01-29T14:00:00,132.529
2025-01-29T15:00:00,99.781
2025-01-29T16:00:00,61.422
2025-01-29T17:00:00,24.432
2025-01-29T18:00:00,0.0
2025-01-29T19:00:00,0.0
2025-01-29T20:00:00,0.0
2025-01-29T21:00:00,0.0
2025-01-29T22:00:00,0.0
2025-01-29T23:00:00,0.0
2025-01-30T00:00:00,0.0
2025-01-30T01:00:00,0.0
2025-01-30T02:00:00,0.0
2025-01-30T03:00:00,0.0
2025-01-30T04:00:00,0.0
2025-01-30T05:00:00,0.0
2025-01-30T06:00:00,0.0
2025-01-30T07:00:00,24.534
2025-01-30T08:00:00,61.677
2025-01-30T09:00:00,100.195
2025-01-30T10:00:00,133.079
2025-01-30T11:00:00,155.056
2025-01-30T12:00:00,162.767
2025-01-30T13:00:00,155.056
2025-01-30T14:00:00,133.079
2025-01-30T15:00:00,100.195
2025-01-30T16:00:00,61.677
2025-01-30T17:00:00,24.534
2025-01-30T18:00:00,0.0
2025-01-30T19:00:00,0.0
2025-01-30T20:00:00,0.0
2025-01-30T21:00:00,0.0
2025-01-30T22:00:00,0.0
2025-01-30T23:00:00,0.0
2025-01-31T00:00:00,0.0
2025-01-31T01:00:00,0.0
2025-01-31T02:00:00,0.0
2025-01-31T03:00:00,0.0
2025-01-31T04:00:00,0.0
2025-01-31T05:00:00,0.0
2025-01-31T06:00:00,0.0
2025-01-31T07:00:00,24.637
2025-01-31T08:00:00,61.938
2025-01-31T09:00:00,100.618
2025-01-31T10:00:00,133.641
2025-01-31T11:00:00,155.711
2025-01-31T12:00:00,163.455
2025-01-31T13:00:00,155.711
2025-01-31T14:00:00,133.641
2025-01-31T15:00:00,100.618
2025-01-31T16:00:00,61.938
2025-01-31T17:00:00,24.637
2025-01-31T18:00:00,0.0
2025-01-31T19:00:00,0.0
2025-01-31T20:00:00,0.0
2025-01-31T21:00:00,0.0
2025-01-31T22:00:00,0.0
2025-01-31T23:00:00,0.0
2025-02-01T00:00:00,0.0
2025-02-01T01:00:00,0.0
2025-02-01T02:00:00,0.0
2025-02-01T03:00:00,0.0
2025-02-01T04:00:00,0.0
2025-02-01T05:00:00,0.0
2025-02-01T06:00:00,0.0
2025-02-01T07:00:00,24.743
2025-02-01T08:00:00,62.204
2025-02-01T09:00:00,101.05
2025-02-01T10:00:00,134.215
2025-02-01T11:00:00,156.379
2025-02-01T12:00:00,164.156
2025-02-01T13:00:00,156.379
2025-02-01T14:00:00,134.215
2025-02-01T15:00:00,101.05
2025-02-01T16:00:00,62.204
2025-02-01T17:00:00,24.743
2025-02-01T18:00:00,0.0
2025-02-01T19:00:00,0.0
2025-02-01T20:00:00,0.0
2025-02-01T21:00:00,0.0
2025-02-01T22:00:00,0.0
2025-02-01T23:00:00,0.0
2025-02-02T00:00:00,0.0
2025-02-02T01:00:00,0.0
2025-02-02T02:00:00,0.0
2025-02-02T03:00:00,0.0
2025-02-02T04:00:00,0.0
2025-02-02T05:00:00,0.0
2025-02-02T06:00:00,0.0
2025-02-02T07:00:00,24.851
2025-02-02T08:00:00,62.474
2025-02-02T09:00:00,101.49
2025-02-02T10:00:00,134.799
2025-02-02T11:00:00,157.06
2025-02-02T12:00:00,164.871
2025-02-02T13:00:00,157.06
2025-02-02T14:00:00,134.799
2025-02-02T15:00:00,101.49
2025-02-02T16:00:00,62.474
2025-02-02T17:00:00,24.851
2025-02-02T18:00:00,0.0
2025-02-02T19:00:00,0.0
2025-02-02T20:00:00,0.0
2025-02-02T21:00:00,0.0
2025-02-02T22:00:00,0.0
2025-02-02T23:00:00,0.0
2025-02-03T00:00:00,0.0
2025-02-03T01:00:00,0.0
2025-02-03T02:00:00,0.0
2025-02-03T03:00:00,0.0
2025-02-03T04:00:00,0.0
2025-02-03T05:00:00,0.0
2025-02-03T06:00:00,0.0
2025-02-03T07:00:00,24.961
2025-02-03T08:00:00,62.75
2025-02-03T09:00:00,101.938
2025-02-03T10:00:00,135.395
2025-02-03T11:00:00,157.754
2025-02-03T12:00:00,165.6
2025-02-03T13:00:00,157.754
2025-02-03T14:00:00,135.395
2025-02-03T15:00:00,101.938
2025-02-03T16:00:00,62.75
2025-02-03T17:00:00,24.961
2025-02-03T18:00:00,0.0
2025-02-03T19:00:00,0.0
2025-02-03T20:00:00,0.0
2025-02-03T21:00:00,0.0
2025-02-03T22:00:00,0.0
2025-02-03T23:00:00,0.0
2025-02-04T00:00:00,0.0
2025-02-04T01:00:00,0.0
2025-02-04T02:00:00,0.0
2025-02-04T03:00:00,0.0
2025-02-04T04:00:00,0.0
2025-02-04T05:00:00,0.0
2025-02-04T06:00:00,0.0
2025-02-04T07:00:00,25.072
2025-02-04T08:00:00,63.032
2025-02-04T09:00:00,102.395
2025-02-04T10:00:00,136.001
2025-02-04T11:00:00,158.461
2025-02-04T12:00:00,166.341
2025-02-04T13:00:00,158.461
2025-02-04T14:00:00,136.001
2025-02-04T15:00:00,102.395
2025-02-04T16:00:00,63.032
2025-02-04T17:00:00,25.072
2025-02-04T18:00:00,0.0
2025-02-04T19:00:00,0.0
2025-02-04T20:00:00,0.0
2025-02-04T21:00:00,0.0
2025-02-04T22:00:00,0.0
2025-02-04T23:00:00,0.0
2025-02-05T00:00:00,0.0
2025-02-05T01:00:00,0.0
2025-02-05T02:00:00,0.0
2025-02-05T03:00:00,0.0
2025-02-05T04:00:00,0.0
2025-02-05T05:00:00,0.0
2025-02-05T06:00:00,0.0
2025-02-05T07:00:00,25.186
2025-02-05T08:00:00,63.318
2025-02-05T09:00:00,102.86
2025-02-05T10:00:00,136.618
2025-02-05T11:00:00,159.18
2025-02-05T12:00:00,167.096
2025-02-05T13:00:00,159.18
2025-02-05T14:00:00,136.618
2025-02-05T15:00:00,102.86
2025-02-05T16:00:00,63.318
2025-02-05T17:00:00,25.186
2025-02-05T18:00:00,0.0
2025-02-05T19:00:00,0.0
2025-02-05T20:00:00,0.0
2025-02-05T21:00:00,0.0
2025-02-05T22:00:00,0.0
2025-02-05T23:00:00,0.0
2025-02-06T00:00:00,0.0
2025-02-06T01:00:00,0.0
2025-02-06T02:00:00,0.0
2025-02-06T03:00:00,0.0
2025-02-06T04:00:00,0.0
2025-02-06T05:00:00,0.0
2025-02-06T06:00:00,0.0
2025-02-06T07:00:00,25.302
2025-02-06T08:00:00,63.608
2025-02-06T09:00:00,103.332
2025-02-06T10:00:00,137.246
2025-02-06T11:00:00,159.911
2025-02-06T12:00:00,167.864
2025-02-06T13:00:00,159.911
2025-02-06T14:00:00,137.246
2025-02-06T15:00:00,103.332
2025-02-06T16:00:00,63.608
2025-02-06T17:00:00,25.302
2025-02-06T18:00:00,0.0
2025-02-06T19:00:00,0.0
2025-02-06T20:00:00,0.0
2025-02-06T21:00:00,0.0
2025-02-06T22:00:00,0.0
2025-02-06T23:00:00,0.0
2025-02-07T00:00:00,0.0
2025-02-07T01:00:00,0.0
2025-02-07T02:00:00,0.0
2025-02-07T03:00:00,0.0
2025-02-07T04:00:00,0.0
2025-02-07T05:00:00,0.0
2025-02-07T06:00:00,0.0
2025-02-07T07:00:00,25.419
2025-02-07T08:00:00,63.904
2025-02-07T09:00:00,103.812
2025-02-07T10:00:00,137.884
2025-02-07T11:00:00,160.654
2025-02-07T12:00:00,168.644
2025-02-07T13:00:00,160.654
2025-02-07T14:00:00,137.884
2025-02-07T15:00:00,103.812
2025-02-07T16:00:00,63.904
2025-02-07T17:00:00,25.419
2025-02-07T18:00:00,0.0
2025-02-07T19:00:00,0.0
2025-02-07T20:00:00,0.0
2025-02-07T21:00:00,0.0
2025-02-07T22:00:00,0.0
2025-02-07T23:00:00,0.0
2025-02-08T00:00:00,0.0
2025-02-08T01:00:00,0.0
2025-02-08T02:00:00,0.0
2025-02-08T03:00:00,0.0
2025-02-08T04:00:00,0.0
2025-02-08T05:00:00,0.0
2025-02-08T06:00:00,0.0
2025-02-08T07:00:00,25.539
2025-02-08T08:00:00,64.204
2025-02-08T09:00:00,104.3
2025-02-08T10:00:00,138.532
2025-02-08T11:00:00,161.409
2025-02-08T12:00:00,169.436
2025-02-08T13:00:00,161.409
2025-02-08T14:00:00,138.532
2025-02-08T15:00:00,104.3
2025-02-08T16:00:00,64.204
2025-02-08T17:00:00,25.539
2025-02-08T18:00:00,0.0
2025-02-08T19:00:00,0.0
2025-02-08T20:00:00,0.0
2025-02-08T21:00:00,0.0
2025-02-08T22:00:00,0.0
2025-02-08T23:00:00,0.0
2025-02-09T00:00:00,0.0
2025-02-09T01:00:00,0.0
2025-02-09T02:00:00,0.0
2025-02-09T03:00:00,0.0
2025-02-09T04:00:00,0.0
2025-02-09T05:00:00,0.0
2025-02-09T06:00:00,0.0
2025-02-09T07:00:00,25.66
2025-02-09T08:00:00,64.509
2025-02-09T09:00:00,104.796
2025-02-09T10:00:00,139.19
2025-02-09T11:00:00,162.176
2025-02-09T12:00:00,170.241
2025-02-09T13:00:00,162.176
2025-02-09T14:00:00,139.19
2025-02-09T15:00:00,104.796
2025-02-09T16:00:00,64.509
2025-02-09T17:00:00,25.66
2025-02-09T18:00:00,0.0
2025-02-09T19:00:00,0.0
2025-02-09T20:00:00,0.0
2025-02-09T21:00:00,0.0
2025-02-09T22:00:00,0.0
2025-02-09T23:00:00,0.0
2025-02-10T00:00:00,0.0
2025-02-10T01:00:00,0.0
2025-02-10T02:00:00,0.0
2025-02-10T03:00:00,0.0
2025-02-10T04:00:00,0.0
2025-02-10T05:00:00,0.0
2025-02-10T06:00:00,0.0
2025-02-10T07:00:00,25.783
2025-02-10T08:00:00,64.819
2025-02-10T09:00:00,105.298
2025-02-10T10:00:00,139.857
2025-02-10T11:00:00,162.954
2025-02-10T12:00:00,171.058
2025-02-10T13:00:00,162.954
2025-02-10T14:00:00,139.857
2025-02-10T15:00:00,105.298
2025-02-10T16:00:00,64.819
2025-02-10T17:00:00,25.783
2025-02-10T18:00:00,0.0
2025-02-10T19:00:00,0.0
2025-02-10T20:00:00,0.0
2025-02-10T21:00:00,0.0
2025-02-10T22:00:00,0.0
2025-02-10T23:00:00,0.0
2025-02-11T00:00:00,0.0
2025-02-11T01:00:00,0.0
2025-02-11T02:00:00,0.0
2025-02-11T03:00:00,0.0
2025-02-11T04:00:00,0.0
2025-02-11T05:00:00,0.0
2025-02-11T06:00:00,0.0
2025-02-11T07:00:00,25.908
2025-02-11T08:00:00,65.133
2025-02-11T09:00:00,105.808
2025-02-11T10:00:00,140.535
2025-02-11T11:00:00,163.743
2025-02-11T12:00:00,171.886
2025-02-11T13:00:00,163.743
2025-02-11T14:00:00,140.535
2025-02-11T15:00:00,105.808
2025-02-11T16:00:00,65.133
2025-02-11T17:00:00,25.908
2025-02-11T18:00:00,0.0
2025-02-11T19:00:00,0.0
2025-02-11T20:00:00,0.0
2025-02-11T21:00:00,0.0
2025-02-11T22:00:00,0.0
2025-02-11T23:00:00,0.0
2025-02-12T00:00:00,0.0
2025-02-12T01:00:00,0.0
2025-02-12T02:00:00,0.0
2025-02-12T03:00:00,0.0
2025-02-12T04:00:00,0.0
2025-02-12T05:00:00,0.0
2025-02-12T06:00:00,0.0
2025-02-12T07:00:00,26.035
2025-02-12T08:00:00,65.451
2025-02-12T09:00:00,106.325
2025-02-12T10:00:00,141.221
2025-02-12T11:00:00,164.542
2025-02-12T12:00:00,172.725
2025-02-12T13:00:00,164.542
2025-02-12T14:00:00,141.221
2025-02-12T15:00:00,106.325
2025-02-12T16:00:00,65.451
2025-02-12T17:00:00,26.035
2025-02-12T18:00:00,0.0
2025-02-12T19:00:00,0.0
2025-02-12T20:00:00,0.0
2025-02-12T21:00:00,0.0
2025-02-12T22:00:00,0.0
2025-02-12T23:00:00,0.0
2025-02-13T00:00:00,0.0
2025-02-13T01:00:00,0.0
2025-02-13T02:00:00,0.0
2025-02-13T03:00:00,0.0
2025-02-13T04:00:00,0.0
2025-02-13T05:00:00,0.0
2025-02-13T06:00:00,0.0
2025-02-13T07:00:00,26.163
2025-02-13T08:00:00,65.773
2025-02-13T09:00:00,106.849
2025-02-13T10:00:00,141.917
2025-02-13T11:00:00,165.353
2025-02-13T12:00:00,173.576
2025-02-13T13:00:00,165.353
2025-02-13T14:00:00,141.917
2025-02-13T15:00:00,106.849
2025-02-13T16:00:00,65.773
2025-02-13T17:00:00,26.163
2025-02-13T18:00:00,0.0
2025-02-13T19:00:00,0.0
2025-02-13T20:00:00,0.0
2025-02-13T21:00:00,0.0
2025-02-13T22:00:00,0.0
2025-02-13T23:00:00,0.0
2025-02-14T00:00:00,0.0
2025-02-14T01:00:00,0.0
2025-02-14T02:00:00,0.0
2025-02-14T03:00:00,0.0
2025-02-14T04:00:00,0.0
2025-02-14T05:00:00,0.0
2025-02-14T06:00:00,0.0
2025-02-14T07:00:00,26.293
2025-02-14T08:00:00,66.1
2025-02-14T09:00:00,107.379
2025-02-14T10:00:00,142.621
2025-02-14T11:00:00,166.174
2025-02-14T12:00:00,174.438
2025-02-14T13:00:00,166.174
2025-02-14T14:00:00,142.621
2025-02-14T15:00:00,107.379
2025-02-14T16:00:00,66.1
2025-02-14T17:00:00,26.293
2025-02-14T18:00:00,0.0
2025-02-14T19:00:00,0.0
2025-02-14T20:00:00,0.0
2025-02-14T21:00:00,0.0
2025-02-14T22:00:00,0.0
2025-02-14T23:00:00,0.0
2025-02-15T00:00:00,0.0
2025-02-15T01:00:00,0.0
2025-02-15T02:00:00,0.0
2025-02-15T03:00:00,0.0
2025-02-15T04:00:00,0.0
2025-02-15T05:00:00,0.0
2025-02-15T06:00:00,0.0
2025-02-15T07:00:00,26.424
2025-02-15T08:00:00,66.43
2025-02-15T09:00:00,107.916
2025-02-15T10:00:00,143.334
2025-02-15T11:00:00,167.005
2025-02-15T12:00:00,175.31
2025-02-15T13:00:00,167.005
2025-02-15T14:00:00,143.334
2025-02-15T15:00:00,107.916
2025-02-15T16:00:00,66.43
2025-02-15T17:00:00,26.424
2025-02-15T18:00:00,0.0
2025-02-15T19:00:00,0.0
2025-02-15T20:00:00,0.0
2025-02-15T21:00:00,0.0
2025-02-15T22:00:00,0.0
2025-02-15T23:00:00,0.0
2025-02-16T00:00:00,0.0
2025-02-16T01:00:00,0.0
2025-02-16T02:00:00,0.0
2025-02-16T03:00:00,0.0
2025-02-16T04:00:00,0.0
2025-02-16T05:00:00,0.0
2025-02-16T06:00:00,0.0
2025-02-16T07:00:00,26.557
2025-02-16T08:00:00,66.765
2025-02-16T09:00:00,108.46
2025-02-16T10:00:00,144.056
2025-02-16T11:00:00,167.846
2025-02-16T12:00:00,176.193
2025-02-16T13:00:00,167.846
2025-02-16T14:00:00,144.056
2025-02-16T15:00:00,108.46
2025-02-16T16:00:00,66.765
2025-02-16T17:00:00,26.557
2025-02-16T18:00:00,0.0
2025-02-16T19:00:00,0.0
2025-02-16T20:00:00,0.0
2025-02-16T21:00:00,0.0
2025-02-16T22:00:00,0.0
2025-02-16T23:00:00,0.0
2025-02-17T00:00:00,0.0
2025-02-17T01:00:00,0.0
2025-02-17T02:00:00,0.0
2025-02-17T03:00:00,0.0
2025-02-17T04:00:00,0.0
2025-02-17T05:00:00,0.0
2025-02-17T06:00:00,0.0
2025-02-17T07:00:00,26.692
2025-02-17T08:00:00,67.103
2025-02-17T09:00:00,109.009
2025-02-17T10:00:00,144.786
2025-02-17T11:00:00,168.696
2025-02-17T12:00:00,177.086
2025-02-17T13:00:00,168.696
2025-02-17T14:00:00,144.786
2025-02-17T15:00:00,109.009
2025-02-17T16:00:00,67.103
2025-02-17T17:00:00,26.692
2025-02-17T18:00:00,0.0
2025-02-17T19:00:00,0.0
2025-02-17T20:00:00,0.0
2025-02-17T21:00:00,0.0
2025-02-17T22:00:00,0.0
2025-02-17T23:00:00,0.0
2025-02-18T00:00:00,0.0
2025-02-18T01:00:00,0.0
2025-02-18T02:00:00,0.0
2025-02-18T03:00:00,0.0
2025-02-18T04:00:00,0.0
2025-02-18T05:00:00,0.0
2025-02-18T06:00:00,0.0
2025-02-18T07:00:00,26.828
2025-02-18T08:00:00,67.445
2025-02-18T09:00:00,109.565
2025-02-18T10:00:00,145.524
2025-02-18T11:00:00,169.556
2025-02-18T12:00:00,177.989
2025-02-18T13:00:00,169.556
2025-02-18T14:00:00,145.524
2025-02-18T15:00:00,109.565
2025-02-18T16:00:00,67.445
2025-02-18T17:00:00,26.828
2025-02-18T18:00:00,0.0
2025-02-18T19:00:00,0.0
2025-02-18T20:00:00,0.0
2025-02-18T21:00:00,0.0
2025-02-18T22:00:00,0.0
2025-02-18T23:00:00,0.0
2025-02-19T00:00:00,0.0
2025-02-19T01:00:00,0.0
2025-02-19T02:00:00,0.0
2025-02-19T03:00:00,0.0
2025-02-19T04:00:00,0.0
2025-02-19T05:00:00,0.0
2025-02-19T06:00:00,0.0
2025-02-19T07:00:00,26.965
2025-02-19T08:00:00,67.791
2025-02-19T09:00:00,110.126
2025-02-19T10:00:00,146.27
2025-02-19T11:00:00,170.425
2025-02-19T12:00:00,178.901
2025-02-19T13:00:00,170.425
2025-02-19T14:00:00,146.27
2025-02-19T15:00:00,110.126
2025-02-19T16:00:00,67.791
2025-02-19T17:00:00,26.965
2025-02-19T18:00:00,0.0
2025-02-19T19:00:00,0.0
2025-02-19T20:00:00,0.0
2025-02-19T21:00:00,0.0
2025-02-19T22:00:00,0.0
2025-02-19T23:00:00,0.0
2025-02-20T00:00:00,0.0
2025-02-20T01:00:00,0.0
2025-02-20T02:00:00,0.0
2025-02-20T03:00:00,0.0
2025-02-20T04:00:00,0.0
2025-02-20T05:00:00,0.0
2025-02-20T06:00:00,0.0
2025-02-20T07:00:00,27.104
2025-02-20T08:00:00,68.14
2025-02-20T09:00:00,110.694
2025-02-20T10:00:00,147.024
2025-02-20T11:00:00,171.303
2025-02-20T12:00:00,179.823
2025-02-20T13:00:00,171.303
2025-02-20T14:00:00,147.024
2025-02-20T15:00:00,110.694
2025-02-20T16:00:00,68.14
2025-02-20T17:00:00,27.104
2025-02-20T18:00:00,0.0
2025-02-20T19:00:00,0.0
2025-02-20T20:00:00,0.0
2025-02-20T21:00:00,0.0
2025-02-20T22:00:00,0.0
2025-02-20T23:00:00,0.0
2025-02-21T00:00:00,0.0
2025-02-21T01:00:00,0.0
2025-02-21T02:00:00,0.0
2025-02-21T03:00:00,0.0
2025-02-21T04:00:00,0.0
2025-02-21T05:00:00,0.0
2025-02-21T06:00:00,0.0
2025-02-21T07:00:00,27.245
2025-02-21T08:00:00,68.493
2025-02-21T09:00:00,111.267
2025-02-21T10:00:00,147.785
2025-02-21T11:00:00,172.19
2025-02-21T12:00:00,180.753
2025-02-21T13:00:00,172.19
2025-02-21T14:00:00,147.785
2025-02-21T15:00:00,111.267
2025-02-21T16:00:00,68.493
2025-02-21T17:00:00,27.245
2025-02-21T18:00:00,0.0
2025-02-21T19:00:00,0.0
2025-02-21T20:00:00,0.0
2025-02-21T21:00:00,0.0
2025-02-21T22:00:00,0.0
2025-02-21T23:00:00,0.0
2025-02-22T00:00:00,0.0
2025-02-22T01:00:00,0.0
2025-02-22T02:00:00,0.0
2025-02-22T03:00:00,0.0
2025-02-22T04:00:00,0.0
2025-02-22T05:00:00,0.0
2025-02-22T06:00:00,0.0
2025-02-22T07:00:00,27.386
2025-02-22T08:00:00,68.849
2025-02-22T09:00:00,111.845
2025-02-22T10:00:00,148.553
2025-02-22T11:00:00,173.085
2025-02-22T12:00:00,181.693
2025-02-22T13:00:00,173.085
2025-02-22T14:00:00,148.553
2025-02-22T15:00:00,111.845
2025-02-22T16:00:00,68.849
2025-02-22T17:00:00,27.386
2025-02-22T18:00:00,0.0
2025-02-22T19:00:00,0.0
2025-02-22T20:00:00,0.0
2025-02-22T21:00:00,0.0
2025-02-22T22:00:00,0.0
2025-02-22T23:00:00,0.0
2025-02-23T00:00:00,0.0
2025-02-23T01:00:00,0.0
2025-02-23T02:00:00,0.0
2025-02-23T03:00:00,0.0
2025-02-23T04:00:00,0.0
2025-02-23T05:00:00,0.0
2025-02-23T06:00:00,0.0
2025-02-23T07:00:00,27.529
2025-02-23T08:00:00,69.208
2025-02-23T09:00:00,112.429
2025-02-23T10:00:00,149.328
2025-02-23T11:00:00,173.988
2025-02-23T12:00:00,182.641
2025-02-23T13:00:00,173.988
2025-02-23T14:00:00,149.328
2025-02-23T15:00:00,112.429
2025-02-23T16:00:00,69.208
2025-02-23T17:00:00,27.529
2025-02-23T18:00:00,0.0
2025-02-23T19:00:00,0.0
2025-02-23T20:00:00,0.0
2025-02-23T21:00:00,0.0
2025-02-23T22:00:00,0.0
2025-02-23T23:00:00,0.0
2025-02-24T00:00:00,0.0
2025-02-24T01:00:00,0.0
2025-02-24T02:00:00,0.0
2025-02-24T03:00:00,0.0
2025-02-24T04:00:00,0.0
2025-02-24T05:00:00,0.0
2025-02-24T06:00:00,0.0
2025-02-24T07:00:00,27.673
2025-02-24T08:00:00,69.57
2025-02-24T09:00:00,113.017
2025-02-24T10:00:00,150.11
2025-02-24T11:00:00,174.899
2025-02-24T12:00:00,183.597
2025-02-24T13:00:00,174.899
2025-02-24T14:00:00,150.11
2025-02-24T15:00:00,113.017
2025-02-24T16:00:00,69.57
2025-02-24T17:00:00,27.673
2025-02-24T18:00:00,0.0
2025-02-24T19:00:00,0.0
2025-02-24T20:00:00,0.0
2025-02-24T21:00:00,0.0
2025-02-24T22:00:00,0.0
2025-02-24T23:00:00,0.0
2025-02-25T00:00:00,0.0
2025-02-25T01:00:00,0.0
2025-02-25T02:00:00,0.0
2025-02-25T03:00:00,0.0
2025-02-25T04:00:00,0.0
2025-02-25T05:00:00,0.0
2025-02-25T06:00:00,0.0
2025-02-25T07:00:00,27.819
2025-02-25T08:00:00,69.936
2025-02-25T09:00:00,113.611
2025-02-25T10:00:00,150.898
2025-02-25T11:00:00,175.817
2025-02-25T12:00:00,184.561
2025-02-25T13:00:00,175.817
2025-02-25T14:00:00,150.898
2025-02-25T15:00:00,113.611
2025-02-25T16:00:00,69.936
2025-02-25T17:00:00,27.819
2025-02-25T18:00:00,0.0
2025-02-25T19:00:00,0.0
2025-02-25T20:00:00,0.0
2025-02-25T21:00:00,0.0
2025-02-25T22:00:00,0.0
2025-02-25T23:00:00,0.0
2025-02-26T00:00:00,0.0
2025-02-26T01:00:00,0.0
2025-02-26T02:00:00,0.0
2025-02-26T03:00:00,0.0
2025-02-26T04:00:00,0.0
2025-02-26T05:00:00,0.0
2025-02-26T06:00:00,0.0
2025-02-26T07:00:00,27.965
2025-02-26T08:00:00,70.304
2025-02-26T09:00:00,114.209
2025-02-26T10:00:00,151.692
2025-02-26T11:00:00,176.743
2025-02-26T12:00:00,185.533
2025-02-26T13:00:00,176.743
2025-02-26T14:00:00,151.692
2025-02-26T15:00:00,114.209
2025-02-26T16:00:00,70.304
2025-02-26T17:00:00,27.965
2025-02-26T18:00:00,0.0
2025-02-26T19:00:00,0.0
2025-02-26T20:00:00,0.0
2025-02-26T21:00:00,0.0
2025-02-26T22:00:00,0.0
2025-02-26T23:00:00,0.0
2025-02-27T00:00:00,0.0
2025-02-27T01:00:00,0.0
2025-02-27T02:00:00,0.0
2025-02-27T03:00:00,0.0
2025-02-27T04:00:00,0.0
2025-02-27T05:00:00,0.0
2025-02-27T06:00:00,0.0
2025-02-27T07:00:00,28.113
2025-02-27T08:00:00,70.675
2025-02-27T09:00:00,114.812
2025-02-27T10:00:00,152.493
2025-02-27T11:00:00,177.676
2025-02-27T12:00:00,186.512
2025-02-27T13:00:00,177.676
2025-02-27T14:00:00,152.493
2025-02-27T15:00:00,114.812
2025-02-27T16:00:00,70.675
2025-02-27T17:00:00,28.113
2025-02-27T18:00:00,0.0
2025-02-27T19:00:00,0.0
2025-02-27T20:00:00,0.0
2025-02-27T21:00:00,0.0
2025-02-27T22:00:00,0.0
2025-02-27T23:00:00,0.0
2025-02-28T00:00:00,0.0
2025-02-28T01:00:00,0.0
2025-02-28T02:00:00,0.0
2025-02-28T03:00:00,0.0
2025-02-28T04:00:00,0.0
2025-02-28T05:00:00,0.0
2025-02-28T06:00:00,0.0
2025-02-28T07:00:00,28.261
2025-02-28T08:00:00,71.049
2025-02-28T09:00:00,115.419
2025-02-28T10:00:00,153.299
2025-02-28T11:00:00,178.615
2025-02-28T12:00:00,187.498
2025-02-28T13:00:00,178.615
2025-02-28T14:00:00,153.299
2025-02-28T15:00:00,115.419
2025-02-28T16:00:00,71.049
2025-02-28T17:00:00,28.261
2025-02-28T18:00:00,0.0
2025-02-28T19:00:00,0.0
2025-02-28T20:00:00,0.0
2025-02-28T21:00:00,0.0
2025-02-28T22:00:00,0.0
2025-02-28T23:00:00,0.0
2025-03-01T00:00:00,0.0
2025-03-01T01:00:00,0.0
2025-03-01T02:00:00,0.0
2025-03-01T03:00:00,0.0
2025-03-01T04:00:00,0.0
2025-03-01T05:00:00,0.0
2025-03-01T06:00:00,0.0
2025-03-01T07:00:00,28.411
2025-03-01T08:00:00,71.425
2025-03-01T09:00:00,116.03
2025-03-01T10:00:00,154.111
2025-03-01T11:00:00,179.561
2025-03-01T12:00:00,188.491
2025-03-01T13:00:00,179.561
2025-03-01T14:00:00,154.111
2025-03-01T15:00:00,116.03
2025-03-01T16:00:00,71.425
2025-03-01T17:00:00,28.411
2025-03-01T18:00:00,0.0
2025-03-01T19:00:00,0.0
2025-03-01T20:00:00,0.0
2025-03-01T21:00:00,0.0
2025-03-01T22:00:00,0.0
2025-03-01T23:00:00,0.0
2025-03-02T00:00:00,0.0
2025-03-02T01:00:00,0.0
2025-03-02T02:00:00,0.0
2025-03-02T03:00:00,0.0
2025-03-02T04:00:00,0.0
2025-03-02T05:00:00,0.0
2025-03-02T06:00:00,0.0
2025-03-02T07:00:00,28.562
2025-03-02T08:00:00,71.804
2025-03-02T09:00:00,116.645
2025-03-02T10:00:00,154.928
2025-03-02T11:00:00,180.513
2025-03-02T12:00:00,189.491
2025-03-02T13:00:00,180.513
2025-03-02T14:00:00,154.928
2025-03-02T15:00:00,116.645
2025-03-02T16:00:00,71.804
2025-03-02T17:00:00,28.562
2025-03-02T18:00:00,0.0
2025-03-02T19:00:00,0.0
2025-03-02T20:00:00,0.0
2025-03-02T21:00:00,0.0
2025-03-02T22:00:00,0.0
2025-03-02T23:00:00,0.0
2025-03-03T00:00:00,0.0
2025-03-03T01:00:00,0.0
2025-03-03T02:00:00,0.0
2025-03-03T03:00:00,0.0
2025-03-03T04:00:00,0.0
2025-03-03T05:00:00,0.0
2025-03-03T06:00:00,0.0
2025-03-03T07:00:00,28.713
2025-03-03T08:00:00,72.185
2025-03-03T09:00:00,117.264
2025-03-03T10:00:00,155.751
2025-03-03T11:00:00,181.471
2025-03-03T12:00:00,190.496
2025-03-03T13:00:00,181.471
2025-03-03T14:00:00,155.751
2025-03-03T15:00:00,117.264
2025-03-03T16:00:00,72.185
2025-03-03T17:00:00,28.713
2025-03-03T18:00:00,0.0
2025-03-03T19:00:00,0.0
2025-03-03T20:00:00,0.0
2025-03-03T21:00:00,0.0
2025-03-03T22:00:00,0.0
2025-03-03T23:00:00,0.0
2025-03-04T00:00:00,0.0
2025-03-04T01:00:00,0.0
2025-03-04T02:00:00,0.0
2025-03-04T03:00:00,0.0
2025-03-04T04:00:00,0.0
2025-03-04T05:00:00,0.0
2025-03-04T06:00:00,0.0
2025-03-04T07:00:00,28.866
2025-03-04T08:00:00,72.568
2025-03-04T09:00:00,117.887
2025-03-04T10:00:00,156.578
2025-03-04T11:00:00,182.435
2025-03-04T12:00:00,191.508
2025-03-04T13:00:00,182.435
2025-03-04T14:00:00,156.578
2025-03-04T15:00:00,117.887
2025-03-04T16:00:00,72.568
2025-03-04T17:00:00,28.866
2025-03-04T18:00:00,0.0
2025-03-04T19:00:00,0.0
2025-03-04T20:00:00,0.0
2025-03-04T21:00:00,0.0
2025-03-04T22:00:00,0.0
2025-03-04T23:00:00,0.0
2025-03-05T00:00:00,0.0
2025-03-05T01:00:00,0.0
2025-03-05T02:00:00,0.0
2025-03-05T03:00:00,0.0
2025-03-05T04:00:00,0.0
2025-03-05T05:00:00,0.0
2025-03-05T06:00:00,0.0
2025-03-05T07:00:00,29.019
2025-03-05T08:00:00,72.953
2025-03-05T09:00:00,118.513
2025-03-05T10:00:00,157.409
2025-03-05T11:00:00,183.404
2025-03-05T12:00:00,192.525
2025-03-05T13:00:00,183.404
2025-03-05T14:00:00,157.409
2025-03-05T15:00:00,118.513
2025-03-05T16:00:00,72.953
2025-03-05T17:00:00,29.019
2025-03-05T18:00:00,0.0
2025-03-05T19:00:00,0.0
2025-03-05T20:00:00,0.0
2025-03-05T21:00:00,0.0
2025-03-05T22:00:00,0.0
2025-03-05T23:00:00,0.0
2025-03-06T00:00:00,0.0
2025-03-06T01:00:00,0.0
2025-03-06T02:00:00,0.0
2025-03-06T03:00:00,0.0
2025-03-06T04:00:00,0.0
2025-03-06T05:00:00,0.0
2025-03-06T06:00:00,0.0
2025-03-06T07:00:00,29.173
2025-03-06T08:00:00,73.341
2025-03-06T09:00:00,119.143
2025-03-06T10:00:00,158.245
2025-03-06T11:00:00,184.378
2025-03-06T12:00:00,193.548
2025-03-06T13:00:00,184.378
2025-03-06T14:00:00,158.245
2025-03-06T15:00:00,119.143
2025-03-06T16:00:00,73.341
2025-03-06T17:00:00,29.173
2025-03-06T18:00:00,0.0
2025-03-06T19:00:00,0.0
2025-03-06T20:00:00,0.0
2025-03-06T21:00:00,0.0
2025-03-06T22:00:00,0.0
2025-03-06T23:00:00,0.0
2025-03-07T00:00:00,0.0
2025-03-07T01:00:00,0.0
2025-03-07T02:00:00,0.0
2025-03-07T03:00:00,0.0
2025-03-07T04:00:00,0.0
2025-03-07T05:00:00,0.0
2025-03-07T06:00:00,0.0
2025-03-07T07:00:00,29.328
2025-03-07T08:00:00,73.73
2025-03-07T09:00:00,119.775
2025-03-07T10:00:00,159.085
2025-03-07T11:00:00,185.357
2025-03-07T12:00:00,194.575
2025-03-07T13:00:00,185.357
2025-03-07T14:00:00,159.085
2025-03-07T15:00:00,119.775
2025-03-07T16:00:00,73.73
2025-03-07T17:00:00,29.328
2025-03-07T18:00:00,0.0
2025-03-07T19:00:00,0.0
2025-03-07T20:00:00,0.0
2025-03-07T21:00:00,0.0
2025-03-07T22:00:00,0.0
2025-03-07T23:00:00,0.0
2025-03-08T00:00:00,0.0
2025-03-08T01:00:00,0.0
2025-03-08T02:00:00,0.0
2025-03-08T03:00:00,0.0
2025-03-08T04:00:00,0.0
2025-03-08T05:00:00,0.0
2025-03-08T06:00:00,0.0
2025-03-08T07:00:00,29.484
2025-03-08T08:00:00,74.121
2025-03-08T09:00:00,120.41
2025-03-08T10:00:00,159.929
2025-03-08T11:00:00,186.34
2025-03-08T12:00:00,195.607
2025-03-08T13:00:00,186.34
2025-03-08T14:00:00,159.929
2025-03-08T15:00:00,120.41
2025-03-08T16:00:00,74.121
2025-03-08T17:00:00,29.484
2025-03-08T18:00:00,0.0
2025-03-08T19:00:00,0.0
2025-03-08T20:00:00,0.0
2025-03-08T21:00:00,0.0
2025-03-08T22:00:00,0.0
2025-03-08T23:00:00,0.0
2025-03-09T00:00:00,0.0
2025-03-09T01:00:00,0.0
2025-03-09T02:00:00,0.0
2025-03-09T03:00:00,0.0
2025-03-09T04:00:00,0.0
2025-03-09T05:00:00,0.0
2025-03-09T06:00:00,0.0
2025-03-09T07:00:00,29.64
2025-03-09T08:00:00,74.514
2025-03-09T09:00:00,121.048
2025-03-09T10:00:00,160.777
2025-03-09T11:00:00,187.327
2025-03-09T12:00:00,196.644
2025-03-09T13:00:00,187.327
2025-03-09T14:00:00,160.777
2025-03-09T15:00:00,121.048
2025-03-09T16:00:00,74.514
2025-03-09T17:00:00,29.64
2025-03-09T18:00:00,0.0
2025-03-09T19:00:00,0.0
2025-03-09T20:00:00,0.0
2025-03-09T21:00:00,0.0
2025-03-09T22:00:00,0.0
2025-03-09T23:00:00,0.0
2025-03-10T00:00:00,0.0
2025-03-10T01:00:00,0.0
2025-03-10T02:00:00,0.0
2025-03-10T03:00:00,0.0
2025-03-10T04:00:00,0.0
2025-03-10T05:00:00,0.0
2025-03-10T06:00:00,0.0
2025-03-10T07:00:00,29.797
2025-03-10T08:00:00,74.908
2025-03-10T09:00:00,121.689
2025-03-10T10:00:00,161.627
2025-03-10T11:00:00,188.319
2025-03-10T12:00:00,197.684
2025-03-10T13:00:00,188.319
2025-03-10T14:00:00,161.627
2025-03-10T15:00:00,121.689
2025-03-10T16:00:00,74.908
2025-03-10T17:00:00,29.797
2025-03-10T18:00:00,0.0
2025-03-10T19:00:00,0.0
2025-03-10T20:00:00,0.0
2025-03-10T21:00:00,0.0
2025-03-10T22:00:00,0.0
2025-03-10T23:00:00,0.0
2025-03-11T00:00:00,0.0
2025-03-11T01:00:00,0.0
2025-03-11T02:00:00,0.0
2025-03-11T03:00:00,0.0
2025-03-11T04:00:00,0.0
2025-03-11T05:00:00,0.0
2025-03-11T06:00:00,0.0
2025-03-11T07:00:00,29.954
2025-03-11T08:00:00,75.304
2025-03-11T09:00:00,122.332
2025-03-11T10:00:00,162.481
2025-03-11T11:00:00,189.313
2025-03-11T12:00:00,198.728
2025-03-11T13:00:00,189.313
2025-03-11T14:00:00,162.481
2025-03-11T15:00:00,122.332
2025-03-11T16:00:00,75.304
2025-03-11T17:00:00,29.954
2025-03-11T18:00:00,0.0
2025-03-11T19:00:00,0.0
2025-03-11T20:00:00,0.0
2025-03-11T21:00:00,0.0
2025-03-11T22:00:00,0.0
2025-03-11T23:00:00,0.0
2025-03-12T00:00:00,0.0
2025-03-12T01:00:00,0.0
2025-03-12T02:00:00,0.0
2025-03-12T03:00:00,0.0
2025-03-12T04:00:00,0.0
2025-03-12T05:00:00,0.0
2025-03-12T06:00:00,0.0
2025-03-12T07:00:00,30.112
2025-03-12T08:00:00,75.701
2025-03-12T09:00:00,122.977
2025-03-12T10:00:00,163.338
2025-03-12T11:00:00,190.312
2025-03-12T12:00:00,199.776
2025-03-12T13:00:00,190.312
2025-03-12T14:00:00,163.338
2025-03-12T15:00:00,122.977
2025-03-12T16:00:00,75.701
2025-03-12T17:00:00,30.112
2025-03-12T18:00:00,0.0
2025-03-12T19:00:00,0.0
2025-03-12T20:00:00,0.0
2025-03-12T21:00:00,0.0
2025-03-12T22:00:00,0.0
2025-03-12T23:00:00,0.0
2025-03-13T00:00:00,0.0
2025-03-13T01:00:00,0.0
2025-03-13T02:00:00,0.0
2025-03-13T03:00:00,0.0
2025-03-13T04:00:00,0.0
2025-03-13T05:00:00,0.0
2025-03-13T06:00:00,0.0
2025-03-13T07:00:00,30.27
2025-03-13T08:00:00,76.099
2025-03-13T09:00:00,123.624
2025-03-13T10:00:00,164.197
2025-03-13T11:00:00,191.313
2025-03-13T12:00:00,200.827
2025-03-13T13:00:00,191.313
2025-03-13T14:00:00,164.197
2025-03-13T15:00:00,123.624
2025-03-13T16:00:00,76.099
2025-03-13T17:00:00,30.27
2025-03-13T18:00:00,0.0
2025-03-13T19:00:00,0.0
2025-03-13T20:00:00,0.0
2025-03-13T21:00:00,0.0
2025-03-13T22:00:00,0.0
2025-03-13T23:00:00,0.0
2025-03-14T00:00:00,0.0
2025-03-14T01:00:00,0.0
2025-03-14T02:00:00,0.0
2025-03-14T03:00:00,0.0
2025-03-14T04:00:00,0.0
2025-03-14T05:00:00,0.0
2025-03-14T06:00:00,0.0
2025-03-14T07:00:00,30.429
2025-03-14T08:00:00,76.499
2025-03-14T09:00:00,124.272
2025-03-14T10:00:00,165.059
2025-03-14T11:00:00,192.316
2025-03-14T12:00:00,201.881
2025-03-14T13:00:00,192.316
2025-03-14T14:00:00,165.059
2025-03-14T15:00:00,124.272
2025-03-14T16:00:00,76.499
2025-03-14T17:00:00,30.429
2025-03-14T18:00:00,0.0
2025-03-14T19:00:00,0.0
2025-03-14T20:00:00,0.0
2025-03-14T21:00:00,0.0
2025-03-14T22:00:00,0.0
2025-03-14T23:00:00,0.0
2025-03-15T00:00:00,0.0
2025-03-15T01:00:00,0.0
2025-03-15T02:00:00,0.0
2025-03-15T03:00:00,0.0
2025-03-15T04:00:00,0.0
2025-03-15T05:00:00,0.0
2025-03-15T06:00:00,0.0
2025-03-15T07:00:00,30.588
2025-03-15T08:00:00,76.899
2025-03-15T09:00:00,124.922
2025-03-15T10:00:00,165.922
2025-03-15T11:00:00,193.323
2025-03-15T12:00:00,202.937
2025-03-15T13:00:00,193.323
2025-03-15T14:00:00,165.922
2025-03-15T15:00:00,124.922
2025-03-15T16:00:00,76.899
2025-03-15T17:00:00,30.588
2025-03-15T18:00:00,0.0
2025-03-15T19:00:00,0.0
2025-03-15T20:00:00,0.0
2025-03-15T21:00:00,0.0
2025-03-15T22:00:00,0.0
2025-03-15T23:00:00,0.0
2025-03-16T00:00:00,0.0
2025-03-16T01:00:00,0.0
2025-03-16T02:00:00,0.0
2025-03-16T03:00:00,0.0
2025-03-16T04:00:00,0.0
2025-03-16T05:00:00,0.0
2025-03-16T06:00:00,0.0
2025-03-16T07:00:00,30.748
2025-03-16T08:00:00,77.3
2025-03-16T09:00:00,125.574
2025-03-16T10:00:00,166.788
2025-03-16T11:00:00,194.331
2025-03-16T12:00:00,203.996
2025-03-16T13:00:00,194.331
2025-03-16T14:00:00,166.788
2025-03-16T15:00:00,125.574
2025-03-16T16:00:00,77.3
2025-03-16T17:00:00,30.748
2025-03-16T18:00:00,0.0
2025-03-16T19:00:00,0.0
2025-03-16T20:00:00,0.0
2025-03-16T21:00:00,0.0
2025-03-16T22:00:00,0.0
2025-03-16T23:00:00,0.0
2025-03-17T00:00:00,0.0
2025-03-17T01:00:00,0.0
2025-03-17T02:00:00,0.0
2025-03-17T03:00:00,0.0
2025-03-17T04:00:00,0.0
2025-03-17T05:00:00,0.0
2025-03-17T06:00:00,0.0
2025-03-17T07:00:00,30.908
2025-03-17T08:00:00,77.702
2025-03-17T09:00:00,126.227
2025-03-17T10:00:00,167.654
2025-03-17T11:00:00,195.341
2025-03-17T12:00:00,205.056
2025-03-17T13:00:00,195.341
2025-03-17T14:00:00,167.654
2025-03-17T15:00:00,126.227
2025-03-17T16:00:00,77.702
2025-03-17T17:00:00,30.908
2025-03-17T18:00:00,0.0
2025-03-17T19:00:00,0.0
2025-03-17T20:00:00,0.0
2025-03-17T21:00:00,0.0
2025-03-17T22:00:00,0.0
2025-03-17T23:00:00,0.0
2025-03-18T00:00:00,0.0
2025-03-18T01:00:00,0.0
2025-03-18T02:00:00,0.0
2025-03-18T03:00:00,0.0
2025-03-18T04:00:00,0.0
2025-03-18T05:00:00,0.0
2025-03-18T06:00:00,0.0
2025-03-18T07:00:00,31.068
2025-03-18T08:00:00,78.104
2025-03-18T09:00:00,126.88
2025-03-18T10:00:00,168.523
2025-03-18T11:00:00,196.353
2025-03-18T12:00:00,206.118
2025-03-18T13:00:00,196.353
2025-03-18T14:00:00,168.523
2025-03-18T15:00:00,126.88
2025-03-18T16:00:00,78.104
2025-03-18T17:00:00,31.068
2025-03-18T18:00:00,0.0
2025-03-18T19:00:00,0.0
2025-03-18T20:00:00,0.0
2025-03-18T21:00:00,0.0
2025-03-18T22:00:00,0.0
2025-03-18T23:00:00,0.0
2025-03-19T00:00:00,0.0
2025-03-19T01:00:00,0.0
2025-03-19T02:00:00,0.0
2025-03-19T03:00:00,0.0
2025-03-19T04:00:00,0.0
2025-03-19T05:00:00,0.0
2025-03-19T06:00:00,0.0
2025-03-19T07:00:00,31.228
2025-03-19T08:00:00,78.507
2025-03-19T09:00:00,127.535
2025-03-19T10:00:00,169.392
2025-03-19T11:00:00,197.366
2025-03-19T12:00:00,207.181
2025-03-19T13:00:00,197.366
2025-03-19T14:00:00,169.392
2025-03-19T15:00:00,127.535
2025-03-19T16:00:00,78.507
2025-03-19T17:00:00,31.228
2025-03-19T18:00:00,0.0
2025-03-19T19:00:00,0.0
2025-03-19T20:00:00,0.0
2025-03-19T21:00:00,0.0
2025-03-19T22:00:00,0.0
2025-03-19T23:00:00,0.0
2025-03-20T00:00:00,0.0
2025-03-20T01:00:00,0.0
2025-03-20T02:00:00,0.0
2025-03-20T03:00:00,0.0
2025-03-20T04:00:00,0.0
2025-03-20T05:00:00,0.0
2025-03-20T06:00:00,0.0
2025-03-20T07:00:00,31.388
2025-03-20T08:00:00,78.91
2025-03-20T09:00:00,128.19
2025-03-20T10:00:00,170.262
2025-03-20T11:00:00,198.379
2025-03-20T12:00:00,208.245
2025-03-20T13:00:00,198.379
2025-03-20T14:00:00,170.262
2025-03-20T15:00:00,128.19
2025-03-20T16:00:00,78.91
2025-03-20T17:00:00,31.388
2025-03-20T18:00:00,0.0
2025-03-20T19:00:00,0.0
2025-03-20T20:00:00,0.0
2025-03-20T21:00:00,0.0
2025-03-20T22:00:00,0.0
2025-03-20T23:00:00,0.0
2025-03-21T00:00:00,0.0
2025-03-21T01:00:00,0.0
2025-03-21T02:00:00,0.0
2025-03-21T03:00:00,0.0
2025-03-21T04:00:00,0.0
2025-03-21T05:00:00,0.0
2025-03-21T06:00:00,0.0
2025-03-21T07:00:00,31.549
2025-03-21T08:00:00,79.314
2025-03-21T09:00:00,128.845
2025-03-21T10:00:00,171.133
2025-03-21T11:00:00,199.394
2025-03-21T12:00:00,209.31
2025-03-21T13:00:00,199.394
2025-03-21T14:00:00,171.133
2025-03-21T15:00:00,128.845
2025-03-21T16:00:00,79.314
2025-03-21T17:00:00,31.549
2025-03-21T18:00:00,0.0
2025-03-21T19:00:00,0.0
2025-03-21T20:00:00,0.0
2025-03-21T21:00:00,0.0
2025-03-21T22:00:00,0.0
2025-03-21T23:00:00,0.0
2025-03-22T00:00:00,0.0
2025-03-22T01:00:00,0.0
2025-03-22T02:00:00,0.0
2025-03-22T03:00:00,0.0
2025-03-22T04:00:00,0.0
2025-03-22T05:00:00,0.0
2025-03-22T06:00:00,0.0
2025-03-22T07:00:00,31.709
2025-03-22T08:00:00,79.717
2025-03-22T09:00:00,129.501
2025-03-22T10:00:00,172.003
2025-03-22T11:00:00,200.408
2025-03-22T12:00:00,210.375
2025-03-22T13:00:00,200.408
2025-03-22T14:00:00,172.003
2025-03-22T15:00:00,129.501
2025-03-22T16:00:00,79.717
2025-03-22T17:00:00,31.709
2025-03-22T18:00:00,0.0
2025-03-22T19:00:00,0.0
2025-03-22T20:00:00,0.0
2025-03-22T21:00:00,0.0
2025-03-22T22:00:00,0.0
2025-03-22T23:00:00,0.0
2025-03-23T00:00:00,0.0
2025-03-23T01:00:00,0.0
2025-03-23T02:00:00,0.0
2025-03-23T03:00:00,0.0
2025-03-23T04:00:00,0.0
2025-03-23T05:00:00,0.0
2025-03-23T06:00:00,0.0
2025-03-23T07:00:00,31.87
2025-03-23T08:00:00,80.121
2025-03-23T09:00:00,130.157
2025-03-23T10:00:00,172.874
2025-03-23T11:00:00,201.423
2025-03-23T12:00:00,211.44
2025-03-23T13:00:00,201.423
2025-03-23T14:00:00,172.874
2025-03-23T15:00:00,130.157
2025-03-23T16:00:00,80.121
2025-03-23T17:00:00,31.87
2025-03-23T18:00:00,0.0
2025-03-23T19:00:00,0.0
2025-03-23T20:00:00,0.0
2025-03-23T21:00:00,0.0
2025-03-23T22:00:00,0.0
2025-03-23T23:00:00,0.0
2025-03-24T00:00:00,0.0
2025-03-24T01:00:00,0.0
2025-03-24T02:00:00,0.0
2025-03-24T03:00:00,0.0
2025-03-24T04:00:00,0.0
2025-03-24T05:00:00,0.0
2025-03-24T06:00:00,0.0
2025-03-24T07:00:00,32.03
2025-03-24T08:00:00,80.524
2025-03-24T09:00:00,130.812
2025-03-24T10:00:00,173.745
2025-03-24T11:00:00,202.437
2025-03-24T12:00:00,212.505
2025-03-24T13:00:00,202.437
2025-03-24T14:00:00,173.745
2025-03-24T15:00:00,130.812
2025-03-24T16:00:00,80.524
2025-03-24T17:00:00,32.03
2025-03-24T18:00:00,0.0
2025-03-24T19:00:00,0.0
2025-03-24T20:00:00,0.0
2025-03-24T21:00:00,0.0
2025-03-24T22:00:00,0.0
2025-03-24T23:00:00,0.0
2025-03-25T00:00:00,0.0
2025-03-25T01:00:00,0.0
2025-03-25T02:00:00,0.0
2025-03-25T03:00:00,0.0
2025-03-25T04:00:00,0.0
2025-03-25T05:00:00,0.0
2025-03-25T06:00:00,0.0
2025-03-25T07:00:00,32.191
2025-03-25T08:00:00,80.928
2025-03-25T09:00:00,131.467
2025-03-25T10:00:00,174.615
2025-03-25T11:00:00,203.451
2025-03-25T12:00:00,213.569
2025-03-25T13:00:00,203.451
2025-03-25T14:00:00,174.615
2025-03-25T15:00:00,131.467
2025-03-25T16:00:00,80.928
2025-03-25T17:00:00,32.191
2025-03-25T18:00:00,0.0
2025-03-25T19:00:00,0.0
2025-03-25T20:00:00,0.0
2025-03-25T21:00:00,0.0
2025-03-25T22:00:00,0.0
2025-03-25T23:00:00,0.0
2025-03-26T00:00:00,0.0
2025-03-26T01:00:00,0.0
2025-03-26T02:00:00,0.0
2025-03-26T03:00:00,0.0
2025-03-26T04:00:00,0.0
2025-03-26T05:00:00,0.0
2025-03-26T06:00:00,0.0
2025-03-26T07:00:00,32.351
2025-03-26T08:00:00,81.33
2025-03-26T09:00:00,132.122
2025-03-26T10:00:00,175.484
2025-03-26T11:00:00,204.464
2025-03-26T12:00:00,214.632
2025-03-26T13:00:00,204.464
2025-03-26T14:00:00,175.484
2025-03-26T15:00:00,132.122
2025-03-26T16:00:00,81.33
2025-03-26T17:00:00,32.351
2025-03-26T18:00:00,0.0
2025-03-26T19:00:00,0.0
2025-03-26T20:00:00,0.0
2025-03-26T21:00:00,0.0
2025-03-26T22:00:00,0.0
2025-03-26T23:00:00,0.0
2025-03-27T00:00:00,0.0
2025-03-27T01:00:00,0.0
2025-03-27T02:00:00,0.0
2025-03-27T03:00:00,0.0
2025-03-27T04:00:00,0.0
2025-03-27T05:00:00,0.0
2025-03-27T06:00:00,0.0
2025-03-27T07:00:00,32.511
2025-03-27T08:00:00,81.733
2025-03-27T09:00:00,132.775
2025-03-27T10:00:00,176.352
2025-03-27T11:00:00,205.475
2025-03-27T12:00:00,215.694
2025-03-27T13:00:00,205.475
2025-03-27T14:00:00,176.352
2025-03-27T15:00:00,132.775
2025-03-27T16:00:00,81.733
2025-03-27T17:00:00,32.511
2025-03-27T18:00:00,0.0
2025-03-27T19:00:00,0.0
2025-03-27T20:00:00,0.0
2025-03-27T21:00:00,0.0
2025-03-27T22:00:00,0.0
2025-03-27T23:00:00,0.0
2025-03-28T00:00:00,0.0
2025-03-28T01:00:00,0.0
2025-03-28T02:00:00,0.0
2025-03-28T03:00:00,0.0
2025-03-28T04:00:00,0.0
2025-03-28T05:00:00,0.0
2025-03-28T06:00:00,0.0
2025-03-28T07:00:00,32.671
2025-03-28T08:00:00,82.135
2025-03-28T09:00:00,133.428
2025-03-28T10:00:00,177.219
2025-03-28T11:00:00,206.485
2025-03-28T12:00:00,216.754
2025-03-28T13:00:00,206.485
2025-03-28T14:00:00,177.219
2025-03-28T15:00:00,133.428
2025-03-28T16:00:00,82.135
2025-03-28T17:00:00,32.671
2025-03-28T18:00:00,0.0
2025-03-28T19:00:00,0.0
2025-03-28T20:00:00,0.0
2025-03-28T21:00:00,0.0
2025-03-28T22:00:00,0.0
2025-03-28T23:00:00,0.0
2025-03-29T00:00:00,0.0
2025-03-29T01:00:00,0.0
2025-03-29T02:00:00,0.0
2025-03-29T03:00:00,0.0
2025-03-29T04:00:00,0.0
2025-03-29T05:00:00,0.0
2025-03-29T06:00:00,0.0
2025-03-29T07:00:00,32.831
2025-03-29T08:00:00,82.536
2025-03-29T09:00:00,134.08
2025-03-29T10:00:00,178.085
2025-03-29T11:00:00,207.494
2025-03-29T12:00:00,217.813
2025-03-29T13:00:00,207.494
2025-03-29T14:00:00,178.085
2025-03-29T15:00:00,134.08
2025-03-29T16:00:00,82.536
2025-03-29T17:00:00,32.831
2025-03-29T18:00:00,0.0
2025-03-29T19:00:00,0.0
2025-03-29T20:00:00,0.0
2025-03-29T21:00:00,0.0
2025-03-29T22:00:00,0.0
2025-03-29T23:00:00,0.0
2025-03-30T00:00:00,0.0
2025-03-30T01:00:00,0.0
2025-03-30T02:00:00,0.0
2025-03-30T03:00:00,0.0
2025-03-30T04:00:00,0.0
2025-03-30T05:00:00,0.0
2025-03-30T06:00:00,0.0
2025-03-30T07:00:00,32.99
2025-03-30T08:00:00,82.936
2025-03-30T09:00:00,134.73
2025-03-30T10:00:00,178.948
2025-03-30T11:00:00,208.5
2025-03-30T12:00:00,218.869
2025-03-30T13:00:00,208.5
2025-03-30T14:00:00,178.948
2025-03-30T15:00:00,134.73
2025-03-30T16:00:00,82.936
2025-03-30T17:00:00,32.99
2025-03-30T18:00:00,0.0
2025-03-30T19:00:00,0.0
2025-03-30T20:00:00,0.0
2025-03-30T21:00:00,0.0
2025-03-30T22:00:00,0.0
2025-03-30T23:00:00,0.0
2025-03-31T00:00:00,0.0
2025-03-31T01:00:00,0.0
2025-03-31T02:00:00,0.0
2025-03-31T03:00:00,0.0
2025-03-31T04:00:00,0.0
2025-03-31T05:00:00,0.0
2025-03-31T06:00:00,0.0
2025-03-31T07:00:00,33.149
2025-03-31T08:00:00,83.335
2025-03-31T09:00:00,135.378
2025-03-31T10:00:00,179.81
2025-03-31T11:00:00,209.504
2025-03-31T12:00:00,219.923
2025-03-31T13:00:00,209.504
2025-03-31T14:00:00,179.81
2025-03-31T15:00:00,135.378
2025-03-31T16:00:00,83.335
2025-03-31T17:00:00,33.149
2025-03-31T18:00:00,0.0
2025-03-31T19:00:00,0.0
2025-03-31T20:00:00,0.0
2025-03-31T21:00:00,0.0
2025-03-31T22:00:00,0.0
2025-03-31T23:00:00,0.0
2025-04-01T00:00:00,0.0
2025-04-01T01:00:00,0.0
2025-04-01T02:00:00,0.0
2025-04-01T03:00:00,0.0
2025-04-01T04:00:00,0.0
2025-04-01T05:00:00,0.0
2025-04-01T06:00:00,0.0
2025-04-01T07:00:00,33.307
2025-04-01T08:00:00,83.733
2025-04-01T09:00:00,136.025
2025-04-01T10:00:00,180.669
2025-04-01T11:00:00,210.505
2025-04-01T12:00:00,220.974
2025-04-01T13:00:00,210.505
2025-04-01T14:00:00,180.669
2025-04-01T15:00:00,136.025
2025-04-01T16:00:00,83.733
2025-04-01T17:00:00,33.307
2025-04-01T18:00:00,0.0
2025-04-01T19:00:00,0.0
2025-04-01T20:00:00,0.0
2025-04-01T21:00:00,0.0
2025-04-01T22:00:00,0.0
2025-04-01T23:00:00,0.0
2025-04-02T00:00:00,0.0
2025-04-02T01:00:00,0.0
2025-04-02T02:00:00,0.0
2025-04-02T03:00:00,0.0
2025-04-02T04:00:00,0.0
2025-04-02T05:00:00,0.0
2025-04-02T06:00:00,0.0
2025-04-02T07:00:00,33.465
2025-04-02T08:00:00,84.13
2025-04-02T09:00:00,136.67
2025-04-02T10:00:00,181.526
2025-04-02T11:00:00,211.503
2025-04-02T12:00:00,222.022
2025-04-02T13:00:00,211.503
2025-04-02T14:00:00,181.526
2025-04-02T15:00:00,136.67
2025-04-02T16:00:00,84.13
2025-04-02T17:00:00,33.465
2025-04-02T18:00:00,0.0
2025-04-02T19:00:00,0.0
2025-04-02T20:00:00,0.0
2025-04-02T21:00:00,0.0
2025-04-02T22:00:00,0.0
2025-04-02T23:00:00,0.0
2025-04-03T00:00:00,0.0
2025-04-03T01:00:00,0.0
2025-04-03T02:00:00,0.0
2025-04-03T03:00:00,0.0
2025-04-03T04:00:00,0.0
2025-04-03T05:00:00,0.0
2025-04-03T06:00:00,0.0
2025-04-03T07:00:00,33.622
2025-04-03T08:00:00,84.526
2025-04-03T09:00:00,137.313
2025-04-03T10:00:00,182.379
2025-04-03T11:00:00,212.498
2025-04-03T12:00:00,223.066
2025-04-03T13:00:00,212.498
2025-04-03T14:00:00,182.379
2025-04-03T15:00:00,137.313
2025-04-03T16:00:00,84.526
2025-04-03T17:00:00,33.622
2025-04-03T18:00:00,0.0
2025-04-03T19:00:00,0.0
2025-04-03T20:00:00,0.0
2025-04-03T21:00:00,0.0
2025-04-03T22:00:00,0.0
2025-04-03T23:00:00,0.0
2025-04-04T00:00:00,0.0
2025-04-04T01:00:00,0.0
2025-04-04T02:00:00,0.0
2025-04-04T03:00:00,0.0
2025-04-04T04:00:00,0.0
2025-04-04T05:00:00,0.0
2025-04-04T06:00:00,0.0
2025-04-04T07:00:00,33.779
2025-04-04T08:00:00,84.92
2025-04-04T09:00:00,137.954
2025-04-04T10:00:00,183.23
2025-04-04T11:00:00,213.489
2025-04-04T12:00:00,224.106
2025-04-04T13:00:00,213.489
2025-04-04T14:00:00,183.23
2025-04-04T15:00:00,137.954
2025-04-04T16:00:00,84.92
2025-04-04T17:00:00,33.779
2025-04-04T18:00:00,0.0
2025-04-04T19:00:00,0.0
2025-04-04T20:00:00,0.0
2025-04-04T21:00:00,0.0
2025-04-04T22:00:00,0.0
2025-04-04T23:00:00,0.0
2025-04-05T00:00:00,0.0
2025-04-05T01:00:00,0.0
2025-04-05T02:00:00,0.0
2025-04-05T03:00:00,0.0
2025-04-05T04:00:00,0.0
2025-04-05T05:00:00,0.0
2025-04-05T06:00:00,0.0
2025-04-05T07:00:00,33.935
2025-04-05T08:00:00,85.313
2025-04-05T09:00:00,138.592
2025-04-05T10:00:00,184.078
2025-04-05T11:00:00,214.476
2025-04-05T12:00:00,225.143
2025-04-05T13:00:00,214.476
2025-04-05T14:00:00,184.078
2025-04-05T15:00:00,138.592
2025-04-05T16:00:00,85.313
2025-04-05T17:00:00,33.935
2025-04-05T18:00:00,0.0
2025-04-05T19:00:00,0.0
2025-04-05T20:00:00,0.0
2025-04-05T21:00:00,0.0
2025-04-05T22:00:00,0.0
2025-04-05T23:00:00,0.0
2025-04-06T00:00:00,0.0
2025-04-06T01:00:00,0.0
2025-04-06T02:00:00,0.0
2025-04-06T03:00:00,0.0
2025-04-06T04:00:00,0.0
2025-04-06T05:00:00,0.0
2025-04-06T06:00:00,0.0
2025-04-06T07:00:00,34.091
2025-04-06T08:00:00,85.704
2025-04-06T09:00:00,139.227
2025-04-06T10:00:00,184.922
2025-04-06T11:00:00,215.46
2025-04-06T12:00:00,226.175
2025-04-06T13:00:00,215.46
2025-04-06T14:00:00,184.922
2025-04-06T15:00:00,139.227
2025-04-06T16:00:00,85.704
2025-04-06T17:00:00,34.091
2025-04-06T18:00:00,0.0
2025-04-06T19:00:00,0.0
2025-04-06T20:00:00,0.0
2025-04-06T21:00:00,0.0
2025-04-06T22:00:00,0.0
2025-04-06T23:00:00,0.0
2025-04-07T00:00:00,0.0
2025-04-07T01:00:00,0.0
2025-04-07T02:00:00,0.0
2025-04-07T03:00:00,0.0
2025-04-07T04:00:00,0.0
2025-04-07T05:00:00,0.0
2025-04-07T06:00:00,0.0
2025-04-07T07:00:00,34.246
2025-04-07T08:00:00,86.094
2025-04-07T09:00:00,139.859
2025-04-07T10:00:00,185.762
2025-04-07T11:00:00,216.438
2025-04-07T12:00:00,227.202
2025-04-07T13:00:00,216.438
2025-04-07T14:00:00,185.762
2025-04-07T15:00:00,139.859
2025-04-07T16:00:00,86.094
2025-04-07T17:00:00,34.246
2025-04-07T18:00:00,0.0
2025-04-07T19:00:00,0.0
2025-04-07T20:00:00,0.0
2025-04-07T21:00:00,0.0
2025-04-07T22:00:00,0.0
2025-04-07T23:00:00,0.0
2025-04-08T00:00:00,0.0
2025-04-08T01:00:00,0.0
2025-04-08T02:00:00,0.0
2025-04-08T03:00:00,0.0
2025-04-08T04:00:00,0.0
2025-04-08T05:00:00,0.0
2025-04-08T06:00:00,0.0
2025-04-08T07:00:00,34.4
2025-04-08T08:00:00,86.481
2025-04-08T09:00:00,140.489
2025-04-08T10:00:00,186.597
2025-04-08T11:00:00,217.412
2025-04-08T12:00:00,228.225
2025-04-08T13:00:00,217.412
2025-04-08T14:00:00,186.597
2025-04-08T15:00:00,140.489
2025-04-08T16:00:00,86.481
2025-04-08T17:00:00,34.4
2025-04-08T18:00:00,0.0
2025-04-08T19:00:00,0.0
2025-04-08T20:00:00,0.0
2025-04-08T21:00:00,0.0
2025-04-08T22:00:00,0.0
2025-04-08T23:00:00,0.0
2025-04-09T00:00:00,0.0
2025-04-09T01:00:00,0.0
2025-04-09T02:00:00,0.0
2025-04-09T03:00:00,0.0
2025-04-09T04:00:00,0.0
2025-04-09T05:00:00,0.0
2025-04-09T06:00:00,0.0
2025-04-09T07:00:00,34.553
2025-04-09T08:00:00,86.866
2025-04-09T09:00:00,141.115
2025-04-09T10:00:00,187.429
2025-04-09T11:00:00,218.381
2025-04-09T12:00:00,229.242
2025-04-09T13:00:00,218.381
2025-04-09T14:00:00,187.429
2025-04-09T15:00:00,141.115
2025-04-09T16:00:00,86.866
2025-04-09T17:00:00,34.553
2025-04-09T18:00:00,0.0
2025-04-09T19:00:00,0.0
2025-04-09T20:00:00,0.0
2025-04-09T21:00:00,0.0
2025-04-09T22:00:00,0.0
2025-04-09T23:00:00,0.0
2025-04-10T00:00:00,0.0
2025-04-10T01:00:00,0.0
2025-04-10T02:00:00,0.0
2025-04-10T03:00:00,0.0
2025-04-10T04:00:00,0.0
2025-04-10T05:00:00,0.0
2025-04-10T06:00:00,0.0
2025-04-10T07:00:00,34.706
2025-04-10T08:00:00,87.25
2025-04-10T09:00:00,141.738
2025-04-10T10:00:00,188.256
2025-04-10T11:00:00,219.345
2025-04-10T12:00:00,230.254
2025-04-10T13:00:00,219.345
2025-04-10T14:00:00,188.256
2025-04-10T15:00:00,141.738
2025-04-10T16:00:00,87.25
2025-04-10T17:00:00,34.706
2025-04-10T18:00:00,0.0
2025-04-10T19:00:00,0.0
2025-04-10T20:00:00,0.0
2025-04-10T21:00:00,0.0
2025-04-10T22:00:00,0.0
2025-04-10T23:00:00,0.0
2025-04-11T00:00:00,0.0
2025-04-11T01:00:00,0.0
2025-04-11T02:00:00,0.0
2025-04-11T03:00:00,0.0
2025-04-11T04:00:00,0.0
2025-04-11T05:00:00,0.0
2025-04-11T06:00:00,0.0
2025-04-11T07:00:00,34.857
2025-04-11T08:00:00,87.631
2025-04-11T09:00:00,142.357
2025-04-11T10:00:00,189.078
2025-04-11T11:00:00,220.303
2025-04-11T12:00:00,231.259
2025-04-11T13:00:00,220.303
2025-04-11T14:00:00,189.078
2025-04-11T15:00:00,142.357
2025-04-11T16:00:00,87.631
2025-04-11T17:00:00,34.857
2025-04-11T18:00:00,0.0
2025-04-11T19:00:00,0.0
2025-04-11T20:00:00,0.0
2025-04-11T21:00:00,0.0
2025-04-11T22:00:00,0.0
2025-04-11T23:00:00,0.0
2025-04-12T00:00:00,0.0
2025-04-12T01:00:00,0.0
2025-04-12T02:00:00,0.0
2025-04-12T03:00:00,0.0
2025-04-12T04:00:00,0.0
2025-04-12T05:00:00,0.0
2025-04-12T06:00:00,0.0
2025-04-12T07:00:00,35.008
2025-04-12T08:00:00,88.01
2025-04-12T09:00:00,142.972
2025-04-12T10:00:00,189.896
2025-04-12T11:00:00,221.255
2025-04-12T12:00:00,232.259
2025-04-12T13:00:00,221.255
2025-04-12T14:00:00,189.896
2025-04-12T15:00:00,142.972
2025-04-12T16:00:00,88.01
2025-04-12T17:00:00,35.008
2025-04-12T18:00:00,0.0
2025-04-12T19:00:00,0.0
2025-04-12T20:00:00,0.0
2025-04-12T21:00:00,0.0
2025-04-12T22:00:00,0.0
2025-04-12T23:00:00,0.0
2025-04-13T00:00:00,0.0
2025-04-13T01:00:00,0.0
2025-04-13T02:00:00,0.0
2025-04-13T03:00:00,0.0
2025-04-13T04:00:00,0.0
2025-04-13T05:00:00,0.0
2025-04-13T06:00:00,0.0
2025-04-13T07:00:00,35.158
2025-04-13T08:00:00,88.386
2025-04-13T09:00:00,143.583
2025-04-13T10:00:00,190.707
2025-04-13T11:00:00,222.201
2025-04-13T12:00:00,233.252
2025-04-13T13:00:00,222.201
2025-04-13T14:00:00,190.707
2025-04-13T15:00:00,143.583
2025-04-13T16:00:00,88.386
2025-04-13T17:00:00,35.158
2025-04-13T18:00:00,0.0
2025-04-13T19:00:00,0.0
2025-04-13T20:00:00,0.0
2025-04-13T21:00:00,0.0
2025-04-13T22:00:00,0.0
2025-04-13T23:00:00,0.0
2025-04-14T00:00:00,0.0
2025-04-14T01:00:00,0.0
2025-04-14T02:00:00,0.0
2025-04-14T03:00:00,0.0
2025-04-14T04:00:00,0.0
2025-04-14T05:00:00,0.0
2025-04-14T06:00:00,0.0
2025-04-14T07:00:00,35.306
2025-04-14T08:00:00,88.76
2025-04-14T09:00:00,144.19
2025-04-14T10:00:00,191.514
2025-04-14T11:00:00,223.141
2025-04-14T12:00:00,234.238
2025-04-14T13:00:00,223.141
2025-04-14T14:00:00,191.514
2025-04-14T15:00:00,144.19
2025-04-14T16:00:00,88.76
2025-04-14T17:00:00,35.306
2025-04-14T18:00:00,0.0
2025-04-14T19:00:00,0.0
2025-04-14T20:00:00,0.0
2025-04-14T21:00:00,0.0
2025-04-14T22:00:00,0.0
2025-04-14T23:00:00,0.0
2025-04-15T00:00:00,0.0
2025-04-15T01:00:00,0.0
2025-04-15T02:00:00,0.0
2025-04-15T03:00:00,0.0
2025-04-15T04:00:00,0.0
2025-04-15T05:00:00,0.0
2025-04-15T06:00:00,0.0
2025-04-15T07:00:00,35.454
2025-04-15T08:00:00,89.131
2025-04-15T09:00:00,144.793
2025-04-15T10:00:00,192.314
2025-04-15T11:00:00,224.073
2025-04-15T12:00:00,235.217
2025-04-15T13:00:00,224.073
2025-04-15T14:00:00,192.314
2025-04-15T15:00:00,144.793
2025-04-15T16:00:00,89.131
2025-04-15T17:00:00,35.454
2025-04-15T18:00:00,0.0
2025-04-15T19:00:00,0.0
2025-04-15T20:00:00,0.0
2025-04-15T21:00:00,0.0
2025-04-15T22:00:00,0.0
2025-04-15T23:00:00,0.0
2025-04-16T00:00:00,0.0
2025-04-16T01:00:00,0.0
2025-04-16T02:00:00,0.0
2025-04-16T03:00:00,0.0
2025-04-16T04:00:00,0.0
2025-04-16T05:00:00,0.0
2025-04-16T06:00:00,0.0
2025-04-16T07:00:00,35.6
2025-04-16T08:00:00,89.499
2025-04-16T09:00:00,145.391
2025-04-16T10:00:00,193.109
2025-04-16T11:00:00,224.999
2025-04-16T12:00:00,236.189
2025-04-16T13:00:00,224.999
2025-04-16T14:00:00,193.109
2025-04-16T15:00:00,145.391
2025-04-16T16:00:00,89.499
2025-04-16T17:00:00,35.6
2025-04-16T18:00:00,0.0
2025-04-16T19:00:00,0.0
2025-04-16T20:00:00,0.0
2025-04-16T21:00:00,0.0
2025-04-16T22:00:00,0.0
2025-04-16T23:00:00,0.0
2025-04-17T00:00:00,0.0
2025-04-17T01:00:00,0.0
2025-04-17T02:00:00,0.0
2025-04-17T03:00:00,0.0
2025-04-17T04:00:00,0.0
2025-04-17T05:00:00,0.0
2025-04-17T06:00:00,0.0
2025-04-17T07:00:00,35.746
2025-04-17T08:00:00,89.864
2025-04-17T09:00:00,145.985
2025-04-17T10:00:00,193.897
2025-04-17T11:00:00,225.918
2025-04-17T12:00:00,237.153
2025-04-17T13:00:00,225.918
2025-04-17T14:00:00,193.897
2025-04-17T15:00:00,145.985
2025-04-17T16:00:00,89.864
2025-04-17T17:00:00,35.746
2025-04-17T18:00:00,0.0
2025-04-17T19:00:00,0.0
2025-04-17T20:00:00,0.0
2025-04-17T21:00:00,0.0
2025-04-17T22:00:00,0.0
2025-04-17T23:00:00,0.0
2025-04-18T00:00:00,0.0
2025-04-18T01:00:00,0.0
2025-04-18T02:00:00,0.0
2025-04-18T03:00:00,0.0
2025-04-18T04:00:00,0.0
2025-04-18T05:00:00,0.0
2025-04-18T06:00:00,0.0
2025-04-18T07:00:00,35.89
2025-04-18T08:00:00,90.227
2025-04-18T09:00:00,146.573
2025-04-18T10:00:00,194.679
2025-04-18T11:00:00,226.828
2025-04-18T12:00:00,238.109
2025-04-18T13:00:00,226.828
2025-04-18T14:00:00,194.679
2025-04-18T15:00:00,146.573
2025-04-18T16:00:00,90.227
2025-04-18T17:00:00,35.89
2025-04-18T18:00:00,0.0
2025-04-18T19:00:00,0.0
2025-04-18T20:00:00,0.0
2025-04-18T21:00:00,0.0
2025-04-18T22:00:00,0.0
2025-04-18T23:00:00,0.0
2025-04-19T00:00:00,0.0
2025-04-19T01:00:00,0.0
2025-04-19T02:00:00,0.0
2025-04-19T03:00:00,0.0
2025-04-19T04:00:00,0.0
2025-04-19T05:00:00,0.0
2025-04-19T06:00:00,0.0
2025-04-19T07:00:00,36.033
2025-04-19T08:00:00,90.586
2025-04-19T09:00:00,147.157
2025-04-19T10:00:00,195.454
2025-04-19T11:00:00,227.731
2025-04-19T12:00:00,239.057
2025-04-19T13:00:00,227.731
2025-04-19T14:00:00,195.454
2025-04-19T15:00:00,147.157
2025-04-19T16:00:00,90.586
2025-04-19T17:00:00,36.033
2025-04-19T18:00:00,0.0
2025-04-19T19:00:00,0.0
2025-04-19T20:00:00,0.0
2025-04-19T21:00:00,0.0
2025-04-19T22:00:00,0.0
2025-04-19T23:00:00,0.0
2025-04-20T00:00:00,0.0
2025-04-20T01:00:00,0.0
2025-04-20T02:00:00,0.0
2025-04-20T03:00:00,0.0
2025-04-20T04:00:00,0.0
2025-04-20T05:00:00,0.0
2025-04-20T06:00:00,0.0
2025-04-20T07:00:00,36.174
2025-04-20T08:00:00,90.942
2025-04-20T09:00:00,147.735
2025-04-20T10:00:00,196.222
2025-04-20T11:00:00,228.626
2025-04-20T12:00:00,239.997
2025-04-20T13:00:00,228.626
2025-04-20T14:00:00,196.222
2025-04-20T15:00:00,147.735
2025-04-20T16:00:00,90.942
2025-04-20T17:00:00,36.174
2025-04-20T18:00:00,0.0
2025-04-20T19:00:00,0.0
2025-04-20T20:00:00,0.0
2025-04-20T21:00:00,0.0
2025-04-20T22:00:00,0.0
2025-04-20T23:00:00,0.0
2025-04-21T00:00:00,0.0
2025-04-21T01:00:00,0.0
2025-04-21T02:00:00,0.0
2025-04-21T03:00:00,0.0
2025-04-21T04:00:00,0.0
2025-04-21T05:00:00,0.0
2025-04-21T06:00:00,0.0
2025-04-21T07:00:00,36.315
2025-04-21T08:00:00,91.294
2025-04-21T09:00:00,148.308
2025-04-21T10:00:00,196.983
2025-04-21T11:00:00,229.513
2025-04-21T12:00:00,240.927
2025-04-21T13:00:00,229.513
2025-04-21T14:00:00,196.983
2025-04-21T15:00:00,148.308
2025-04-21T16:00:00,91.294
2025-04-21T17:00:00,36.315
2025-04-21T18:00:00,0.0
2025-04-21T19:00:00,0.0
2025-04-21T20:00:00,0.0
2025-04-21T21:00:00,0.0
2025-04-21T22:00:00,0.0
2025-04-21T23:00:00,0.0
2025-04-22T00:00:00,0.0
2025-04-22T01:00:00,0.0
2025-04-22T02:00:00,0.0
2025-04-22T03:00:00,0.0
2025-04-22T04:00:00,0.0
2025-04-22T05:00:00,0.0
2025-04-22T06:00:00,0.0
2025-04-22T07:00:00,36.453
2025-04-22T08:00:00,91.644
2025-04-22T09:00:00,148.876
2025-04-22T10:00:00,197.737
2025-04-22T11:00:00,230.391
2025-04-22T12:00:00,241.849
2025-04-22T13:00:00,230.391
2025-04-22T14:00:00,197.737
2025-04-22T15:00:00,148.876
2025-04-22T16:00:00,91.644
2025-04-22T17:00:00,36.453
2025-04-22T18:00:00,0.0
2025-04-22T19:00:00,0.0
2025-04-22T20:00:00,0.0
2025-04-22T21:00:00,0.0
2025-04-22T22:00:00,0.0
2025-04-22T23:00:00,0.0
2025-04-23T00:00:00,0.0
2025-04-23T01:00:00,0.0
2025-04-23T02:00:00,0.0
2025-04-23T03:00:00,0.0
2025-04-23T04:00:00,0.0
2025-04-23T05:00:00,0.0
2025-04-23T06:00:00,0.0
2025-04-23T07:00:00,36.591
2025-04-23T08:00:00,91.989
2025-04-23T09:00:00,149.437
2025-04-23T10:00:00,198.483
2025-04-23T11:00:00,231.26
2025-04-23T12:00:00,242.761
2025-04-23T13:00:00,231.26
2025-04-23T14:00:00,198.483
2025-04-23T15:00:00,149.437
2025-04-23T16:00:00,91.989
2025-04-23T17:00:00,36.591
2025-04-23T18:00:00,0.0
2025-04-23T19:00:00,0.0
2025-04-23T20:00:00,0.0
2025-04-23T21:00:00,0.0
2025-04-23T22:00:00,0.0
2025-04-23T23:00:00,0.0
2025-04-24T00:00:00,0.0
2025-04-24T01:00:00,0.0
2025-04-24T02:00:00,0.0
2025-04-24T03:00:00,0.0
2025-04-24T04:00:00,0.0
2025-04-24T05:00:00,0.0
2025-04-24T06:00:00,0.0
2025-04-24T07:00:00,36.727
2025-04-24T08:00:00,92.331
2025-04-24T09:00:00,149.993
2025-04-24T10:00:00,199.221
2025-04-24T11:00:00,232.12
2025-04-24T12:00:00,243.664
2025-04-24T13:00:00,232.12
2025-04-24T14:00:00,199.221
2025-04-24T15:00:00,149.993
2025-04-24T16:00:00,92.331
2025-04-24T17:00:00,36.727
2025-04-24T18:00:00,0.0
2025-04-24T19:00:00,0.0
2025-04-24T20:00:00,0.0
2025-04-24T21:00:00,0.0
2025-04-24T22:00:00,0.0
2025-04-24T23:00:00,0.0
2025-04-25T00:00:00,0.0
2025-04-25T01:00:00,0.0
2025-04-25T02:00:00,0.0
2025-04-25T03:00:00,0.0
2025-04-25T04:00:00,0.0
2025-04-25T05:00:00,0.0
2025-04-25T06:00:00,0.0
2025-04-25T07:00:00,36.862
2025-04-25T08:00:00,92.67
2025-04-25T09:00:00,150.542
2025-04-25T10:00:00,199.951
2025-04-25T11:00:00,232.971
2025-04-25T12:00:00,244.557
2025-04-25T13:00:00,232.971
2025-04-25T14:00:00,199.951
2025-04-25T15:00:00,150.542
2025-04-25T16:00:00,92.67
2025-04-25T17:00:00,36.862
2025-04-25T18:00:00,0.0
2025-04-25T19:00:00,0.0
2025-04-25T20:00:00,0.0
2025-04-25T21:00:00,0.0
2025-04-25T22:00:00,0.0
2025-04-25T23:00:00,0.0
2025-04-26T00:00:00,0.0
2025-04-26T01:00:00,0.0
2025-04-26T02:00:00,0.0
2025-04-26T03:00:00,0.0
2025-04-26T04:00:00,0.0
2025-04-26T05:00:00,0.0
2025-04-26T06:00:00,0.0
2025-04-26T07:00:00,36.995
2025-04-26T08:00:00,93.004
2025-04-26T09:00:00,151.086
2025-04-26T10:00:00,200.672
2025-04-26T11:00:00,233.812
2025-04-26T12:00:00,245.44
2025-04-26T13:00:00,233.812
2025-04-26T14:00:00,200.672
2025-04-26T15:00:00,151.086
2025-04-26T16:00:00,93.004
2025-04-26T17:00:00,36.995
2025-04-26T18:00:00,0.0
2025-04-26T19:00:00,0.0
2025-04-26T20:00:00,0.0
2025-04-26T21:00:00,0.0
2025-04-26T22:00:00,0.0
2025-04-26T23:00:00,0.0
2025-04-27T00:00:00,0.0
2025-04-27T01:00:00,0.0
2025-04-27T02:00:00,0.0
2025-04-27T03:00:00,0.0
2025-04-27T04:00:00,0.0
2025-04-27T05:00:00,0.0
2025-04-27T06:00:00,0.0
2025-04-27T07:00:00,37.126
2025-04-27T08:00:00,93.335
2025-04-27T09:00:00,151.623
2025-04-27T10:00:00,201.386
2025-04-27T11:00:00,234.643
2025-04-27T12:00:00,246.312
2025-04-27T13:00:00,234.643
2025-04-27T14:00:00,201.386
2025-04-27T15:00:00,151.623
2025-04-27T16:00:00,93.335
2025-04-27T17:00:00,37.126
2025-04-27T18:00:00,0.0
2025-04-27T19:00:00,0.0
2025-04-27T20:00:00,0.0
2025-04-27T21:00:00,0.0
2025-04-27T22:00:00,0.0
2025-04-27T23:00:00,0.0
2025-04-28T00:00:00,0.0
2025-04-28T01:00:00,0.0
2025-04-28T02:00:00,0.0
2025-04-28T03:00:00,0.0
2025-04-28T04:00:00,0.0
2025-04-28T05:00:00,0.0
2025-04-28T06:00:00,0.0
2025-04-28T07:00:00,37.256
2025-04-28T08:00:00,93.661
2025-04-28T09:00:00,152.153
2025-04-28T10:00:00,202.09
2025-04-28T11:00:00,235.463
2025-04-28T12:00:00,247.174
2025-04-28T13:00:00,235.463
2025-04-28T14:00:00,202.09
2025-04-28T15:00:00,152.153
2025-04-28T16:00:00,93.661
2025-04-28T17:00:00,37.256
2025-04-28T18:00:00,0.0
2025-04-28T19:00:00,0.0
2025-04-28T20:00:00,0.0
2025-04-28T21:00:00,0.0
2025-04-28T22:00:00,0.0
2025-04-28T23:00:00,0.0
2025-04-29T00:00:00,0.0
2025-04-29T01:00:00,0.0
2025-04-29T02:00:00,0.0
2025-04-29T03:00:00,0.0
2025-04-29T04:00:00,0.0
2025-04-29T05:00:00,0.0
2025-04-29T06:00:00,0.0
2025-04-29T07:00:00,37.384
2025-04-29T08:00:00,93.984
2025-04-29T09:00:00,152.677
2025-04-29T10:00:00,202.786
2025-04-29T11:00:00,236.274
2025-04-29T12:00:00,248.025
2025-04-29T13:00:00,236.274
2025-04-29T14:00:00,202.786
2025-04-29T15:00:00,152.677
2025-04-29T16:00:00,93.984
2025-04-29T17:00:00,37.384
2025-04-29T18:00:00,0.0
2025-04-29T19:00:00,0.0
2025-04-29T20:00:00,0.0
2025-04-29T21:00:00,0.0
2025-04-29T22:00:00,0.0
2025-04-29T23:00:00,0.0
2025-04-30T00:00:00,0.0
2025-04-30T01:00:00,0.0
2025-04-30T02:00:00,0.0
2025-04-30T03:00:00,0.0
2025-04-30T04:00:00,0.0
2025-04-30T05:00:00,0.0
2025-04-30T06:00:00,0.0
2025-04-30T07:00:00,37.511
2025-04-30T08:00:00,94.302
2025-04-30T09:00:00,153.194
2025-04-30T10:00:00,203.472
2025-04-30T11:00:00,237.074
2025-04-30T12:00:00,248.864
2025-04-30T13:00:00,237.074
2025-04-30T14:00:00,203.472
2025-04-30T15:00:00,153.194
2025-04-30T16:00:00,94.302
2025-04-30T17:00:00,37.511
2025-04-30T18:00:00,0.0
2025-04-30T19:00:00,0.0
2025-04-30T20:00:00,0.0
2025-04-30T21:00:00,0.0
2025-04-30T22:00:00,0.0
2025-04-30T23:00:00,0.0
2025-05-01T00:00:00,0.0
2025-05-01T01:00:00,0.0
2025-05-01T02:00:00,0.0
2025-05-01T03:00:00,0.0
2025-05-01T04:00:00,0.0
2025-05-01T05:00:00,0.0
2025-05-01T06:00:00,0.0
2025-05-01T07:00:00,37.636
2025-05-01T08:00:00,94.616
2025-05-01T09:00:00,153.704
2025-05-01T10:00:00,204.149
2025-05-01T11:00:00,237.863
2025-05-01T12:00:00,249.692
2025-05-01T13:00:00,237.863
2025-05-01T14:00:00,204.149
2025-05-01T15:00:00,153.704
2025-05-01T16:00:00,94.616
2025-05-01T17:00:00,37.636
2025-05-01T18:00:00,0.0
2025-05-01T19:00:00,0.0
2025-05-01T20:00:00,0.0
2025-05-01T21:00:00,0.0
2025-05-01T22:00:00,0.0
2025-05-01T23:00:00,0.0
2025-05-02T00:00:00,0.0
2025-05-02T01:00:00,0.0
2025-05-02T02:00:00,0.0
2025-05-02T03:00:00,0.0
2025-05-02T04:00:00,0.0
2025-05-02T05:00:00,0.0
2025-05-02T06:00:00,0.0
2025-05-02T07:00:00,37.759
2025-05-02T08:00:00,94.925
2025-05-02T09:00:00,154.206
2025-05-02T10:00:00,204.817
2025-05-02T11:00:00,238.641
2025-05-02T12:00:00,250.509
2025-05-02T13:00:00,238.641
2025-05-02T14:00:00,204.817
2025-05-02T15:00:00,154.206
2025-05-02T16:00:00,94.925
2025-05-02T17:00:00,37.759
2025-05-02T18:00:00,0.0
2025-05-02T19:00:00,0.0
2025-05-02T20:00:00,0.0
2025-05-02T21:00:00,0.0
2025-05-02T22:00:00,0.0
2025-05-02T23:00:00,0.0
2025-05-03T00:00:00,0.0
2025-05-03T01:00:00,0.0
2025-05-03T02:00:00,0.0
2025-05-03T03:00:00,0.0
2025-05-03T04:00:00,0.0
2025-05-03T05:00:00,0.0
2025-05-03T06:00:00,0.0
2025-05-03T07:00:00,37.88
2025-05-03T08:00:00,95.23
2025-05-03T09:00:00,154.702
2025-05-03T10:00:00,205.475
2025-05-03T11:00:00,239.407
2025-05-03T12:00:00,251.314
2025-05-03T13:00:00,239.407
2025-05-03T14:00:00,205.475
2025-05-03T15:00:00,154.702
2025-05-03T16:00:00,95.23
2025-05-03T17:00:00,37.88
2025-05-03T18:00:00,0.0
2025-05-03T19:00:00,0.0
2025-05-03T20:00:00,0.0
2025-05-03T21:00:00,0.0
2025-05-03T22:00:00,0.0
2025-05-03T23:00:00,0.0
2025-05-04T00:00:00,0.0
2025-05-04T01:00:00,0.0
2025-05-04T02:00:00,0.0
2025-05-04T03:00:00,0.0
2025-05-04T04:00:00,0.0
2025-05-04T05:00:00,0.0
2025-05-04T06:00:00,0.0
2025-05-04T07:00:00,38.0
2025-05-04T08:00:00,95.53
2025-05-04T09:00:00,155.19
2025-05-04T10:00:00,206.123
2025-05-04T11:00:00,240.162
2025-05-04T12:00:00,252.106
2025-05-04T13:00:00,240.162
2025-05-04T14:00:00,206.123
2025-05-04T15:00:00,155.19
2025-05-04T16:00:00,95.53
2025-05-04T17:00:00,38.0
2025-05-04T18:00:00,0.0
2025-05-04T19:00:00,0.0
2025-05-04T20:00:00,0.0
2025-05-04T21:00:00,0.0
2025-05-04T22:00:00,0.0
2025-05-04T23:00:00,0.0
2025-05-05T00:00:00,0.0
2025-05-05T01:00:00,0.0
2025-05-05T02:00:00,0.0
2025-05-05T03:00:00,0.0
2025-05-05T04:00:00,0.0
2025-05-05T05:00:00,0.0
2025-05-05T06:00:00,0.0
2025-05-05T07:00:00,38.117
2025-05-05T08:00:00,95.826
2025-05-05T09:00:00,155.67
2025-05-05T10:00:00,206.761
2025-05-05T11:00:00,240.906
2025-05-05T12:00:00,252.886
2025-05-05T13:00:00,240.906
2025-05-05T14:00:00,206.761
2025-05-05T15:00:00,155.67
2025-05-05T16:00:00,95.826
2025-05-05T17:00:00,38.117
2025-05-05T18:00:00,0.0
2025-05-05T19:00:00,0.0
2025-05-05T20:00:00,0.0
2025-05-05T21:00:00,0.0
2025-05-05T22:00:00,0.0
2025-05-05T23:00:00,0.0
2025-05-06T00:00:00,0.0
2025-05-06T01:00:00,0.0
2025-05-06T02:00:00,0.0
2025-05-06T03:00:00,0.0
2025-05-06T04:00:00,0.0
2025-05-06T05:00:00,0.0
2025-05-06T06:00:00,0.0
2025-05-06T07:00:00,38.233
2025-05-06T08:00:00,96.117
2025-05-06T09:00:00,156.142
2025-05-06T10:00:00,207.388
2025-05-06T11:00:00,241.637
2025-05-06T12:00:00,253.654
2025-05-06T13:00:00,241.637
2025-05-06T14:00:00,207.388
2025-05-06T15:00:00,156.142
2025-05-06T16:00:00,96.117
2025-05-06T17:00:00,38.233
2025-05-06T18:00:00,0.0
2025-05-06T19:00:00,0.0
2025-05-06T20:00:00,0.0
2025-05-06T21:00:00,0.0
2025-05-06T22:00:00,0.0
2025-05-06T23:00:00,0.0
2025-05-07T00:00:00,0.0
2025-05-07T01:00:00,0.0
2025-05-07T02:00:00,0.0
2025-05-07T03:00:00,0.0
2025-05-07T04:00:00,0.0
2025-05-07T05:00:00,0.0
2025-05-07T06:00:00,0.0
2025-05-07T07:00:00,38.347
2025-05-07T08:00:00,96.403
2025-05-07T09:00:00,156.607
2025-05-07T10:00:00,208.006
2025-05-07T11:00:00,242.356
2025-05-07T12:00:00,254.409
2025-05-07T13:00:00,242.356
2025-05-07T14:00:00,208.006
2025-05-07T15:00:00,156.607
2025-05-07T16:00:00,96.403
2025-05-07T17:00:00,38.347
2025-05-07T18:00:00,0.0
2025-05-07T19:00:00,0.0
2025-05-07T20:00:00,0.0
2025-05-07T21:00:00,0.0
2025-05-07T22:00:00,0.0
2025-05-07T23:00:00,0.0
2025-05-08T00:00:00,0.0
2025-05-08T01:00:00,0.0
2025-05-08T02:00:00,0.0
2025-05-08T03:00:00,0.0
2025-05-08T04:00:00,0.0
2025-05-08T05:00:00,0.0
2025-05-08T06:00:00,0.0
2025-05-08T07:00:00,38.458
2025-05-08T08:00:00,96.684
2025-05-08T09:00:00,157.064
2025-05-08T10:00:00,208.612
2025-05-08T11:00:00,243.062
2025-05-08T12:00:00,255.15
2025-05-08T13:00:00,243.062
2025-05-08T14:00:00,208.612
2025-05-08T15:00:00,157.064
2025-05-08T16:00:00,96.684
2025-05-08T17:00:00,38.458
2025-05-08T18:00:00,0.0
2025-05-08T19:00:00,0.0
2025-05-08T20:00:00,0.0
2025-05-08T21:00:00,0.0
2025-05-08T22:00:00,0.0
2025-05-08T23:00:00,0.0
2025-05-09T00:00:00,0.0
2025-05-09T01:00:00,0.0
2025-05-09T02:00:00,0.0
2025-05-09T03:00:00,0.0
2025-05-09T04:00:00,0.0
2025-05-09T05:00:00,0.0
2025-05-09T06:00:00,0.0
2025-05-09T07:00:00,38.568
2025-05-09T08:00:00,96.96
2025-05-09T09:00:00,157.512
2025-05-09T10:00:00,209.208
2025-05-09T11:00:00,243.756
2025-05-09T12:00:00,255.879
2025-05-09T13:00:00,243.756
2025-05-09T14:00:00,209.208
2025-05-09T15:00:00,157.512
2025-05-09T16:00:00,96.96
2025-05-09T17:00:00,38.568
2025-05-09T18:00:00,0.0
2025-05-09T19:00:00,0.0
2025-05-09T20:00:00,0.0
2025-05-09T21:00:00,0.0
2025-05-09T22:00:00,0.0
2025-05-09T23:00:00,0.0
2025-05-10T00:00:00,0.0
2025-05-10T01:00:00,0.0
2025-05-10T02:00:00,0.0
2025-05-10T03:00:00,0.0
2025-05-10T04:00:00,0.0
2025-05-10T05:00:00,0.0
2025-05-10T06:00:00,0.0
2025-05-10T07:00:00,38.676
2025-05-10T08:00:00,97.231
2025-05-10T09:00:00,157.952
2025-05-10T10:00:00,209.792
2025-05-10T11:00:00,244.437
2025-05-10T12:00:00,256.594
2025-05-10T13:00:00,244.437
2025-05-10T14:00:00,209.792
2025-05-10T15:00:00,157.952
2025-05-10T16:00:00,97.231
2025-05-10T17:00:00,38.676
2025-05-10T18:00:00,0.0
2025-05-10T19:00:00,0.0
2025-05-10T20:00:00,0.0
2025-05-10T21:00:00,0.0
2025-05-10T22:00:00,0.0
2025-05-10T23:00:00,0.0
2025-05-11T00:00:00,0.0
2025-05-11T01:00:00,0.0
2025-05-11T02:00:00,0.0
2025-05-11T03:00:00,0.0
2025-05-11T04:00:00,0.0
2025-05-11T05:00:00,0.0
2025-05-11T06:00:00,0.0
2025-05-11T07:00:00,38.782
2025-05-11T08:00:00,97.497
2025-05-11T09:00:00,158.384
2025-05-11T10:00:00,210.366
2025-05-11T11:00:00,245.105
2025-05-11T12:00:00,257.295
2025-05-11T13:00:00,245.105
2025-05-11T14:00:00,210.366
2025-05-11T15:00:00,158.384
2025-05-11T16:00:00,97.497
2025-05-11T17:00:00,38.782
2025-05-11T18:00:00,0.0
2025-05-11T19:00:00,0.0
2025-05-11T20:00:00,0.0
2025-05-11T21:00:00,0.0
2025-05-11T22:00:00,0.0
2025-05-11T23:00:00,0.0
2025-05-12T00:00:00,0.0
2025-05-12T01:00:00,0.0
2025-05-12T02:00:00,0.0
2025-05-12T03:00:00,0.0
2025-05-12T04:00:00,0.0
2025-05-12T05:00:00,0.0
2025-05-12T06:00:00,0.0
2025-05-12T07:00:00,38.885
2025-05-12T08:00:00,97.757
2025-05-12T09:00:00,158.807
2025-05-12T10:00:00,210.927
2025-05-12T11:00:00,245.76
2025-05-12T12:00:00,257.983
2025-05-12T13:00:00,245.76
2025-05-12T14:00:00,210.927
2025-05-12T15:00:00,158.807
2025-05-12T16:00:00,97.757
2025-05-12T17:00:00,38.885
2025-05-12T18:00:00,0.0
2025-05-12T19:00:00,0.0
2025-05-12T20:00:00,0.0
2025-05-12T21:00:00,0.0
2025-05-12T22:00:00,0.0
2025-05-12T23:00:00,0.0
2025-05-13T00:00:00,0.0
2025-05-13T01:00:00,0.0
2025-05-13T02:00:00,0.0
2025-05-13T03:00:00,0.0
2025-05-13T04:00:00,0.0
2025-05-13T05:00:00,0.0
2025-05-13T06:00:00,0.0
2025-05-13T07:00:00,38.987
2025-05-13T08:00:00,98.012
2025-05-13T09:00:00,159.221
2025-05-13T10:00:00,211.478
2025-05-13T11:00:00,246.402
2025-05-13T12:00:00,258.656
2025-05-13T13:00:00,246.402
2025-05-13T14:00:00,211.478
2025-05-13T15:00:00,159.221
2025-05-13T16:00:00,98.012
2025-05-13T17:00:00,38.987
2025-05-13T18:00:00,0.0
2025-05-13T19:00:00,0.0
2025-05-13T20:00:00,0.0
2025-05-13T21:00:00,0.0
2025-05-13T22:00:00,0.0
2025-05-13T23:00:00,0.0
2025-05-14T00:00:00,0.0
2025-05-14T01:00:00,0.0
2025-05-14T02:00:00,0.0
2025-05-14T03:00:00,0.0
2025-05-14T04:00:00,0.0
2025-05-14T05:00:00,0.0
2025-05-14T06:00:00,0.0
2025-05-14T07:00:00,39.086
2025-05-14T08:00:00,98.262
2025-05-14T09:00:00,159.627
2025-05-14T10:00:00,212.017
2025-05-14T11:00:00,247.029
2025-05-14T12:00:00,259.315
2025-05-14T13:00:00,247.029
2025-05-14T14:00:00,212.017
2025-05-14T15:00:00,159.627
2025-05-14T16:00:00,98.262
2025-05-14T17:00:00,39.086
2025-05-14T18:00:00,0.0
2025-05-14T19:00:00,0.0
2025-05-14T20:00:00,0.0
2025-05-14T21:00:00,0.0
2025-05-14T22:00:00,0.0
2025-05-14T23:00:00,0.0
2025-05-15T00:00:00,0.0
2025-05-15T01:00:00,0.0
2025-05-15T02:00:00,0.0
2025-05-15T03:00:00,0.0
2025-05-15T04:00:00,0.0
2025-05-15T05:00:00,0.0
2025-05-15T06:00:00,0.0
2025-05-15T07:00:00,39.183
2025-05-15T08:00:00,98.506
2025-05-15T09:00:00,160.024
2025-05-15T10:00:00,212.544
2025-05-15T11:00:00,247.643
2025-05-15T12:00:00,259.959
2025-05-15T13:00:00,247.643
2025-05-15T14:00:00,212.544
2025-05-15T15:00:00,160.024
2025-05-15T16:00:00,98.506
2025-05-15T17:00:00,39.183
2025-05-15T18:00:00,0.0
2025-05-15T19:00:00,0.0
2025-05-15T20:00:00,0.0
2025-05-15T21:00:00,0.0
2025-05-15T22:00:00,0.0
2025-05-15T23:00:00,0.0
2025-05-16T00:00:00,0.0
2025-05-16T01:00:00,0.0
2025-05-16T02:00:00,0.0
2025-05-16T03:00:00,0.0
2025-05-16T04:00:00,0.0
2025-05-16T05:00:00,0.0
2025-05-16T06:00:00,0.0
2025-05-16T07:00:00,39.278
2025-05-16T08:00:00,98.745
2025-05-16T09:00:00,160.411
2025-05-16T10:00:00,213.059
2025-05-16T11:00:00,248.243
2025-05-16T12:00:00,260.589
2025-05-16T13:00:00,248.243
2025-05-16T14:00:00,213.059
2025-05-16T15:00:00,160.411
2025-05-16T16:00:00,98.745
2025-05-16T17:00:00,39.278
2025-05-16T18:00:00,0.0
2025-05-16T19:00:00,0.0
2025-05-16T20:00:00,0.0
2025-05-16T21:00:00,0.0
2025-05-16T22:00:00,0.0
2025-05-16T23:00:00,0.0
2025-05-17T00:00:00,0.0
2025-05-17T01:00:00,0.0
2025-05-17T02:00:00,0.0
2025-05-17T03:00:00,0.0
2025-05-17T04:00:00,0.0
2025-05-17T05:00:00,0.0
2025-05-17T06:00:00,0.0
2025-05-17T07:00:00,39.371
2025-05-17T08:00:00,98.978
2025-05-17T09:00:00,160.79
2025-05-17T10:00:00,213.561
2025-05-17T11:00:00,248.829
2025-05-17T12:00:00,261.204
2025-05-17T13:00:00,248.829
2025-05-17T14:00:00,213.561
2025-05-17T15:00:00,160.79
2025-05-17T16:00:00,98.978
2025-05-17T17:00:00,39.371
2025-05-17T18:00:00,0.0
2025-05-17T19:00:00,0.0
2025-05-17T20:00:00,0.0
2025-05-17T21:00:00,0.0
2025-05-17T22:00:00,0.0
2025-05-17T23:00:00,0.0
2025-05-18T00:00:00,0.0
2025-05-18T01:00:00,0.0
2025-05-18T02:00:00,0.0
2025-05-18T03:00:00,0.0
2025-05-18T04:00:00,0.0
2025-05-18T05:00:00,0.0
2025-05-18T06:00:00,0.0
2025-05-18T07:00:00,39.461
2025-05-18T08:00:00,99.205
2025-05-18T09:00:00,161.159
2025-05-18T10:00:00,214.052
2025-05-18T11:00:00,249.4
2025-05-18T12:00:00,261.804
2025-05-18T13:00:00,249.4
2025-05-18T14:00:00,214.052
2025-05-18T15:00:00,161.159
2025-05-18T16:00:00,99.205
2025-05-18T17:00:00,39.461
2025-05-18T18:00:00,0.0
2025-05-18T19:00:00,0.0
2025-05-18T20:00:00,0.0
2025-05-18T21:00:00,0.0
2025-05-18T22:00:00,0.0
2025-05-18T23:00:00,0.0
2025-05-19T00:00:00,0.0
2025-05-19T01:00:00,0.0
2025-05-19T02:00:00,0.0
2025-05-19T03:00:00,0.0
2025-05-19T04:00:00,0.0
2025-05-19T05:00:00,0.0
2025-05-19T06:00:00,0.0
2025-05-19T07:00:00,39.549
2025-05-19T08:00:00,99.427
2025-05-19T09:00:00,161.519
2025-05-19T10:00:00,214.53
2025-05-19T11:00:00,249.957
2025-05-19T12:00:00,262.388
2025-05-19T13:00:00,249.957
2025-05-19T14:00:00,214.53
2025-05-19T15:00:00,161.519
2025-05-19T16:00:00,99.427
2025-05-19T17:00:00,39.549
2025-05-19T18:00:00,0.0
2025-05-19T19:00:00,0.0
2025-05-19T20:00:00,0.0
2025-05-19T21:00:00,0.0
2025-05-19T22:00:00,0.0
2025-05-19T23:00:00,0.0
2025-05-20T00:00:00,0.0
2025-05-20T01:00:00,0.0
2025-05-20T02:00:00,0.0
2025-05-20T03:00:00,0.0
2025-05-20T04:00:00,0.0
2025-05-20T05:00:00,0.0
2025-05-20T06:00:00,0.0
2025-05-20T07:00:00,39.635
2025-05-20T08:00:00,99.642
2025-05-20T09:00:00,161.869
2025-05-20T10:00:00,214.995
2025-05-20T11:00:00,250.499
2025-05-20T12:00:00,262.957
2025-05-20T13:00:00,250.499
2025-05-20T14:00:00,214.995
2025-05-20T15:00:00,161.869
2025-05-20T16:00:00,99.642
2025-05-20T17:00:00,39.635
2025-05-20T18:00:00,0.0
2025-05-20T19:00:00,0.0
2025-05-20T20:00:00,0.0
2025-05-20T21:00:00,0.0
2025-05-20T22:00:00,0.0
2025-05-20T23:00:00,0.0
2025-05-21T00:00:00,0.0
2025-05-21T01:00:00,0.0
2025-05-21T02:00:00,0.0
2025-05-21T03:00:00,0.0
2025-05-21T04:00:00,0.0
2025-05-21T05:00:00,0.0
2025-05-21T06:00:00,0.0
2025-05-21T07:00:00,39.719
2025-05-21T08:00:00,99.852
2025-05-21T09:00:00,162.21
2025-05-21T10:00:00,215.448
2025-05-21T11:00:00,251.027
2025-05-21T12:00:00,263.511
2025-05-21T13:00:00,251.027
2025-05-21T14:00:00,215.448
2025-05-21T15:00:00,162.21
2025-05-21T16:00:00,99.852
2025-05-21T17:00:00,39.719
2025-05-21T18:00:00,0.0
2025-05-21T19:00:00,0.0
2025-05-21T20:00:00,0.0
2025-05-21T21:00:00,0.0
2025-05-21T22:00:00,0.0
2025-05-21T23:00:00,0.0
2025-05-22T00:00:00,0.0
2025-05-22T01:00:00,0.0
2025-05-22T02:00:00,0.0
2025-05-22T03:00:00,0.0
2025-05-22T04:00:00,0.0
2025-05-22T05:00:00,0.0
2025-05-22T06:00:00,0.0
2025-05-22T07:00:00,39.8
2025-05-22T08:00:00,100.056
2025-05-22T09:00:00,162.541
2025-05-22T10:00:00,215.887
2025-05-22T11:00:00,251.539
2025-05-22T12:00:00,264.049
2025-05-22T13:00:00,251.539
2025-05-22T14:00:00,215.887
2025-05-22T15:00:00,162.541
2025-05-22T16:00:00,100.056
2025-05-22T17:00:00,39.8
2025-05-22T18:00:00,0.0
2025-05-22T19:00:00,0.0
2025-05-22T20:00:00,0.0
2025-05-22T21:00:00,0.0
2025-05-22T22:00:00,0.0
2025-05-22T23:00:00,0.0
2025-05-23T00:00:00,0.0
2025-05-23T01:00:00,0.0
2025-05-23T02:00:00,0.0
2025-05-23T03:00:00,0.0
2025-05-23T04:00:00,0.0
2025-05-23T05:00:00,0.0
2025-05-23T06:00:00,0.0
2025-05-23T07:00:00,39.878
2025-05-23T08:00:00,100.254
2025-05-23T09:00:00,162.862
2025-05-23T10:00:00,216.314
2025-05-23T11:00:00,252.036
2025-05-23T12:00:00,264.571
2025-05-23T13:00:00,252.036
2025-05-23T14:00:00,216.314
2025-05-23T15:00:00,162.862
2025-05-23T16:00:00,100.254
2025-05-23T17:00:00,39.878
2025-05-23T18:00:00,0.0
2025-05-23T19:00:00,0.0
2025-05-23T20:00:00,0.0
2025-05-23T21:00:00,0.0
2025-05-23T22:00:00,0.0
2025-05-23T23:00:00,0.0
2025-05-24T00:00:00,0.0
2025-05-24T01:00:00,0.0
2025-05-24T02:00:00,0.0
2025-05-24T03:00:00,0.0
2025-05-24T04:00:00,0.0
2025-05-24T05:00:00,0.0
2025-05-24T06:00:00,0.0
2025-05-24T07:00:00,39.955
2025-05-24T08:00:00,100.445
2025-05-24T09:00:00,163.174
2025-05-24T10:00:00,216.728
2025-05-24T11:00:00,252.518
2025-05-24T12:00:00,265.077
2025-05-24T13:00:00,252.518
2025-05-24T14:00:00,216.728
2025-05-24T15:00:00,163.174
2025-05-24T16:00:00,100.445
2025-05-24T17:00:00,39.955
2025-05-24T18:00:00,0.0
2025-05-24T19:00:00,0.0
2025-05-24T20:00:00,0.0
2025-05-24T21:00:00,0.0
2025-05-24T22:00:00,0.0
2025-05-24T23:00:00,0.0
2025-05-25T00:00:00,0.0
2025-05-25T01:00:00,0.0
2025-05-25T02:00:00,0.0
2025-05-25T03:00:00,0.0
2025-05-25T04:00:00,0.0
2025-05-25T05:00:00,0.0
2025-05-25T06:00:00,0.0
2025-05-25T07:00:00,40.028
2025-05-25T08:00:00,100.631
2025-05-25T09:00:00,163.475
2025-05-25T10:00:00,217.128
2025-05-25T11:00:00,252.985
2025-05-25T12:00:00,265.566
2025-05-25T13:00:00,252.985
2025-05-25T14:00:00,217.128
2025-05-25T15:00:00,163.475
2025-05-25T16:00:00,100.631
2025-05-25T17:00:00,40.028
2025-05-25T18:00:00,0.0
2025-05-25T19:00:00,0.0
2025-05-25T20:00:00,0.0
2025-05-25T21:00:00,0.0
2025-05-25T22:00:00,0.0
2025-05-25T23:00:00,0.0
2025-05-26T00:00:00,0.0
2025-05-26T01:00:00,0.0
2025-05-26T02:00:00,0.0
2025-05-26T03:00:00,0.0
2025-05-26T04:00:00,0.0
2025-05-26T05:00:00,0.0
2025-05-26T06:00:00,0.0
2025-05-26T07:00:00,40.1
2025-05-26T08:00:00,100.81
2025-05-26T09:00:00,163.767
2025-05-26T10:00:00,217.515
2025-05-26T11:00:00,253.436
2025-05-26T12:00:00,266.04
2025-05-26T13:00:00,253.436
2025-05-26T14:00:00,217.515
2025-05-26T15:00:00,163.767
2025-05-26T16:00:00,100.81
2025-05-26T17:00:00,40.1
2025-05-26T18:00:00,0.0
2025-05-26T19:00:00,0.0
2025-05-26T20:00:00,0.0
2025-05-26T21:00:00,0.0
2025-05-26T22:00:00,0.0
2025-05-26T23:00:00,0.0
2025-05-27T00:00:00,0.0
2025-05-27T01:00:00,0.0
2025-05-27T02:00:00,0.0
2025-05-27T03:00:00,0.0
2025-05-27T04:00:00,0.0
2025-05-27T05:00:00,0.0
2025-05-27T06:00:00,0.0
2025-05-27T07:00:00,40.169
2025-05-27T08:00:00,100.983
2025-05-27T09:00:00,164.048
2025-05-27T10:00:00,217.889
2025-05-27T11:00:00,253.871
2025-05-27T12:00:00,266.496
2025-05-27T13:00:00,253.871
2025-05-27T14:00:00,217.889
2025-05-27T15:00:00,164.048
2025-05-27T16:00:00,100.983
2025-05-27T17:00:00,40.169
2025-05-27T18:00:00,0.0
2025-05-27T19:00:00,0.0
2025-05-27T20:00:00,0.0
2025-05-27T21:00:00,0.0
2025-05-27T22:00:00,0.0
2025-05-27T23:00:00,0.0
2025-05-28T00:00:00,0.0
2025-05-28T01:00:00,0.0
2025-05-28T02:00:00,0.0
2025-05-28T03:00:00,0.0
2025-05-28T04:00:00,0.0
2025-05-28T05:00:00,0.0
2025-05-28T06:00:00,0.0
2025-05-28T07:00:00,40.235
2025-05-28T08:00:00,101.15
2025-05-28T09:00:00,164.319
2025-05-28T10:00:00,218.248
2025-05-28T11:00:00,254.29
2025-05-28T12:00:00,266.937
2025-05-28T13:00:00,254.29
2025-05-28T14:00:00,218.248
2025-05-28T15:00:00,164.319
2025-05-28T16:00:00,101.15
2025-05-28T17:00:00,40.235
2025-05-28T18:00:00,0.0
2025-05-28T19:00:00,0.0
2025-05-28T20:00:00,0.0
2025-05-28T21:00:00,0.0
2025-05-28T22:00:00,0.0
2025-05-28T23:00:00,0.0
2025-05-29T00:00:00,0.0
2025-05-29T01:00:00,0.0
2025-05-29T02:00:00,0.0
2025-05-29T03:00:00,0.0
2025-05-29T04:00:00,0.0
2025-05-29T05:00:00,0.0
2025-05-29T06:00:00,0.0
2025-05-29T07:00:00,40.299
2025-05-29T08:00:00,101.311
2025-05-29T09:00:00,164.579
2025-05-29T10:00:00,218.595
2025-05-29T11:00:00,254.694
2025-05-29T12:00:00,267.36
2025-05-29T13:00:00,254.694
2025-05-29T14:00:00,218.595
2025-05-29T15:00:00,164.579
2025-05-29T16:00:00,101.311
2025-05-29T17:00:00,40.299
2025-05-29T18:00:00,0.0
2025-05-29T19:00:00,0.0
2025-05-29T20:00:00,0.0
2025-05-29T21:00:00,0.0
2025-05-29T22:00:00,0.0
2025-05-29T23:00:00,0.0
2025-05-30T00:00:00,0.0
2025-05-30T01:00:00,0.0
2025-05-30T02:00:00,0.0
2025-05-30T03:00:00,0.0
2025-05-30T04:00:00,0.0
2025-05-30T05:00:00,0.0
2025-05-30T06:00:00,0.0
2025-05-30T07:00:00,40.36
2025-05-30T08:00:00,101.465
2025-05-30T09:00:00,164.83
2025-05-30T10:00:00,218.927
2025-05-30T11:00:00,255.081
2025-05-30T12:00:00,267.767
2025-05-30T13:00:00,255.081
2025-05-30T14:00:00,218.927
2025-05-30T15:00:00,164.83
2025-05-30T16:00:00,101.465
2025-05-30T17:00:00,40.36
2025-05-30T18:00:00,0.0
2025-05-30T19:00:00,0.0
2025-05-30T20:00:00,0.0
2025-05-30T21:00:00,0.0
2025-05-30T22:00:00,0.0
2025-05-30T23:00:00,0.0
2025-05-31T00:00:00,0.0
2025-05-31T01:00:00,0.0
2025-05-31T02:00:00,0.0
2025-05-31T03:00:00,0.0
2025-05-31T04:00:00,0.0
2025-05-31T05:00:00,0.0
2025-05-31T06:00:00,0.0
2025-05-31T07:00:00,40.419
2025-05-31T08:00:00,101.612
2025-05-31T09:00:00,165.069
2025-05-31T10:00:00,219.246
2025-05-31T11:00:00,255.452
2025-05-31T12:00:00,268.156
2025-05-31T13:00:00,255.452
2025-05-31T14:00:00,219.246
2025-05-31T15:00:00,165.069
2025-05-31T16:00:00,101.612
2025-05-31T17:00:00,40.419
2025-05-31T18:00:00,0.0
2025-05-31T19:00:00,0.0
2025-05-31T20:00:00,0.0
2025-05-31T21:00:00,0.0
2025-05-31T22:00:00,0.0
2025-05-31T23:00:00,0.0
2025-06-01T00:00:00,0.0
2025-06-01T01:00:00,0.0
2025-06-01T02:00:00,0.0
2025-06-01T03:00:00,0.0
2025-06-01T04:00:00,0.0
2025-06-01T05:00:00,0.0
2025-06-01T06:00:00,0.0
2025-06-01T07:00:00,40.475
2025-06-01T08:00:00,101.753
2025-06-01T09:00:00,165.299
2025-06-01T10:00:00,219.55
2025-06-01T11:00:00,255.807
2025-06-01T12:00:00,268.529
2025-06-01T13:00:00,255.807
2025-06-01T14:00:00,219.55
2025-06-01T15:00:00,165.299
2025-06-01T16:00:00,101.753
2025-06-01T17:00:00,40.475
2025-06-01T18:00:00,0.0
2025-06-01T19:00:00,0.0
2025-06-01T20:00:00,0.0
2025-06-01T21:00:00,0.0
2025-06-01T22:00:00,0.0
2025-06-01T23:00:00,0.0
2025-06-02T00:00:00,0.0
2025-06-02T01:00:00,0.0
2025-06-02T02:00:00,0.0
2025-06-02T03:00:00,0.0
2025-06-02T04:00:00,0.0
2025-06-02T05:00:00,0.0
2025-06-02T06:00:00,0.0
2025-06-02T07:00:00,40.528
2025-06-02T08:00:00,101.888
2025-06-02T09:00:00,165.517
2025-06-02T10:00:00,219.84
2025-06-02T11:00:00,256.145
2025-06-02T12:00:00,268.884
2025-06-02T13:00:00,256.145
2025-06-02T14:00:00,219.84
2025-06-02T15:00:00,165.517
2025-06-02T16:00:00,101.888
2025-06-02T17:00:00,40.528
2025-06-02T18:00:00,0.0
2025-06-02T19:00:00,0.0
2025-06-02T20:00:00,0.0
2025-06-02T21:00:00,0.0
2025-06-02T22:00:00,0.0
2025-06-02T23:00:00,0.0
2025-06-03T00:00:00,0.0
2025-06-03T01:00:00,0.0
2025-06-03T02:00:00,0.0
2025-06-03T03:00:00,0.0
2025-06-03T04:00:00,0.0
2025-06-03T05:00:00,0.0
2025-06-03T06:00:00,0.0
2025-06-03T07:00:00,40.579
2025-06-03T08:00:00,102.016
2025-06-03T09:00:00,165.725
2025-06-03T10:00:00,220.117
2025-06-03T11:00:00,256.467
2025-06-03T12:00:00,269.222
2025-06-03T13:00:00,256.467
2025-06-03T14:00:00,220.117
2025-06-03T15:00:00,165.725
2025-06-03T16:00:00,102.016
2025-06-03T17:00:00,40.579
2025-06-03T18:00:00,0.0
2025-06-03T19:00:00,0.0
2025-06-03T20:00:00,0.0
2025-06-03T21:00:00,0.0
2025-06-03T22:00:00,0.0
2025-06-03T23:00:00,0.0
2025-06-04T00:00:00,0.0
2025-06-04T01:00:00,0.0
2025-06-04T02:00:00,0.0
2025-06-04T03:00:00,0.0
2025-06-04T04:00:00,0.0
2025-06-04T05:00:00,0.0
2025-06-04T06:00:00,0.0
2025-06-04T07:00:00,40.628
2025-06-04T08:00:00,102.137
2025-06-04T09:00:00,165.923
2025-06-04T10:00:00,220.379
2025-06-04T11:00:00,256.772
2025-06-04T12:00:00,269.542
2025-06-04T13:00:00,256.772
2025-06-04T14:00:00,220.379
2025-06-04T15:00:00,165.923
2025-06-04T16:00:00,102.137
2025-06-04T17:00:00,40.628
2025-06-04T18:00:00,0.0
2025-06-04T19:00:00,0.0
2025-06-04T20:00:00,0.0
2025-06-04T21:00:00,0.0
2025-06-04T22:00:00,0.0
2025-06-04T23:00:00,0.0
2025-06-05T00:00:00,0.0
2025-06-05T01:00:00,0.0
2025-06-05T02:00:00,0.0
2025-06-05T03:00:00,0.0
2025-06-05T04:00:00,0.0
2025-06-05T05:00:00,0.0
2025-06-05T06:00:00,0.0
2025-06-05T07:00:00,40.673
2025-06-05T08:00:00,102.252
2025-06-05T09:00:00,166.109
2025-06-05T10:00:00,220.626
2025-06-05T11:00:00,257.061
2025-06-05T12:00:00,269.845
2025-06-05T13:00:00,257.061
2025-06-05T14:00:00,220.626
2025-06-05T15:00:00,166.109
2025-06-05T16:00:00,102.252
2025-06-05T17:00:00,40.673
2025-06-05T18:00:00,0.0
2025-06-05T19:00:00,0.0
2025-06-05T20:00:00,0.0
2025-06-05T21:00:00,0.0
2025-06-05T22:00:00,0.0
2025-06-05T23:00:00,0.0
2025-06-06T00:00:00,0.0
2025-06-06T01:00:00,0.0
2025-06-06T02:00:00,0.0
2025-06-06T03:00:00,0.0
2025-06-06T04:00:00,0.0
2025-06-06T05:00:00,0.0
2025-06-06T06:00:00,0.0
2025-06-06T07:00:00,40.716
2025-06-06T08:00:00,102.36
2025-06-06T09:00:00,166.285
2025-06-06T10:00:00,220.859
2025-06-06T11:00:00,257.332
2025-06-06T12:00:00,270.13
2025-06-06T13:00:00,257.332
2025-06-06T14:00:00,220.859
2025-06-06T15:00:00,166.285
2025-06-06T16:00:00,102.36
2025-06-06T17:00:00,40.716
2025-06-06T18:00:00,0.0
2025-06-06T19:00:00,0.0
2025-06-06T20:00:00,0.0
2025-06-06T21:00:00,0.0
2025-06-06T22:00:00,0.0
2025-06-06T23:00:00,0.0
2025-06-07T00:00:00,0.0
2025-06-07T01:00:00,0.0
2025-06-07T02:00:00,0.0
2025-06-07T03:00:00,0.0
2025-06-07T04:00:00,0.0
2025-06-07T05:00:00,0.0
2025-06-07T06:00:00,0.0
2025-06-07T07:00:00,40.757
2025-06-07T08:00:00,102.462
2025-06-07T09:00:00,166.449
2025-06-07T10:00:00,221.078
2025-06-07T11:00:00,257.587
2025-06-07T12:00:00,270.398
2025-06-07T13:00:00,257.587
2025-06-07T14:00:00,221.078
2025-06-07T15:00:00,166.449
2025-06-07T16:00:00,102.462
2025-06-07T17:00:00,40.757
2025-06-07T18:00:00,0.0
2025-06-07T19:00:00,0.0
2025-06-07T20:00:00,0.0
2025-06-07T21:00:00,0.0
2025-06-07T22:00:00,0.0
2025-06-07T23:00:00,0.0
2025-06-08T00:00:00,0.0
2025-06-08T01:00:00,0.0
2025-06-08T02:00:00,0.0
2025-06-08T03:00:00,0.0
2025-06-08T04:00:00,0.0
2025-06-08T05:00:00,0.0
2025-06-08T06:00:00,0.0
2025-06-08T07:00:00,40.794
2025-06-08T08:00:00,102.556
2025-06-08T09:00:00,166.603
2025-06-08T10:00:00,221.282
2025-06-08T11:00:00,257.825
2025-06-08T12:00:00,270.647
2025-06-08T13:00:00,257.825
2025-06-08T14:00:00,221.282
2025-06-08T15:00:00,166.603
2025-06-08T16:00:00,102.556
2025-06-08T17:00:00,40.794
2025-06-08T18:00:00,0.0
2025-06-08T19:00:00,0.0
2025-06-08T20:00:00,0.0
2025-06-08T21:00:00,0.0
2025-06-08T22:00:00,0.0
2025-06-08T23:00:00,0.0
2025-06-09T00:00:00,0.0
2025-06-09T01:00:00,0.0
2025-06-09T02:00:00,0.0
2025-06-09T03:00:00,0.0
2025-06-09T04:00:00,0.0
2025-06-09T05:00:00,0.0
2025-06-09T06:00:00,0.0
2025-06-09T07:00:00,40.829
2025-06-09T08:00:00,102.644
2025-06-09T09:00:00,166.746
2025-06-09T10:00:00,221.472
2025-06-09T11:00:00,258.046
2025-06-09T12:00:00,270.879
2025-06-09T13:00:00,258.046
2025-06-09T14:00:00,221.472
2025-06-09T15:00:00,166.746
2025-06-09T16:00:00,102.644
2025-06-09T17:00:00,40.829
2025-06-09T18:00:00,0.0
2025-06-09T19:00:00,0.0
2025-06-09T20:00:00,0.0
2025-06-09T21:00:00,0.0
2025-06-09T22:00:00,0.0
2025-06-09T23:00:00,0.0
2025-06-10T00:00:00,0.0
2025-06-10T01:00:00,0.0
2025-06-10T02:00:00,0.0
2025-06-10T03:00:00,0.0
2025-06-10T04:00:00,0.0
2025-06-10T05:00:00,0.0
2025-06-10T06:00:00,0.0
2025-06-10T07:00:00,40.861
2025-06-10T08:00:00,102.725
2025-06-10T09:00:00,166.878
2025-06-10T10:00:00,221.647
2025-06-10T11:00:00,258.25
2025-06-10T12:00:00,271.093
2025-06-10T13:00:00,258.25
2025-06-10T14:00:00,221.647
2025-06-10T15:00:00,166.878
2025-06-10T16:00:00,102.725
2025-06-10T17:00:00,40.861
2025-06-10T18:00:00,0.0
2025-06-10T19:00:00,0.0
2025-06-10T20:00:00,0.0
2025-06-10T21:00:00,0.0
2025-06-10T22:00:00,0.0
2025-06-10T23:00:00,0.0
2025-06-11T00:00:00,0.0
2025-06-11T01:00:00,0.0
2025-06-11T02:00:00,0.0
2025-06-11T03:00:00,0.0
2025-06-11T04:00:00,0.0
2025-06-11T05:00:00,0.0
2025-06-11T06:00:00,0.0
2025-06-11T07:00:00,40.891
2025-06-11T08:00:00,102.799
2025-06-11T09:00:00,166.998
2025-06-11T10:00:00,221.807
2025-06-11T11:00:00,258.437
2025-06-11T12:00:00,271.289
2025-06-11T13:00:00,258.437
2025-06-11T14:00:00,221.807
2025-06-11T15:00:00,166.998
2025-06-11T16:00:00,102.799
2025-06-11T17:00:00,40.891
2025-06-11T18:00:00,0.0
2025-06-11T19:00:00,0.0
2025-06-11T20:00:00,0.0
2025-06-11T21:00:00,0.0
2025-06-11T22:00:00,0.0
2025-06-11T23:00:00,0.0
2025-06-12T00:00:00,0.0
2025-06-12T01:00:00,0.0
2025-06-12T02:00:00,0.0
2025-06-12T03:00:00,0.0
2025-06-12T04:00:00,0.0
2025-06-12T05:00:00,0.0
2025-06-12T06:00:00,0.0
2025-06-12T07:00:00,40.918
2025-06-12T08:00:00,102.867
2025-06-12T09:00:00,167.108
2025-06-12T10:00:00,221.953
2025-06-12T11:00:00,258.606
2025-06-12T12:00:00,271.467
2025-06-12T13:00:00,258.606
2025-06-12T14:00:00,221.953
2025-06-12T15:00:00,167.108
2025-06-12T16:00:00,102.867
2025-06-12T17:00:00,40.918
2025-06-12T18:00:00,0.0
2025-06-12T19:00:00,0.0
2025-06-12T20:00:00,0.0
2025-06-12T21:00:00,0.0
2025-06-12T22:00:00,0.0
2025-06-12T23:00:00,0.0
2025-06-13T00:00:00,0.0
2025-06-13T01:00:00,0.0
2025-06-13T02:00:00,0.0
2025-06-13T03:00:00,0.0
2025-06-13T04:00:00,0.0
2025-06-13T05:00:00,0.0
2025-06-13T06:00:00,0.0
2025-06-13T07:00:00,40.942
2025-06-13T08:00:00,102.927
2025-06-13T09:00:00,167.206
2025-06-13T10:00:00,222.083
2025-06-13T11:00:00,258.758
2025-06-13T12:00:00,271.627
2025-06-13T13:00:00,258.758
2025-06-13T14:00:00,222.083
2025-06-13T15:00:00,167.206
2025-06-13T16:00:00,102.927
2025-06-13T17:00:00,40.942
2025-06-13T18:00:00,0.0
2025-06-13T19:00:00,0.0
2025-06-13T20:00:00,0.0
2025-06-13T21:00:00,0.0
2025-06-13T22:00:00,0.0
2025-06-13T23:00:00,0.0
2025-06-14T00:00:00,0.0
2025-06-14T01:00:00,0.0
2025-06-14T02:00:00,0.0
2025-06-14T03:00:00,0.0
2025-06-14T04:00:00,0.0
2025-06-14T05:00:00,0.0
2025-06-14T06:00:00,0.0
2025-06-14T07:00:00,40.963
2025-06-14T08:00:00,102.981
2025-06-14T09:00:00,167.293
2025-06-14T10:00:00,222.199
2025-06-14T11:00:00,258.893
2025-06-14T12:00:00,271.769
2025-06-14T13:00:00,258.893
2025-06-14T14:00:00,222.199
2025-06-14T15:00:00,167.293
2025-06-14T16:00:00,102.981
2025-06-14T17:00:00,40.963
2025-06-14T18:00:00,0.0
2025-06-14T19:00:00,0.0
2025-06-14T20:00:00,0.0
2025-06-14T21:00:00,0.0
2025-06-14T22:00:00,0.0
2025-06-14T23:00:00,0.0
2025-06-15T00:00:00,0.0
2025-06-15T01:00:00,0.0
2025-06-15T02:00:00,0.0
2025-06-15T03:00:00,0.0
2025-06-15T04:00:00,0.0
2025-06-15T05:00:00,0.0
2025-06-15T06:00:00,0.0
2025-06-15T07:00:00,40.982
2025-06-15T08:00:00,103.028
2025-06-15T09:00:00,167.369
2025-06-15T10:00:00,222.3
2025-06-15T11:00:00,259.011
2025-06-15T12:00:00,271.892
2025-06-15T13:00:00,259.011
2025-06-15T14:00:00,222.3
2025-06-15T15:00:00,167.369
2025-06-15T16:00:00,103.028
2025-06-15T17:00:00,40.982
2025-06-15T18:00:00,0.0
2025-06-15T19:00:00,0.0
2025-06-15T20:00:00,0.0
2025-06-15T21:00:00,0.0
2025-06-15T22:00:00,0.0
2025-06-15T23:00:00,0.0
2025-06-16T00:00:00,0.0
2025-06-16T01:00:00,0.0
2025-06-16T02:00:00,0.0
2025-06-16T03:00:00,0.0
2025-06-16T04:00:00,0.0
2025-06-16T05:00:00,0.0
2025-06-16T06:00:00,0.0
2025-06-16T07:00:00,40.998
2025-06-16T08:00:00,103.068
2025-06-16T09:00:00,167.434
2025-06-16T10:00:00,222.386
2025-06-16T11:00:00,259.111
2025-06-16T12:00:00,271.997
2025-06-16T13:00:00,259.111
2025-06-16T14:00:00,222.386
2025-06-16T15:00:00,167.434
2025-06-16T16:00:00,103.068
2025-06-16T17:00:00,40.998
2025-06-16T18:00:00,0.0
2025-06-16T19:00:00,0.0
2025-06-16T20:00:00,0.0
2025-06-16T21:00:00,0.0
2025-06-16T22:00:00,0.0
2025-06-16T23:00:00,0.0
2025-06-17T00:00:00,0.0
2025-06-17T01:00:00,0.0
2025-06-17T02:00:00,0.0
2025-06-17T03:00:00,0.0
2025-06-17T04:00:00,0.0
2025-06-17T05:00:00,0.0
2025-06-17T06:00:00,0.0
2025-06-17T07:00:00,41.011
2025-06-17T08:00:00,103.101
2025-06-17T09:00:00,167.488
2025-06-17T10:00:00,222.457
2025-06-17T11:00:00,259.194
2025-06-17T12:00:00,272.084
2025-06-17T13:00:00,259.194
2025-06-17T14:00:00,222.457
2025-06-17T15:00:00,167.488
2025-06-17T16:00:00,103.101
2025-06-17T17:00:00,41.011
2025-06-17T18:00:00,0.0
2025-06-17T19:00:00,0.0
2025-06-17T20:00:00,0.0
2025-06-17T21:00:00,0.0
2025-06-17T22:00:00,0.0
2025-06-17T23:00:00,0.0
2025-06-18T00:00:00,0.0
2025-06-18T01:00:00,0.0
2025-06-18T02:00:00,0.0
2025-06-18T03:00:00,0.0
2025-06-18T04:00:00,0.0
2025-06-18T05:00:00,0.0
2025-06-18T06:00:00,0.0
2025-06-18T07:00:00,41.021
2025-06-18T08:00:00,103.127
2025-06-18T09:00:00,167.53
2025-06-18T10:00:00,222.513
2025-06-18T11:00:00,259.26
2025-06-18T12:00:00,272.153
2025-06-18T13:00:00,259.26
2025-06-18T14:00:00,222.513
2025-06-18T15:00:00,167.53
2025-06-18T16:00:00,103.127
2025-06-18T17:00:00,41.021
2025-06-18T18:00:00,0.0
2025-06-18T19:00:00,0.0
2025-06-18T20:00:00,0.0
2025-06-18T21:00:00,0.0
2025-06-18T22:00:00,0.0
2025-06-18T23:00:00,0.0
2025-06-19T00:00:00,0.0
2025-06-19T01:00:00,0.0
2025-06-19T02:00:00,0.0
2025-06-19T03:00:00,0.0
2025-06-19T04:00:00,0.0
2025-06-19T05:00:00,0.0
2025-06-19T06:00:00,0.0
2025-06-19T07:00:00,41.029
2025-06-19T08:00:00,103.146
2025-06-19T09:00:00,167.561
2025-06-19T10:00:00,222.555
2025-06-19T11:00:00,259.308
2025-06-19T12:00:00,272.204
2025-06-19T13:00:00,259.308
2025-06-19T14:00:00,222.555
2025-06-19T15:00:00,167.561
2025-06-19T16:00:00,103.146
2025-06-19T17:00:00,41.029
2025-06-19T18:00:00,0.0
2025-06-19T19:00:00,0.0
2025-06-19T20:00:00,0.0
2025-06-19T21:00:00,0.0
2025-06-19T22:00:00,0.0
2025-06-19T23:00:00,0.0
2025-06-20T00:00:00,0.0
2025-06-20T01:00:00,0.0
2025-06-20T02:00:00,0.0
2025-06-20T03:00:00,0.0
2025-06-20T04:00:00,0.0
2025-06-20T05:00:00,0.0
2025-06-20T06:00:00,0.0
2025-06-20T07:00:00,41.034
2025-06-20T08:00:00,103.158
2025-06-20T09:00:00,167.581
2025-06-20T10:00:00,222.581
2025-06-20T11:00:00,259.338
2025-06-20T12:00:00,272.236
2025-06-20T13:00:00,259.338
2025-06-20T14:00:00,222.581
2025-06-20T15:00:00,167.581
2025-06-20T16:00:00,103.158
2025-06-20T17:00:00,41.034
2025-06-20T18:00:00,0.0
2025-06-20T19:00:00,0.0
2025-06-20T20:00:00,0.0
2025-06-20T21:00:00,0.0
2025-06-20T22:00:00,0.0
2025-06-20T23:00:00,0.0
2025-06-21T00:00:00,0.0
2025-06-21T01:00:00,0.0
2025-06-21T02:00:00,0.0
2025-06-21T03:00:00,0.0
2025-06-21T04:00:00,0.0
2025-06-21T05:00:00,0.0
2025-06-21T06:00:00,0.0
2025-06-21T07:00:00,41.036
2025-06-21T08:00:00,103.163
2025-06-21T09:00:00,167.589
2025-06-21T10:00:00,222.592
2025-06-21T11:00:00,259.351
2025-06-21T12:00:00,272.249
2025-06-21T13:00:00,259.351
2025-06-21T14:00:00,222.592
2025-06-21T15:00:00,167.589
2025-06-21T16:00:00,103.163
2025-06-21T17:00:00,41.036
2025-06-21T18:00:00,0.0
2025-06-21T19:00:00,0.0
2025-06-21T20:00:00,0.0
2025-06-21T21:00:00,0.0
2025-06-21T22:00:00,0.0
2025-06-21T23:00:00,0.0
2025-06-22T00:00:00,0.0
2025-06-22T01:00:00,0.0
2025-06-22T02:00:00,0.0
2025-06-22T03:00:00,0.0
2025-06-22T04:00:00,0.0
2025-06-22T05:00:00,0.0
2025-06-22T06:00:00,0.0
2025-06-22T07:00:00,41.035
2025-06-22T08:00:00,103.162
2025-06-22T09:00:00,167.586
2025-06-22T10:00:00,222.588
2025-06-22T11:00:00,259.347
2025-06-22T12:00:00,272.245
2025-06-22T13:00:00,259.347
2025-06-22T14:00:00,222.588
2025-06-22T15:00:00,167.586
2025-06-22T16:00:00,103.162
2025-06-22T17:00:00,41.035
2025-06-22T18:00:00,0.0
2025-06-22T19:00:00,0.0
2025-06-22T20:00:00,0.0
2025-06-22T21:00:00,0.0
2025-06-22T22:00:00,0.0
2025-06-22T23:00:00,0.0
2025-06-23T00:00:00,0.0
2025-06-23T01:00:00,0.0
2025-06-23T02:00:00,0.0
2025-06-23T03:00:00,0.0
2025-06-23T04:00:00,0.0
2025-06-23T05:00:00,0.0
2025-06-23T06:00:00,0.0
2025-06-23T07:00:00,41.032
2025-06-23T08:00:00,103.153
2025-06-23T09:00:00,167.572
2025-06-23T10:00:00,222.57
2025-06-23T11:00:00,259.325
2025-06-23T12:00:00,272.222
2025-06-23T13:00:00,259.325
2025-06-23T14:00:00,222.57
2025-06-23T15:00:00,167.572
2025-06-23T16:00:00,103.153
2025-06-23T17:00:00,41.032
2025-06-23T18:00:00,0.0
2025-06-23T19:00:00,0.0
2025-06-23T20:00:00,0.0
2025-06-23T21:00:00,0.0
2025-06-23T22:00:00,0.0
2025-06-23T23:00:00,0.0
2025-06-24T00:00:00,0.0
2025-06-24T01:00:00,0.0
2025-06-24T02:00:00,0.0
2025-06-24T03:00:00,0.0
2025-06-24T04:00:00,0.0
2025-06-24T05:00:00,0.0
2025-06-24T06:00:00,0.0
2025-06-24T07:00:00,41.025
2025-06-24T08:00:00,103.137
2025-06-24T09:00:00,167.547
2025-06-24T10:00:00,222.536
2025-06-24T11:00:00,259.286
2025-06-24T12:00:00,272.181
2025-06-24T13:00:00,259.286
2025-06-24T14:00:00,222.536
2025-06-24T15:00:00,167.547
2025-06-24T16:00:00,103.137
2025-06-24T17:00:00,41.025
2025-06-24T18:00:00,0.0
2025-06-24T19:00:00,0.0
2025-06-24T20:00:00,0.0
2025-06-24T21:00:00,0.0
2025-06-24T22:00:00,0.0
2025-06-24T23:00:00,0.0
2025-06-25T00:00:00,0.0
2025-06-25T01:00:00,0.0
2025-06-25T02:00:00,0.0
2025-06-25T03:00:00,0.0
2025-06-25T04:00:00,0.0
2025-06-25T05:00:00,0.0
2025-06-25T06:00:00,0.0
2025-06-25T07:00:00,41.016
2025-06-25T08:00:00,103.115
2025-06-25T09:00:00,167.51
2025-06-25T10:00:00,222.487
2025-06-25T11:00:00,259.229
2025-06-25T12:00:00,272.121
2025-06-25T13:00:00,259.229
2025-06-25T14:00:00,222.487
2025-06-25T15:00:00,167.51
2025-06-25T16:00:00,103.115
2025-06-25T17:00:00,41.016
2025-06-25T18:00:00,0.0
2025-06-25T19:00:00,0.0
2025-06-25T20:00:00,0.0
2025-06-25T21:00:00,0.0
2025-06-25T22:00:00,0.0
2025-06-25T23:00:00,0.0
2025-06-26T00:00:00,0.0
2025-06-26T01:00:00,0.0
2025-06-26T02:00:00,0.0
2025-06-26T03:00:00,0.0
2025-06-26T04:00:00,0.0
2025-06-26T05:00:00,0.0
2025-06-26T06:00:00,0.0
2025-06-26T07:00:00,41.005
2025-06-26T08:00:00,103.085
2025-06-26T09:00:00,167.462
2025-06-26T10:00:00,222.424
2025-06-26T11:00:00,259.155
2025-06-26T12:00:00,272.043
2025-06-26T13:00:00,259.155
2025-06-26T14:00:00,222.424
2025-06-26T15:00:00,167.462
2025-06-26T16:00:00,103.085
2025-06-26T17:00:00,41.005
2025-06-26T18:00:00,0.0
2025-06-26T19:00:00,0.0
2025-06-26T20:00:00,0.0
2025-06-26T21:00:00,0.0
2025-06-26T22:00:00,0.0
2025-06-26T23:00:00,0.0
2025-06-27T00:00:00,0.0
2025-06-27T01:00:00,0.0
2025-06-27T02:00:00,0.0
2025-06-27T03:00:00,0.0
2025-06-27T04:00:00,0.0
2025-06-27T05:00:00,0.0
2025-06-27T06:00:00,0.0
2025-06-27T07:00:00,40.99
2025-06-27T08:00:00,103.049
2025-06-27T09:00:00,167.403
2025-06-27T10:00:00,222.345
2025-06-27T11:00:00,259.063
2025-06-27T12:00:00,271.947
2025-06-27T13:00:00,259.063
2025-06-27T14:00:00,222.345
2025-06-27T15:00:00,167.403
2025-06-27T16:00:00,103.049
2025-06-27T17:00:00,40.99
2025-06-27T18:00:00,0.0
2025-06-27T19:00:00,0.0
2025-06-27T20:00:00,0.0
2025-06-27T21:00:00,0.0
2025-06-27T22:00:00,0.0
2025-06-27T23:00:00,0.0
2025-06-28T00:00:00,0.0
2025-06-28T01:00:00,0.0
2025-06-28T02:00:00,0.0
2025-06-28T03:00:00,0.0
2025-06-28T04:00:00,0.0
2025-06-28T05:00:00,0.0
2025-06-28T06:00:00,0.0
2025-06-28T07:00:00,40.973
2025-06-28T08:00:00,103.005
2025-06-28T09:00:00,167.333
2025-06-28T10:00:00,222.251
2025-06-28T11:00:00,258.954
2025-06-28T12:00:00,271.833
2025-06-28T13:00:00,258.954
2025-06-28T14:00:00,222.251
2025-06-28T15:00:00,167.333
2025-06-28T16:00:00,103.005
2025-06-28T17:00:00,40.973
2025-06-28T18:00:00,0.0
2025-06-28T19:00:00,0.0
2025-06-28T20:00:00,0.0
2025-06-28T21:00:00,0.0
2025-06-28T22:00:00,0.0
2025-06-28T23:00:00,0.0
2025-06-29T00:00:00,0.0
2025-06-29T01:00:00,0.0
2025-06-29T02:00:00,0.0
2025-06-29T03:00:00,0.0
2025-06-29T04:00:00,0.0
2025-06-29T05:00:00,0.0
2025-06-29T06:00:00,0.0
2025-06-29T07:00:00,40.953
2025-06-29T08:00:00,102.955
2025-06-29T09:00:00,167.251
2025-06-29T10:00:00,222.143
2025-06-29T11:00:00,258.828
2025-06-29T12:00:00,271.7
2025-06-29T13:00:00,258.828
2025-06-29T14:00:00,222.143
2025-06-29T15:00:00,167.251
2025-06-29T16:00:00,102.955
2025-06-29T17:00:00,40.953
2025-06-29T18:00:00,0.0
2025-06-29T19:00:00,0.0
2025-06-29T20:00:00,0.0
2025-06-29T21:00:00,0.0
2025-06-29T22:00:00,0.0
2025-06-29T23:00:00,0.0
2025-06-30T00:00:00,0.0
2025-06-30T01:00:00,0.0
2025-06-30T02:00:00,0.0
2025-06-30T03:00:00,0.0
2025-06-30T04:00:00,0.0
2025-06-30T05:00:00,0.0
2025-06-30T06:00:00,0.0
2025-06-30T07:00:00,40.93
2025-06-30T08:00:00,102.898
2025-06-30T09:00:00,167.158
2025-06-30T10:00:00,222.02
2025-06-30T11:00:00,258.684
2025-06-30T12:00:00,271.549
2025-06-30T13:00:00,258.684
2025-06-30T14:00:00,222.02
2025-06-30T15:00:00,167.158
2025-06-30T16:00:00,102.898
2025-06-30T17:00:00,40.93
2025-06-30T18:00:00,0.0
2025-06-30T19:00:00,0.0
2025-06-30T20:00:00,0.0
2025-06-30T21:00:00,0.0
2025-06-30T22:00:00,0.0
2025-06-30T23:00:00,0.0
2025-07-01T00:00:00,0.0
2025-07-01T01:00:00,0.0
2025-07-01T02:00:00,0.0
2025-07-01T03:00:00,0.0
2025-07-01T04:00:00,0.0
2025-07-01T05:00:00,0.0
2025-07-01T06:00:00,0.0
2025-07-01T07:00:00,40.905
2025-07-01T08:00:00,102.834
2025-07-01T09:00:00,167.054
2025-07-01T10:00:00,221.882
2025-07-01T11:00:00,258.523
2025-07-01T12:00:00,271.381
2025-07-01T13:00:00,258.523
2025-07-01T14:00:00,221.882
2025-07-01T15:00:00,167.054
2025-07-01T16:00:00,102.834
2025-07-01T17:00:00,40.905
2025-07-01T18:00:00,0.0
2025-07-01T19:00:00,0.0
2025-07-01T20:00:00,0.0
2025-07-01T21:00:00,0.0
2025-07-01T22:00:00,0.0
2025-07-01T23:00:00,0.0
2025-07-02T00:00:00,0.0
2025-07-02T01:00:00,0.0
2025-07-02T02:00:00,0.0
2025-07-02T03:00:00,0.0
2025-07-02T04:00:00,0.0
2025-07-02T05:00:00,0.0
2025-07-02T06:00:00,0.0
2025-07-02T07:00:00,40.877
2025-07-02T08:00:00,102.763
2025-07-02T09:00:00,166.939
2025-07-02T10:00:00,221.729
2025-07-02T11:00:00,258.345
2025-07-02T12:00:00,271.194
2025-07-02T13:00:00,258.345
2025-07-02T14:00:00,221.729
2025-07-02T15:00:00,166.939
2025-07-02T16:00:00,102.763
2025-07-02T17:00:00,40.877
2025-07-02T18:00:00,0.0
2025-07-02T19:00:00,0.0
2025-07-02T20:00:00,0.0
2025-07-02T21:00:00,0.0
2025-07-02T22:00:00,0.0
2025-07-02T23:00:00,0.0
2025-07-03T00:00:00,0.0
2025-07-03T01:00:00,0.0
2025-07-03T02:00:00,0.0
2025-07-03T03:00:00,0.0
2025-07-03T04:00:00,0.0
2025-07-03T05:00:00,0.0
2025-07-03T06:00:00,0.0
2025-07-03T07:00:00,40.846
2025-07-03T08:00:00,102.685
2025-07-03T09:00:00,166.813
2025-07-03T10:00:00,221.561
2025-07-03T11:00:00,258.15
2025-07-03T12:00:00,270.989
2025-07-03T13:00:00,258.15
2025-07-03T14:00:00,221.561
2025-07-03T15:00:00,166.813
2025-07-03T16:00:00,102.685
2025-07-03T17:00:00,40.846
2025-07-03T18:00:00,0.0
2025-07-03T19:00:00,0.0
2025-07-03T20:00:00,0.0
2025-07-03T21:00:00,0.0
2025-07-03T22:00:00,0.0
2025-07-03T23:00:00,0.0
2025-07-04T00:00:00,0.0
2025-07-04T01:00:00,0.0
2025-07-04T02:00:00,0.0
2025-07-04T03:00:00,0.0
2025-07-04T04:00:00,0.0
2025-07-04T05:00:00,0.0
2025-07-04T06:00:00,0.0
2025-07-04T07:00:00,40.812
2025-07-04T08:00:00,102.601
2025-07-04T09:00:00,166.676
2025-07-04T10:00:00,221.379
2025-07-04T11:00:00,257.938
2025-07-04T12:00:00,270.766
2025-07-04T13:00:00,257.938
2025-07-04T14:00:00,221.379
2025-07-04T15:00:00,166.676
2025-07-04T16:00:00,102.601
2025-07-04T17:00:00,40.812
2025-07-04T18:00:00,0.0
2025-07-04T19:00:00,0.0
2025-07-04T20:00:00,0.0
2025-07-04T21:00:00,0.0
2025-07-04T22:00:00,0.0
2025-07-04T23:00:00,0.0
2025-07-05T00:00:00,0.0
2025-07-05T01:00:00,0.0
2025-07-05T02:00:00,0.0
2025-07-05T03:00:00,0.0
2025-07-05T04:00:00,0.0
2025-07-05T05:00:00,0.0
2025-07-05T06:00:00,0.0
2025-07-05T07:00:00,40.776
2025-07-05T08:00:00,102.51
2025-07-05T09:00:00,166.528
2025-07-05T10:00:00,221.182
2025-07-05T11:00:00,257.708
2025-07-05T12:00:00,270.525
2025-07-05T13:00:00,257.708
2025-07-05T14:00:00,221.182
2025-07-05T15:00:00,166.528
2025-07-05T16:00:00,102.51
2025-07-05T17:00:00,40.776
2025-07-05T18:00:00,0.0
2025-07-05T19:00:00,0.0
2025-07-05T20:00:00,0.0
2025-07-05T21:00:00,0.0
2025-07-05T22:00:00,0.0
2025-07-05T23:00:00,0.0
2025-07-06T00:00:00,0.0
2025-07-06T01:00:00,0.0
2025-07-06T02:00:00,0.0
2025-07-06T03:00:00,0.0
2025-07-06T04:00:00,0.0
2025-07-06T05:00:00,0.0
2025-07-06T06:00:00,0.0
2025-07-06T07:00:00,40.737
2025-07-06T08:00:00,102.412
2025-07-06T09:00:00,166.368
2025-07-06T10:00:00,220.971
2025-07-06T11:00:00,257.462
2025-07-06T12:00:00,270.266
2025-07-06T13:00:00,257.462
2025-07-06T14:00:00,220.971
2025-07-06T15:00:00,166.368
2025-07-06T16:00:00,102.412
2025-07-06T17:00:00,40.737
2025-07-06T18:00:00,0.0
2025-07-06T19:00:00,0.0
2025-07-06T20:00:00,0.0
2025-07-06T21:00:00,0.0
2025-07-06T22:00:00,0.0
2025-07-06T23:00:00,0.0
2025-07-07T00:00:00,0.0
2025-07-07T01:00:00,0.0
2025-07-07T02:00:00,0.0
2025-07-07T03:00:00,0.0
2025-07-07T04:00:00,0.0
2025-07-07T05:00:00,0.0
2025-07-07T06:00:00,0.0
2025-07-07T07:00:00,40.695
2025-07-07T08:00:00,102.307
2025-07-07T09:00:00,166.198
2025-07-07T10:00:00,220.745
2025-07-07T11:00:00,257.199
2025-07-07T12:00:00,269.99
2025-07-07T13:00:00,257.199
2025-07-07T14:00:00,220.745
2025-07-07T15:00:00,166.198
2025-07-07T16:00:00,102.307
2025-07-07T17:00:00,40.695
2025-07-07T18:00:00,0.0
2025-07-07T19:00:00,0.0
2025-07-07T20:00:00,0.0
2025-07-07T21:00:00,0.0
2025-07-07T22:00:00,0.0
2025-07-07T23:00:00,0.0
2025-07-08T00:00:00,0.0
2025-07-08T01:00:00,0.0
2025-07-08T02:00:00,0.0
2025-07-08T03:00:00,0.0
2025-07-08T04:00:00,0.0
2025-07-08T05:00:00,0.0
2025-07-08T06:00:00,0.0
2025-07-08T07:00:00,40.651
2025-07-08T08:00:00,102.196
2025-07-08T09:00:00,166.017
2025-07-08T10:00:00,220.504
2025-07-08T11:00:00,256.918
2025-07-08T12:00:00,269.696
2025-07-08T13:00:00,256.918
2025-07-08T14:00:00,220.504
2025-07-08T15:00:00,166.017
2025-07-08T16:00:00,102.196
2025-07-08T17:00:00,40.651
2025-07-08T18:00:00,0.0
2025-07-08T19:00:00,0.0
2025-07-08T20:00:00,0.0
2025-07-08T21:00:00,0.0
2025-07-08T22:00:00,0.0
2025-07-08T23:00:00,0.0
2025-07-09T00:00:00,0.0
2025-07-09T01:00:00,0.0
2025-07-09T02:00:00,0.0
2025-07-09T03:00:00,0.0
2025-07-09T04:00:00,0.0
2025-07-09T05:00:00,0.0
2025-07-09T06:00:00,0.0
2025-07-09T07:00:00,40.604
2025-07-09T08:00:00,102.077
2025-07-09T09:00:00,165.825
2025-07-09T10:00:00,220.249
2025-07-09T11:00:00,256.622
2025-07-09T12:00:00,269.384
2025-07-09T13:00:00,256.622
2025-07-09T14:00:00,220.249
2025-07-09T15:00:00,165.825
2025-07-09T16:00:00,102.077
2025-07-09T17:00:00,40.604
2025-07-09T18:00:00,0.0
2025-07-09T19:00:00,0.0
2025-07-09T20:00:00,0.0
2025-07-09T21:00:00,0.0
2025-07-09T22:00:00,0.0
2025-07-09T23:00:00,0.0
2025-07-10T00:00:00,0.0
2025-07-10T01:00:00,0.0
2025-07-10T02:00:00,0.0
2025-07-10T03:00:00,0.0
2025-07-10T04:00:00,0.0
2025-07-10T05:00:00,0.0
2025-07-10T06:00:00,0.0
2025-07-10T07:00:00,40.554
2025-07-10T08:00:00,101.953
2025-07-10T09:00:00,165.623
2025-07-10T10:00:00,219.98
2025-07-10T11:00:00,256.308
2025-07-10T12:00:00,269.055
2025-07-10T13:00:00,256.308
2025-07-10T14:00:00,219.98
2025-07-10T15:00:00,165.623
2025-07-10T16:00:00,101.953
2025-07-10T17:00:00,40.554
2025-07-10T18:00:00,0.0
2025-07-10T19:00:00,0.0
2025-07-10T20:00:00,0.0
2025-07-10T21:00:00,0.0
2025-07-10T22:00:00,0.0
2025-07-10T23:00:00,0.0
2025-07-11T00:00:00,0.0
2025-07-11T01:00:00,0.0
2025-07-11T02:00:00,0.0
2025-07-11T03:00:00,0.0
2025-07-11T04:00:00,0.0
2025-07-11T05:00:00,0.0
2025-07-11T06:00:00,0.0
2025-07-11T07:00:00,40.502
2025-07-11T08:00:00,101.821
2025-07-11T09:00:00,165.409
2025-07-11T10:00:00,219.697
2025-07-11T11:00:00,255.978
2025-07-11T12:00:00,268.708
2025-07-11T13:00:00,255.978
2025-07-11T14:00:00,219.697
2025-07-11T15:00:00,165.409
2025-07-11T16:00:00,101.821
2025-07-11T17:00:00,40.502
2025-07-11T18:00:00,0.0
2025-07-11T19:00:00,0.0
2025-07-11T20:00:00,0.0
2025-07-11T21:00:00,0.0
2025-07-11T22:00:00,0.0
2025-07-11T23:00:00,0.0
2025-07-12T00:00:00,0.0
2025-07-12T01:00:00,0.0
2025-07-12T02:00:00,0.0
2025-07-12T03:00:00,0.0
2025-07-12T04:00:00,0.0
2025-07-12T05:00:00,0.0
2025-07-12T06:00:00,0.0
2025-07-12T07:00:00,40.447
2025-07-12T08:00:00,101.684
2025-07-12T09:00:00,165.185
2025-07-12T10:00:00,219.4
2025-07-12T11:00:00,255.631
2025-07-12T12:00:00,268.345
2025-07-12T13:00:00,255.631
2025-07-12T14:00:00,219.4
2025-07-12T15:00:00,165.185
2025-07-12T16:00:00,101.684
2025-07-12T17:00:00,40.447
2025-07-12T18:00:00,0.0
2025-07-12T19:00:00,0.0
2025-07-12T20:00:00,0.0
2025-07-12T21:00:00,0.0
2025-07-12T22:00:00,0.0
2025-07-12T23:00:00,0.0
2025-07-13T00:00:00,0.0
2025-07-13T01:00:00,0.0
2025-07-13T02:00:00,0.0
2025-07-13T03:00:00,0.0
2025-07-13T04:00:00,0.0
2025-07-13T05:00:00,0.0
2025-07-13T06:00:00,0.0
2025-07-13T07:00:00,40.39
2025-07-13T08:00:00,101.539
2025-07-13T09:00:00,164.951
2025-07-13T10:00:00,219.088
2025-07-13T11:00:00,255.268
2025-07-13T12:00:00,267.964
2025-07-13T13:00:00,255.268
2025-07-13T14:00:00,219.088
2025-07-13T15:00:00,164.951
2025-07-13T16:00:00,101.539
2025-07-13T17:00:00,40.39
2025-07-13T18:00:00,0.0
2025-07-13T19:00:00,0.0
2025-07-13T20:00:00,0.0
2025-07-13T21:00:00,0.0
2025-07-13T22:00:00,0.0
2025-07-13T23:00:00,0.0
2025-07-14T00:00:00,0.0
2025-07-14T01:00:00,0.0
2025-07-14T02:00:00,0.0
2025-07-14T03:00:00,0.0
2025-07-14T04:00:00,0.0
2025-07-14T05:00:00,0.0
2025-07-14T06:00:00,0.0
2025-07-14T07:00:00,40.33
2025-07-14T08:00:00,101.388
2025-07-14T09:00:00,164.706
2025-07-14T10:00:00,218.763
2025-07-14T11:00:00,254.889
2025-07-14T12:00:00,267.565
2025-07-14T13:00:00,254.889
2025-07-14T14:00:00,218.763
2025-07-14T15:00:00,164.706
2025-07-14T16:00:00,101.388
2025-07-14T17:00:00,40.33
2025-07-14T18:00:00,0.0
2025-07-14T19:00:00,0.0
2025-07-14T20:00:00,0.0
2025-07-14T21:00:00,0.0
2025-07-14T22:00:00,0.0
2025-07-14T23:00:00,0.0
2025-07-15T00:00:00,0.0
2025-07-15T01:00:00,0.0
2025-07-15T02:00:00,0.0
2025-07-15T03:00:00,0.0
2025-07-15T04:00:00,0.0
2025-07-15T05:00:00,0.0
2025-07-15T06:00:00,0.0
2025-07-15T07:00:00,40.267
2025-07-15T08:00:00,101.231
2025-07-15T09:00:00,164.45
2025-07-15T10:00:00,218.423
2025-07-15T11:00:00,254.494
2025-07-15T12:00:00,267.15
2025-07-15T13:00:00,254.494
2025-07-15T14:00:00,218.423
2025-07-15T15:00:00,164.45
2025-07-15T16:00:00,101.231
2025-07-15T17:00:00,40.267
2025-07-15T18:00:00,0.0
2025-07-15T19:00:00,0.0
2025-07-15T20:00:00,0.0
2025-07-15T21:00:00,0.0
2025-07-15T22:00:00,0.0
2025-07-15T23:00:00,0.0
2025-07-16T00:00:00,0.0
2025-07-16T01:00:00,0.0
2025-07-16T02:00:00,0.0
2025-07-16T03:00:00,0.0
2025-07-16T04:00:00,0.0
2025-07-16T05:00:00,0.0
2025-07-16T06:00:00,0.0
2025-07-16T07:00:00,40.202
2025-07-16T08:00:00,101.067
2025-07-16T09:00:00,164.185
2025-07-16T10:00:00,218.07
2025-07-16T11:00:00,254.082
2025-07-16T12:00:00,266.719
2025-07-16T13:00:00,254.082
2025-07-16T14:00:00,218.07
2025-07-16T15:00:00,164.185
2025-07-16T16:00:00,101.067
2025-07-16T17:00:00,40.202
2025-07-16T18:00:00,0.0
2025-07-16T19:00:00,0.0
2025-07-16T20:00:00,0.0
2025-07-16T21:00:00,0.0
2025-07-16T22:00:00,0.0
2025-07-16T23:00:00,0.0
2025-07-17T00:00:00,0.0
2025-07-17T01:00:00,0.0
2025-07-17T02:00:00,0.0
2025-07-17T03:00:00,0.0
2025-07-17T04:00:00,0.0
2025-07-17T05:00:00,0.0
2025-07-17T06:00:00,0.0
2025-07-17T07:00:00,40.134
2025-07-17T08:00:00,100.898
2025-07-17T09:00:00,163.908
2025-07-17T10:00:00,217.703
2025-07-17T11:00:00,253.655
2025-07-17T12:00:00,266.27
2025-07-17T13:00:00,253.655
2025-07-17T14:00:00,217.703
2025-07-17T15:00:00,163.908
2025-07-17T16:00:00,100.898
2025-07-17T17:00:00,40.134
2025-07-17T18:00:00,0.0
2025-07-17T19:00:00,0.0
2025-07-17T20:00:00,0.0
2025-07-17T21:00:00,0.0
2025-07-17T22:00:00,0.0
2025-07-17T23:00:00,0.0
2025-07-18T00:00:00,0.0
2025-07-18T01:00:00,0.0
2025-07-18T02:00:00,0.0
2025-07-18T03:00:00,0.0
2025-07-18T04:00:00,0.0
2025-07-18T05:00:00,0.0
2025-07-18T06:00:00,0.0
2025-07-18T07:00:00,40.064
2025-07-18T08:00:00,100.721
2025-07-18T09:00:00,163.622
2025-07-18T10:00:00,217.323
2025-07-18T11:00:00,253.212
2025-07-18T12:00:00,265.805
2025-07-18T13:00:00,253.212
2025-07-18T14:00:00,217.323
2025-07-18T15:00:00,163.622
2025-07-18T16:00:00,100.721
2025-07-18T17:00:00,40.064
2025-07-18T18:00:00,0.0
2025-07-18T19:00:00,0.0
2025-07-18T20:00:00,0.0
2025-07-18T21:00:00,0.0
2025-07-18T22:00:00,0.0
2025-07-18T23:00:00,0.0
2025-07-19T00:00:00,0.0
2025-07-19T01:00:00,0.0
2025-07-19T02:00:00,0.0
2025-07-19T03:00:00,0.0
2025-07-19T04:00:00,0.0
2025-07-19T05:00:00,0.0
2025-07-19T06:00:00,0.0
2025-07-19T07:00:00,39.992
2025-07-19T08:00:00,100.539
2025-07-19T09:00:00,163.326
2025-07-19T10:00:00,216.93
2025-07-19T11:00:00,252.753
2025-07-19T12:00:00,265.324
2025-07-19T13:00:00,252.753
2025-07-19T14:00:00,216.93
2025-07-19T15:00:00,163.326
2025-07-19T16:00:00,100.539
2025-07-19T17:00:00,39.992
2025-07-19T18:00:00,0.0
2025-07-19T19:00:00,0.0
2025-07-19T20:00:00,0.0
2025-07-19T21:00:00,0.0
2025-07-19T22:00:00,0.0
2025-07-19T23:00:00,0.0
2025-07-20T00:00:00,0.0
2025-07-20T01:00:00,0.0
2025-07-20T02:00:00,0.0
2025-07-20T03:00:00,0.0
2025-07-20T04:00:00,0.0
2025-07-20T05:00:00,0.0
2025-07-20T06:00:00,0.0
2025-07-20T07:00:00,39.917
2025-07-20T08:00:00,100.35
2025-07-20T09:00:00,163.019
2025-07-20T10:00:00,216.523
2025-07-20T11:00:00,252.279
2025-07-20T12:00:00,264.826
2025-07-20T13:00:00,252.279
2025-07-20T14:00:00,216.523
2025-07-20T15:00:00,163.019
2025-07-20T16:00:00,100.35
2025-07-20T17:00:00,39.917
2025-07-20T18:00:00,0.0
2025-07-20T19:00:00,0.0
2025-07-20T20:00:00,0.0
2025-07-20T21:00:00,0.0
2025-07-20T22:00:00,0.0
2025-07-20T23:00:00,0.0
2025-07-21T00:00:00,0.0
2025-07-21T01:00:00,0.0
2025-07-21T02:00:00,0.0
2025-07-21T03:00:00,0.0
2025-07-21T04:00:00,0.0
2025-07-21T05:00:00,0.0
2025-07-21T06:00:00,0.0
2025-07-21T07:00:00,39.839
2025-07-21T08:00:00,100.155
2025-07-21T09:00:00,162.703
2025-07-21T10:00:00,216.102
2025-07-21T11:00:00,251.79
2025-07-21T12:00:00,264.312
2025-07-21T13:00:00,251.79
2025-07-21T14:00:00,216.102
2025-07-21T15:00:00,162.703
2025-07-21T16:00:00,100.155
2025-07-21T17:00:00,39.839
2025-07-21T18:00:00,0.0
2025-07-21T19:00:00,0.0
2025-07-21T20:00:00,0.0
2025-07-21T21:00:00,0.0
2025-07-21T22:00:00,0.0
2025-07-21T23:00:00,0.0
2025-07-22T00:00:00,0.0
2025-07-22T01:00:00,0.0
2025-07-22T02:00:00,0.0
2025-07-22T03:00:00,0.0
2025-07-22T04:00:00,0.0
2025-07-22T05:00:00,0.0
2025-07-22T06:00:00,0.0
2025-07-22T07:00:00,39.759
2025-07-22T08:00:00,99.955
2025-07-22T09:00:00,162.377
2025-07-22T10:00:00,215.669
2025-07-22T11:00:00,251.285
2025-07-22T12:00:00,263.782
2025-07-22T13:00:00,251.285
2025-07-22T14:00:00,215.669
2025-07-22T15:00:00,162.377
2025-07-22T16:00:00,99.955
2025-07-22T17:00:00,39.759
2025-07-22T18:00:00,0.0
2025-07-22T19:00:00,0.0
2025-07-22T20:00:00,0.0
2025-07-22T21:00:00,0.0
2025-07-22T22:00:00,0.0
2025-07-22T23:00:00,0.0
2025-07-23T00:00:00,0.0
2025-07-23T01:00:00,0.0
2025-07-23T02:00:00,0.0
2025-07-23T03:00:00,0.0
2025-07-23T04:00:00,0.0
2025-07-23T05:00:00,0.0
2025-07-23T06:00:00,0.0
2025-07-23T07:00:00,39.677
2025-07-23T08:00:00,99.748
2025-07-23T09:00:00,162.041
2025-07-23T10:00:00,215.223
2025-07-23T11:00:00,250.765
2025-07-23T12:00:00,263.236
2025-07-23T13:00:00,250.765
2025-07-23T14:00:00,215.223
2025-07-23T15:00:00,162.041
2025-07-23T16:00:00,99.748
2025-07-23T17:00:00,39.677
2025-07-23T18:00:00,0.0
2025-07-23T19:00:00,0.0
2025-07-23T20:00:00,0.0
2025-07-23T21:00:00,0.0
2025-07-23T22:00:00,0.0
2025-07-23T23:00:00,0.0
2025-07-24T00:00:00,0.0
2025-07-24T01:00:00,0.0
2025-07-24T02:00:00,0.0
2025-07-24T03:00:00,0.0
2025-07-24T04:00:00,0.0
2025-07-24T05:00:00,0.0
2025-07-24T06:00:00,0.0
2025-07-24T07:00:00,39.593
2025-07-24T08:00:00,99.535
2025-07-24T09:00:00,161.695
2025-07-24T10:00:00,214.764
2025-07-24T11:00:00,250.23
2025-07-24T12:00:00,262.675
2025-07-24T13:00:00,250.23
2025-07-24T14:00:00,214.764
2025-07-24T15:00:00,161.695
2025-07-24T16:00:00,99.535
2025-07-24T17:00:00,39.593
2025-07-24T18:00:00,0.0
2025-07-24T19:00:00,0.0
2025-07-24T20:00:00,0.0
2025-07-24T21:00:00,0.0
2025-07-24T22:00:00,0.0
2025-07-24T23:00:00,0.0
2025-07-25T00:00:00,0.0
2025-07-25T01:00:00,0.0
2025-07-25T02:00:00,0.0
2025-07-25T03:00:00,0.0
2025-07-25T04:00:00,0.0
2025-07-25T05:00:00,0.0
2025-07-25T06:00:00,0.0
2025-07-25T07:00:00,39.506
2025-07-25T08:00:00,99.317
2025-07-25T09:00:00,161.34
2025-07-25T10:00:00,214.292
2025-07-25T11:00:00,249.681
2025-07-25T12:00:00,262.098
2025-07-25T13:00:00,249.681
2025-07-25T14:00:00,214.292
2025-07-25T15:00:00,161.34
2025-07-25T16:00:00,99.317
2025-07-25T17:00:00,39.506
2025-07-25T18:00:00,0.0
2025-07-25T19:00:00,0.0
2025-07-25T20:00:00,0.0
2025-07-25T21:00:00,0.0
2025-07-25T22:00:00,0.0
2025-07-25T23:00:00,0.0
2025-07-26T00:00:00,0.0
2025-07-26T01:00:00,0.0
2025-07-26T02:00:00,0.0
2025-07-26T03:00:00,0.0
2025-07-26T04:00:00,0.0
2025-07-26T05:00:00,0.0
2025-07-26T06:00:00,0.0
2025-07-26T07:00:00,39.416
2025-07-26T08:00:00,99.092
2025-07-26T09:00:00,160.976
2025-07-26T10:00:00,213.808
2025-07-26T11:00:00,249.116
2025-07-26T12:00:00,261.506
2025-07-26T13:00:00,249.116
2025-07-26T14:00:00,213.808
2025-07-26T15:00:00,160.976
2025-07-26T16:00:00,99.092
2025-07-26T17:00:00,39.416
2025-07-26T18:00:00,0.0
2025-07-26T19:00:00,0.0
2025-07-26T20:00:00,0.0
2025-07-26T21:00:00,0.0
2025-07-26T22:00:00,0.0
2025-07-26T23:00:00,0.0
2025-07-27T00:00:00,0.0
2025-07-27T01:00:00,0.0
2025-07-27T02:00:00,0.0
2025-07-27T03:00:00,0.0
2025-07-27T04:00:00,0.0
2025-07-27T05:00:00,0.0
2025-07-27T06:00:00,0.0
2025-07-27T07:00:00,39.325
2025-07-27T08:00:00,98.862
2025-07-27T09:00:00,160.602
2025-07-27T10:00:00,213.311
2025-07-27T11:00:00,248.538
2025-07-27T12:00:00,260.898
2025-07-27T13:00:00,248.538
2025-07-27T14:00:00,213.311
2025-07-27T15:00:00,160.602
2025-07-27T16:00:00,98.862
2025-07-27T17:00:00,39.325
2025-07-27T18:00:00,0.0
2025-07-27T19:00:00,0.0
2025-07-27T20:00:00,0.0
2025-07-27T21:00:00,0.0
2025-07-27T22:00:00,0.0
2025-07-27T23:00:00,0.0
2025-07-28T00:00:00,0.0
2025-07-28T01:00:00,0.0
2025-07-28T02:00:00,0.0
2025-07-28T03:00:00,0.0
2025-07-28T04:00:00,0.0
2025-07-28T05:00:00,0.0
2025-07-28T06:00:00,0.0
2025-07-28T07:00:00,39.231
2025-07-28T08:00:00,98.626
2025-07-28T09:00:00,160.219
2025-07-28T10:00:00,212.803
2025-07-28T11:00:00,247.945
2025-07-28T12:00:00,260.276
2025-07-28T13:00:00,247.945
2025-07-28T14:00:00,212.803
2025-07-28T15:00:00,160.219
2025-07-28T16:00:00,98.626
2025-07-28T17:00:00,39.231
2025-07-28T18:00:00,0.0
2025-07-28T19:00:00,0.0
2025-07-28T20:00:00,0.0
2025-07-28T21:00:00,0.0
2025-07-28T22:00:00,0.0
2025-07-28T23:00:00,0.0
2025-07-29T00:00:00,0.0
2025-07-29T01:00:00,0.0
2025-07-29T02:00:00,0.0
2025-07-29T03:00:00,0.0
2025-07-29T04:00:00,0.0
2025-07-29T05:00:00,0.0
2025-07-29T06:00:00,0.0
2025-07-29T07:00:00,39.135
2025-07-29T08:00:00,98.385
2025-07-29T09:00:00,159.826
2025-07-29T10:00:00,212.282
2025-07-29T11:00:00,247.338
2025-07-29T12:00:00,259.639
2025-07-29T13:00:00,247.338
2025-07-29T14:00:00,212.282
2025-07-29T15:00:00,159.826
2025-07-29T16:00:00,98.385
2025-07-29T17:00:00,39.135
2025-07-29T18:00:00,0.0
2025-07-29T19:00:00,0.0
2025-07-29T20:00:00,0.0
2025-07-29T21:00:00,0.0
2025-07-29T22:00:00,0.0
2025-07-29T23:00:00,0.0
2025-07-30T00:00:00,0.0
2025-07-30T01:00:00,0.0
2025-07-30T02:00:00,0.0
2025-07-30T03:00:00,0.0
2025-07-30T04:00:00,0.0
2025-07-30T05:00:00,0.0
2025-07-30T06:00:00,0.0
2025-07-30T07:00:00,39.037
2025-07-30T08:00:00,98.138
2025-07-30T09:00:00,159.425
2025-07-30T10:00:00,211.749
2025-07-30T11:00:00,246.717
2025-07-30T12:00:00,258.987
2025-07-30T13:00:00,246.717
2025-07-30T14:00:00,211.749
2025-07-30T15:00:00,159.425
2025-07-30T16:00:00,98.138
2025-07-30T17:00:00,39.037
2025-07-30T18:00:00,0.0
2025-07-30T19:00:00,0.0
2025-07-30T20:00:00,0.0
2025-07-30T21:00:00,0.0
2025-07-30T22:00:00,0.0
2025-07-30T23:00:00,0.0
2025-07-31T00:00:00,0.0
2025-07-31T01:00:00,0.0
2025-07-31T02:00:00,0.0
2025-07-31T03:00:00,0.0
2025-07-31T04:00:00,0.0
2025-07-31T05:00:00,0.0
2025-07-31T06:00:00,0.0
2025-07-31T07:00:00,38.936
2025-07-31T08:00:00,97.885
2025-07-31T09:00:00,159.015
2025-07-31T10:00:00,211.204
2025-07-31T11:00:00,246.083
2025-07-31T12:00:00,258.321
2025-07-31T13:00:00,246.083
2025-07-31T14:00:00,211.204
2025-07-31T15:00:00,159.015
2025-07-31T16:00:00,97.885
2025-07-31T17:00:00,38.936
2025-07-31T18:00:00,0.0
2025-07-31T19:00:00,0.0
2025-07-31T20:00:00,0.0
2025-07-31T21:00:00,0.0
2025-07-31T22:00:00,0.0
2025-07-31T23:00:00,0.0
2025-08-01T00:00:00,0.0
2025-08-01T01:00:00,0.0
2025-08-01T02:00:00,0.0
2025-08-01T03:00:00,0.0
2025-08-01T04:00:00,0.0
2025-08-01T05:00:00,0.0
2025-08-01T06:00:00,0.0
2025-08-01T07:00:00,38.834
2025-08-01T08:00:00,97.628
2025-08-01T09:00:00,158.596
2025-08-01T10:00:00,210.648
2025-08-01T11:00:00,245.434
2025-08-01T12:00:00,257.641
2025-08-01T13:00:00,245.434
2025-08-01T14:00:00,210.648
2025-08-01T15:00:00,158.596
2025-08-01T16:00:00,97.628
2025-08-01T17:00:00,38.834
2025-08-01T18:00:00,0.0
2025-08-01T19:00:00,0.0
2025-08-01T20:00:00,0.0
2025-08-01T21:00:00,0.0
2025-08-01T22:00:00,0.0
2025-08-01T23:00:00,0.0
2025-08-02T00:00:00,0.0
2025-08-02T01:00:00,0.0
2025-08-02T02:00:00,0.0
2025-08-02T03:00:00,0.0
2025-08-02T04:00:00,0.0
2025-08-02T05:00:00,0.0
2025-08-02T06:00:00,0.0
2025-08-02T07:00:00,38.729
2025-08-02T08:00:00,97.364
2025-08-02T09:00:00,158.169
2025-08-02T10:00:00,210.08
2025-08-02T11:00:00,244.773
2025-08-02T12:00:00,256.946
2025-08-02T13:00:00,244.773
2025-08-02T14:00:00,210.08
2025-08-02T15:00:00,158.169
2025-08-02T16:00:00,97.364
2025-08-02T17:00:00,38.729
2025-08-02T18:00:00,0.0
2025-08-02T19:00:00,0.0
2025-08-02T20:00:00,0.0
2025-08-02T21:00:00,0.0
2025-08-02T22:00:00,0.0
2025-08-02T23:00:00,0.0
2025-08-03T00:00:00,0.0
2025-08-03T01:00:00,0.0
2025-08-03T02:00:00,0.0
2025-08-03T03:00:00,0.0
2025-08-03T04:00:00,0.0
2025-08-03T05:00:00,0.0
2025-08-03T06:00:00,0.0
2025-08-03T07:00:00,38.622
2025-08-03T08:00:00,97.096
2025-08-03T09:00:00,157.733
2025-08-03T10:00:00,209.501
2025-08-03T11:00:00,244.098
2025-08-03T12:00:00,256.238
2025-08-03T13:00:00,244.098
2025-08-03T14:00:00,209.501
2025-08-03T15:00:00,157.733
2025-08-03T16:00:00,97.096
2025-08-03T17:00:00,38.622
2025-08-03T18:00:00,0.0
2025-08-03T19:00:00,0.0
2025-08-03T20:00:00,0.0
2025-08-03T21:00:00,0.0
2025-08-03T22:00:00,0.0
2025-08-03T23:00:00,0.0
2025-08-04T00:00:00,0.0
2025-08-04T01:00:00,0.0
2025-08-04T02:00:00,0.0
2025-08-04T03:00:00,0.0
2025-08-04T04:00:00,0.0
2025-08-04T05:00:00,0.0
2025-08-04T06:00:00,0.0
2025-08-04T07:00:00,38.514
2025-08-04T08:00:00,96.823
2025-08-04T09:00:00,157.289
2025-08-04T10:00:00,208.911
2025-08-04T11:00:00,243.411
2025-08-04T12:00:00,255.516
2025-08-04T13:00:00,243.411
2025-08-04T14:00:00,208.911
2025-08-04T15:00:00,157.289
2025-08-04T16:00:00,96.823
2025-08-04T17:00:00,38.514
2025-08-04T18:00:00,0.0
2025-08-04T19:00:00,0.0
2025-08-04T20:00:00,0.0
2025-08-04T21:00:00,0.0
2025-08-04T22:00:00,0.0
2025-08-04T23:00:00,0.0
2025-08-05T00:00:00,0.0
2025-08-05T01:00:00,0.0
2025-08-05T02:00:00,0.0
2025-08-05T03:00:00,0.0
2025-08-05T04:00:00,0.0
2025-08-05T05:00:00,0.0
2025-08-05T06:00:00,0.0
2025-08-05T07:00:00,38.403
2025-08-05T08:00:00,96.544
2025-08-05T09:00:00,156.836
2025-08-05T10:00:00,208.31
2025-08-05T11:00:00,242.711
2025-08-05T12:00:00,254.781
2025-08-05T13:00:00,242.711
2025-08-05T14:00:00,208.31
2025-08-05T15:00:00,156.836
2025-08-05T16:00:00,96.544
2025-08-05T17:00:00,38.403
2025-08-05T18:00:00,0.0
2025-08-05T19:00:00,0.0
2025-08-05T20:00:00,0.0
2025-08-05T21:00:00,0.0
2025-08-05T22:00:00,0.0
2025-08-05T23:00:00,0.0
2025-08-06T00:00:00,0.0
2025-08-06T01:00:00,0.0
2025-08-06T02:00:00,0.0
2025-08-06T03:00:00,0.0
2025-08-06T04:00:00,0.0
2025-08-06T05:00:00,0.0
2025-08-06T06:00:00,0.0
2025-08-06T07:00:00,38.29
2025-08-06T08:00:00,96.261
2025-08-06T09:00:00,156.376
2025-08-06T10:00:00,207.698
2025-08-06T11:00:00,241.998
2025-08-06T12:00:00,254.033
2025-08-06T13:00:00,241.998
2025-08-06T14:00:00,207.698
2025-08-06T15:00:00,156.376
2025-08-06T16:00:00,96.261
2025-08-06T17:00:00,38.29
2025-08-06T18:00:00,0.0
2025-08-06T19:00:00,0.0
2025-08-06T20:00:00,0.0
2025-08-06T21:00:00,0.0
2025-08-06T22:00:00,0.0
2025-08-06T23:00:00,0.0
2025-08-07T00:00:00,0.0
2025-08-07T01:00:00,0.0
2025-08-07T02:00:00,0.0
2025-08-07T03:00:00,0.0
2025-08-07T04:00:00,0.0
2025-08-07T05:00:00,0.0
2025-08-07T06:00:00,0.0
2025-08-07T07:00:00,38.175
2025-08-07T08:00:00,95.972
2025-08-07T09:00:00,155.907
2025-08-07T10:00:00,207.076
2025-08-07T11:00:00,241.273
2025-08-07T12:00:00,253.272
2025-08-07T13:00:00,241.273
2025-08-07T14:00:00,207.076
2025-08-07T15:00:00,155.907
2025-08-07T16:00:00,95.972
2025-08-07T17:00:00,38.175
2025-08-07T18:00:00,0.0
2025-08-07T19:00:00,0.0
2025-08-07T20:00:00,0.0
2025-08-07T21:00:00,0.0
2025-08-07T22:00:00,0.0
2025-08-07T23:00:00,0.0
2025-08-08T00:00:00,0.0
2025-08-08T01:00:00,0.0
2025-08-08T02:00:00,0.0
2025-08-08T03:00:00,0.0
2025-08-08T04:00:00,0.0
2025-08-08T05:00:00,0.0
2025-08-08T06:00:00,0.0
2025-08-08T07:00:00,38.059
2025-08-08T08:00:00,95.679
2025-08-08T09:00:00,155.431
2025-08-08T10:00:00,206.443
2025-08-08T11:00:00,240.535
2025-08-08T12:00:00,252.498
2025-08-08T13:00:00,240.535
2025-08-08T14:00:00,206.443
2025-08-08T15:00:00,155.431
2025-08-08T16:00:00,95.679
2025-08-08T17:00:00,38.059
2025-08-08T18:00:00,0.0
2025-08-08T19:00:00,0.0
2025-08-08T20:00:00,0.0
2025-08-08T21:00:00,0.0
2025-08-08T22:00:00,0.0
2025-08-08T23:00:00,0.0
2025-08-09T00:00:00,0.0
2025-08-09T01:00:00,0.0
2025-08-09T02:00:00,0.0
2025-08-09T03:00:00,0.0
2025-08-09T04:00:00,0.0
2025-08-09T05:00:00,0.0
2025-08-09T06:00:00,0.0
2025-08-09T07:00:00,37.94
2025-08-09T08:00:00,95.381
2025-08-09T09:00:00,154.947
2025-08-09T10:00:00,205.8
2025-08-09T11:00:00,239.786
2025-08-09T12:00:00,251.711
2025-08-09T13:00:00,239.786
2025-08-09T14:00:00,205.8
2025-08-09T15:00:00,154.947
2025-08-09T16:00:00,95.381
2025-08-09T17:00:00,37.94
2025-08-09T18:00:00,0.0
2025-08-09T19:00:00,0.0
2025-08-09T20:00:00,0.0
2025-08-09T21:00:00,0.0
2025-08-09T22:00:00,0.0
2025-08-09T23:00:00,0.0
2025-08-10T00:00:00,0.0
2025-08-10T01:00:00,0.0
2025-08-10T02:00:00,0.0
2025-08-10T03:00:00,0.0
2025-08-10T04:00:00,0.0
2025-08-10T05:00:00,0.0
2025-08-10T06:00:00,0.0
2025-08-10T07:00:00,37.82
2025-08-10T08:00:00,95.078
2025-08-10T09:00:00,154.455
2025-08-10T10:00:00,205.147
2025-08-10T11:00:00,239.025
2025-08-10T12:00:00,250.913
2025-08-10T13:00:00,239.025
2025-08-10T14:00:00,205.147
2025-08-10T15:00:00,154.455
2025-08-10T16:00:00,95.078
2025-08-10T17:00:00,37.82
2025-08-10T18:00:00,0.0
2025-08-10T19:00:00,0.0
2025-08-10T20:00:00,0.0
2025-08-10T21:00:00,0.0
2025-08-10T22:00:00,0.0
2025-08-10T23:00:00,0.0
2025-08-11T00:00:00,0.0
2025-08-11T01:00:00,0.0
2025-08-11T02:00:00,0.0
2025-08-11T03:00:00,0.0
2025-08-11T04:00:00,0.0
2025-08-11T05:00:00,0.0
2025-08-11T06:00:00,0.0
2025-08-11T07:00:00,37.697
2025-08-11T08:00:00,94.771
2025-08-11T09:00:00,153.956
2025-08-11T10:00:00,204.484
2025-08-11T11:00:00,238.253
2025-08-11T12:00:00,250.102
2025-08-11T13:00:00,238.253
2025-08-11T14:00:00,204.484
2025-08-11T15:00:00,153.956
2025-08-11T16:00:00,94.771
2025-08-11T17:00:00,37.697
2025-08-11T18:00:00,0.0
2025-08-11T19:00:00,0.0
2025-08-11T20:00:00,0.0
2025-08-11T21:00:00,0.0
2025-08-11T22:00:00,0.0
2025-08-11T23:00:00,0.0
2025-08-12T00:00:00,0.0
2025-08-12T01:00:00,0.0
2025-08-12T02:00:00,0.0
2025-08-12T03:00:00,0.0
2025-08-12T04:00:00,0.0
2025-08-12T05:00:00,0.0
2025-08-12T06:00:00,0.0
2025-08-12T07:00:00,37.573
2025-08-12T08:00:00,94.459
2025-08-12T09:00:00,153.45
2025-08-12T10:00:00,203.812
2025-08-12T11:00:00,237.47
2025-08-12T12:00:00,249.28
2025-08-12T13:00:00,237.47
2025-08-12T14:00:00,203.812
2025-08-12T15:00:00,153.45
2025-08-12T16:00:00,94.459
2025-08-12T17:00:00,37.573
2025-08-12T18:00:00,0.0
2025-08-12T19:00:00,0.0
2025-08-12T20:00:00,0.0
2025-08-12T21:00:00,0.0
2025-08-12T22:00:00,0.0
2025-08-12T23:00:00,0.0
2025-08-13T00:00:00,0.0
2025-08-13T01:00:00,0.0
2025-08-13T02:00:00,0.0
2025-08-13T03:00:00,0.0
2025-08-13T04:00:00,0.0
2025-08-13T05:00:00,0.0
2025-08-13T06:00:00,0.0
2025-08-13T07:00:00,37.448
2025-08-13T08:00:00,94.143
2025-08-13T09:00:00,152.936
2025-08-13T10:00:00,203.13
2025-08-13T11:00:00,236.675
2025-08-13T12:00:00,248.446
2025-08-13T13:00:00,236.675
2025-08-13T14:00:00,203.13
2025-08-13T15:00:00,152.936
2025-08-13T16:00:00,94.143
2025-08-13T17:00:00,37.448
2025-08-13T18:00:00,0.0
2025-08-13T19:00:00,0.0
2025-08-13T20:00:00,0.0
2025-08-13T21:00:00,0.0
2025-08-13T22:00:00,0.0
2025-08-13T23:00:00,0.0
2025-08-14T00:00:00,0.0
2025-08-14T01:00:00,0.0
2025-08-14T02:00:00,0.0
2025-08-14T03:00:00,0.0
2025-08-14T04:00:00,0.0
2025-08-14T05:00:00,0.0
2025-08-14T06:00:00,0.0
2025-08-14T07:00:00,37.32
2025-08-14T08:00:00,93.823
2025-08-14T09:00:00,152.416
2025-08-14T10:00:00,202.439
2025-08-14T11:00:00,235.87
2025-08-14T12:00:00,247.6
2025-08-14T13:00:00,235.87
2025-08-14T14:00:00,202.439
2025-08-14T15:00:00,152.416
2025-08-14T16:00:00,93.823
2025-08-14T17:00:00,37.32
2025-08-14T18:00:00,0.0
2025-08-14T19:00:00,0.0
2025-08-14T20:00:00,0.0
2025-08-14T21:00:00,0.0
2025-08-14T22:00:00,0.0
2025-08-14T23:00:00,0.0
2025-08-15T00:00:00,0.0
2025-08-15T01:00:00,0.0
2025-08-15T02:00:00,0.0
2025-08-15T03:00:00,0.0
2025-08-15T04:00:00,0.0
2025-08-15T05:00:00,0.0
2025-08-15T06:00:00,0.0
2025-08-15T07:00:00,37.191
2025-08-15T08:00:00,93.499
2025-08-15T09:00:00,151.889
2025-08-15T10:00:00,201.739
2025-08-15T11:00:00,235.054
2025-08-15T12:00:00,246.744
2025-08-15T13:00:00,235.054
2025-08-15T14:00:00,201.739
2025-08-15T15:00:00,151.889
2025-08-15T16:00:00,93.499
2025-08-15T17:00:00,37.191
2025-08-15T18:00:00,0.0
2025-08-15T19:00:00,0.0
2025-08-15T20:00:00,0.0
2025-08-15T21:00:00,0.0
2025-08-15T22:00:00,0.0
2025-08-15T23:00:00,0.0
2025-08-16T00:00:00,0.0
2025-08-16T01:00:00,0.0
2025-08-16T02:00:00,0.0
2025-08-16T03:00:00,0.0
2025-08-16T04:00:00,0.0
2025-08-16T05:00:00,0.0
2025-08-16T06:00:00,0.0
2025-08-16T07:00:00,37.061
2025-08-16T08:00:00,93.17
2025-08-16T09:00:00,151.355
2025-08-16T10:00:00,201.03
2025-08-16T11:00:00,234.228
2025-08-16T12:00:00,245.877
2025-08-16T13:00:00,234.228
2025-08-16T14:00:00,201.03
2025-08-16T15:00:00,151.355
2025-08-16T16:00:00,93.17
2025-08-16T17:00:00,37.061
2025-08-16T18:00:00,0.0
2025-08-16T19:00:00,0.0
2025-08-16T20:00:00,0.0
2025-08-16T21:00:00,0.0
2025-08-16T22:00:00,0.0
2025-08-16T23:00:00,0.0
2025-08-17T00:00:00,0.0
2025-08-17T01:00:00,0.0
2025-08-17T02:00:00,0.0
2025-08-17T03:00:00,0.0
2025-08-17T04:00:00,0.0
2025-08-17T05:00:00,0.0
2025-08-17T06:00:00,0.0
2025-08-17T07:00:00,36.928
2025-08-17T08:00:00,92.837
2025-08-17T09:00:00,150.815
2025-08-17T10:00:00,200.313
2025-08-17T11:00:00,233.392
2025-08-17T12:00:00,245.0
2025-08-17T13:00:00,233.392
2025-08-17T14:00:00,200.313
2025-08-17T15:00:00,150.815
2025-08-17T16:00:00,92.837
2025-08-17T17:00:00,36.928
2025-08-17T18:00:00,0.0
2025-08-17T19:00:00,0.0
2025-08-17T20:00:00,0.0
2025-08-17T21:00:00,0.0
2025-08-17T22:00:00,0.0
2025-08-17T23:00:00,0.0
2025-08-18T00:00:00,0.0
2025-08-18T01:00:00,0.0
2025-08-18T02:00:00,0.0
2025-08-18T03:00:00,0.0
2025-08-18T04:00:00,0.0
2025-08-18T05:00:00,0.0
2025-08-18T06:00:00,0.0
2025-08-18T07:00:00,36.795
2025-08-18T08:00:00,92.501
2025-08-18T09:00:00,150.268
2025-08-18T10:00:00,199.587
2025-08-18T11:00:00,232.547
2025-08-18T12:00:00,244.112
2025-08-18T13:00:00,232.547
2025-08-18T14:00:00,199.587
2025-08-18T15:00:00,150.268
2025-08-18T16:00:00,92.501
2025-08-18T17:00:00,36.795
2025-08-18T18:00:00,0.0
2025-08-18T19:00:00,0.0
2025-08-18T20:00:00,0.0
2025-08-18T21:00:00,0.0
2025-08-18T22:00:00,0.0
2025-08-18T23:00:00,0.0
2025-08-19T00:00:00,0.0
2025-08-19T01:00:00,0.0
2025-08-19T02:00:00,0.0
2025-08-19T03:00:00,0.0
2025-08-19T04:00:00,0.0
2025-08-19T05:00:00,0.0
2025-08-19T06:00:00,0.0
2025-08-19T07:00:00,36.659
2025-08-19T08:00:00,92.161
2025-08-19T09:00:00,149.716
2025-08-19T10:00:00,198.853
2025-08-19T11:00:00,231.691
2025-08-19T12:00:00,243.214
2025-08-19T13:00:00,231.691
2025-08-19T14:00:00,198.853
2025-08-19T15:00:00,149.716
2025-08-19T16:00:00,92.161
2025-08-19T17:00:00,36.659
2025-08-19T18:00:00,0.0
2025-08-19T19:00:00,0.0
2025-08-19T20:00:00,0.0
2025-08-19T21:00:00,0.0
2025-08-19T22:00:00,0.0
2025-08-19T23:00:00,0.0
2025-08-20T00:00:00,0.0
2025-08-20T01:00:00,0.0
2025-08-20T02:00:00,0.0
2025-08-20T03:00:00,0.0
2025-08-20T04:00:00,0.0
2025-08-20T05:00:00,0.0
2025-08-20T06:00:00,0.0
2025-08-20T07:00:00,36.522
2025-08-20T08:00:00,91.817
2025-08-20T09:00:00,149.157
2025-08-20T10:00:00,198.111
2025-08-20T11:00:00,230.827
2025-08-20T12:00:00,242.306
2025-08-20T13:00:00,230.827
2025-08-20T14:00:00,198.111
2025-08-20T15:00:00,149.157
2025-08-20T16:00:00,91.817
2025-08-20T17:00:00,36.522
2025-08-20T18:00:00,0.0
2025-08-20T19:00:00,0.0
2025-08-20T20:00:00,0.0
2025-08-20T21:00:00,0.0
2025-08-20T22:00:00,0.0
2025-08-20T23:00:00,0.0
2025-08-21T00:00:00,0.0
2025-08-21T01:00:00,0.0
2025-08-21T02:00:00,0.0
2025-08-21T03:00:00,0.0
2025-08-21T04:00:00,0.0
2025-08-21T05:00:00,0.0
2025-08-21T06:00:00,0.0
2025-08-21T07:00:00,36.384
2025-08-21T08:00:00,91.469
2025-08-21T09:00:00,148.593
2025-08-21T10:00:00,197.361
2025-08-21T11:00:00,229.953
2025-08-21T12:00:00,241.389
2025-08-21T13:00:00,229.953
2025-08-21T14:00:00,197.361
2025-08-21T15:00:00,148.593
2025-08-21T16:00:00,91.469
2025-08-21T17:00:00,36.384
2025-08-21T18:00:00,0.0
2025-08-21T19:00:00,0.0
2025-08-21T20:00:00,0.0
2025-08-21T21:00:00,0.0
2025-08-21T22:00:00,0.0
2025-08-21T23:00:00,0.0
2025-08-22T00:00:00,0.0
2025-08-22T01:00:00,0.0
2025-08-22T02:00:00,0.0
2025-08-22T03:00:00,0.0
2025-08-22T04:00:00,0.0
2025-08-22T05:00:00,0.0
2025-08-22T06:00:00,0.0
2025-08-22T07:00:00,36.245
2025-08-22T08:00:00,91.118
2025-08-22T09:00:00,148.022
2025-08-22T10:00:00,196.604
2025-08-22T11:00:00,229.071
2025-08-22T12:00:00,240.463
2025-08-22T13:00:00,229.071
2025-08-22T14:00:00,196.604
2025-08-22T15:00:00,148.022
2025-08-22T16:00:00,91.118
2025-08-22T17:00:00,36.245
2025-08-22T18:00:00,0.0
2025-08-22T19:00:00,0.0
2025-08-22T20:00:00,0.0
2025-08-22T21:00:00,0.0
2025-08-22T22:00:00,0.0
2025-08-22T23:00:00,0.0
2025-08-23T00:00:00,0.0
2025-08-23T01:00:00,0.0
2025-08-23T02:00:00,0.0
2025-08-23T03:00:00,0.0
2025-08-23T04:00:00,0.0
2025-08-23T05:00:00,0.0
2025-08-23T06:00:00,0.0
2025-08-23T07:00:00,36.104
2025-08-23T08:00:00,90.764
2025-08-23T09:00:00,147.447
2025-08-23T10:00:00,195.839
2025-08-23T11:00:00,228.18
2025-08-23T12:00:00,239.528
2025-08-23T13:00:00,228.18
2025-08-23T14:00:00,195.839
2025-08-23T15:00:00,147.447
2025-08-23T16:00:00,90.764
2025-08-23T17:00:00,36.104
2025-08-23T18:00:00,0.0
2025-08-23T19:00:00,0.0
2025-08-23T20:00:00,0.0
2025-08-23T21:00:00,0.0
2025-08-23T22:00:00,0.0
2025-08-23T23:00:00,0.0
2025-08-24T00:00:00,0.0
2025-08-24T01:00:00,0.0
2025-08-24T02:00:00,0.0
2025-08-24T03:00:00,0.0
2025-08-24T04:00:00,0.0
2025-08-24T05:00:00,0.0
2025-08-24T06:00:00,0.0
2025-08-24T07:00:00,35.961
2025-08-24T08:00:00,90.407
2025-08-24T09:00:00,146.866
2025-08-24T10:00:00,195.067
2025-08-24T11:00:00,227.281
2025-08-24T12:00:00,238.584
2025-08-24T13:00:00,227.281
2025-08-24T14:00:00,195.067
2025-08-24T15:00:00,146.866
2025-08-24T16:00:00,90.407
2025-08-24T17:00:00,35.961
2025-08-24T18:00:00,0.0
2025-08-24T19:00:00,0.0
2025-08-24T20:00:00,0.0
2025-08-24T21:00:00,0.0
2025-08-24T22:00:00,0.0
2025-08-24T23:00:00,0.0
2025-08-25T00:00:00,0.0
2025-08-25T01:00:00,0.0
2025-08-25T02:00:00,0.0
2025-08-25T03:00:00,0.0
2025-08-25T04:00:00,0.0
2025-08-25T05:00:00,0.0
2025-08-25T06:00:00,0.0
2025-08-25T07:00:00,35.818
2025-08-25T08:00:00,90.046
2025-08-25T09:00:00,146.28
2025-08-25T10:00:00,194.289
2025-08-25T11:00:00,226.374
2025-08-25T12:00:00,237.632
2025-08-25T13:00:00,226.374
2025-08-25T14:00:00,194.289
2025-08-25T15:00:00,146.28
2025-08-25T16:00:00,90.046
2025-08-25T17:00:00,35.818
2025-08-25T18:00:00,0.0
2025-08-25T19:00:00,0.0
2025-08-25T20:00:00,0.0
2025-08-25T21:00:00,0.0
2025-08-25T22:00:00,0.0
2025-08-25T23:00:00,0.0
2025-08-26T00:00:00,0.0
2025-08-26T01:00:00,0.0
2025-08-26T02:00:00,0.0
2025-08-26T03:00:00,0.0
2025-08-26T04:00:00,0.0
2025-08-26T05:00:00,0.0
2025-08-26T06:00:00,0.0
2025-08-26T07:00:00,35.673
2025-08-26T08:00:00,89.682
2025-08-26T09:00:00,145.689
2025-08-26T10:00:00,193.504
2025-08-26T11:00:00,225.459
2025-08-26T12:00:00,236.672
2025-08-26T13:00:00,225.459
2025-08-26T14:00:00,193.504
2025-08-26T15:00:00,145.689
2025-08-26T16:00:00,89.682
2025-08-26T17:00:00,35.673
2025-08-26T18:00:00,0.0
2025-08-26T19:00:00,0.0
2025-08-26T20:00:00,0.0
2025-08-26T21:00:00,0.0
2025-08-26T22:00:00,0.0
2025-08-26T23:00:00,0.0
2025-08-27T00:00:00,0.0
2025-08-27T01:00:00,0.0
2025-08-27T02:00:00,0.0
2025-08-27T03:00:00,0.0
2025-08-27T04:00:00,0.0
2025-08-27T05:00:00,0.0
2025-08-27T06:00:00,0.0
2025-08-27T07:00:00,35.527
2025-08-27T08:00:00,89.315
2025-08-27T09:00:00,145.093
2025-08-27T10:00:00,192.712
2025-08-27T11:00:00,224.537
2025-08-27T12:00:00,235.704
2025-08-27T13:00:00,224.537
2025-08-27T14:00:00,192.712
2025-08-27T15:00:00,145.093
2025-08-27T16:00:00,89.315
2025-08-27T17:00:00,35.527
2025-08-27T18:00:00,0.0
2025-08-27T19:00:00,0.0
2025-08-27T20:00:00,0.0
2025-08-27T21:00:00,0.0
2025-08-27T22:00:00,0.0
2025-08-27T23:00:00,0.0
2025-08-28T00:00:00,0.0
2025-08-28T01:00:00,0.0
2025-08-28T02:00:00,0.0
2025-08-28T03:00:00,0.0
2025-08-28T04:00:00,0.0
2025-08-28T05:00:00,0.0
2025-08-28T06:00:00,0.0
2025-08-28T07:00:00,35.38
2025-08-28T08:00:00,88.945
2025-08-28T09:00:00,144.492
2025-08-28T10:00:00,191.915
2025-08-28T11:00:00,223.608
2025-08-28T12:00:00,234.728
2025-08-28T13:00:00,223.608
2025-08-28T14:00:00,191.915
2025-08-28T15:00:00,144.492
2025-08-28T16:00:00,88.945
2025-08-28T17:00:00,35.38
2025-08-28T18:00:00,0.0
2025-08-28T19:00:00,0.0
2025-08-28T20:00:00,0.0
2025-08-28T21:00:00,0.0
2025-08-28T22:00:00,0.0
2025-08-28T23:00:00,0.0
2025-08-29T00:00:00,0.0
2025-08-29T01:00:00,0.0
2025-08-29T02:00:00,0.0
2025-08-29T03:00:00,0.0
2025-08-29T04:00:00,0.0
2025-08-29T05:00:00,0.0
2025-08-29T06:00:00,0.0
2025-08-29T07:00:00,35.232
2025-08-29T08:00:00,88.573
2025-08-29T09:00:00,143.887
2025-08-29T10:00:00,191.111
2025-08-29T11:00:00,222.672
2025-08-29T12:00:00,233.746
2025-08-29T13:00:00,222.672
2025-08-29T14:00:00,191.111
2025-08-29T15:00:00,143.887
2025-08-29T16:00:00,88.573
2025-08-29T17:00:00,35.232
2025-08-29T18:00:00,0.0
2025-08-29T19:00:00,0.0
2025-08-29T20:00:00,0.0
2025-08-29T21:00:00,0.0
2025-08-29T22:00:00,0.0
2025-08-29T23:00:00,0.0
2025-08-30T00:00:00,0.0
2025-08-30T01:00:00,0.0
2025-08-30T02:00:00,0.0
2025-08-30T03:00:00,0.0
2025-08-30T04:00:00,0.0
2025-08-30T05:00:00,0.0
2025-08-30T06:00:00,0.0
2025-08-30T07:00:00,35.083
2025-08-30T08:00:00,88.198
2025-08-30T09:00:00,143.278
2025-08-30T10:00:00,190.302
2025-08-30T11:00:00,221.729
2025-08-30T12:00:00,232.756
2025-08-30T13:00:00,221.729
2025-08-30T14:00:00,190.302
2025-08-30T15:00:00,143.278
2025-08-30T16:00:00,88.198
2025-08-30T17:00:00,35.083
2025-08-30T18:00:00,0.0
2025-08-30T19:00:00,0.0
2025-08-30T20:00:00,0.0
2025-08-30T21:00:00,0.0
2025-08-30T22:00:00,0.0
2025-08-30T23:00:00,0.0
2025-08-31T00:00:00,0.0
2025-08-31T01:00:00,0.0
2025-08-31T02:00:00,0.0
2025-08-31T03:00:00,0.0
2025-08-31T04:00:00,0.0
2025-08-31T05:00:00,0.0
2025-08-31T06:00:00,0.0
2025-08-31T07:00:00,34.933
2025-08-31T08:00:00,87.821
2025-08-31T09:00:00,142.665
2025-08-31T10:00:00,189.488
2025-08-31T11:00:00,220.78
2025-08-31T12:00:00,231.76
2025-08-31T13:00:00,220.78
2025-08-31T14:00:00,189.488
2025-08-31T15:00:00,142.665
2025-08-31T16:00:00,87.821
2025-08-31T17:00:00,34.933
2025-08-31T18:00:00,0.0
2025-08-31T19:00:00,0.0
2025-08-31T20:00:00,0.0
2025-08-31T21:00:00,0.0
2025-08-31T22:00:00,0.0
2025-08-31T23:00:00,0.0
2025-09-01T00:00:00,0.0
2025-09-01T01:00:00,0.0
2025-09-01T02:00:00,0.0
2025-09-01T03:00:00,0.0
2025-09-01T04:00:00,0.0
2025-09-01T05:00:00,0.0
2025-09-01T06:00:00,0.0
2025-09-01T07:00:00,34.782
2025-09-01T08:00:00,87.441
2025-09-01T09:00:00,142.048
2025-09-01T10:00:00,188.668
2025-09-01T11:00:00,219.825
2025-09-01T12:00:00,230.757
2025-09-01T13:00:00,219.825
2025-09-01T14:00:00,188.668
2025-09-01T15:00:00,142.048
2025-09-01T16:00:00,87.441
2025-09-01T17:00:00,34.782
2025-09-01T18:00:00,0.0
2025-09-01T19:00:00,0.0
2025-09-01T20:00:00,0.0
2025-09-01T21:00:00,0.0
2025-09-01T22:00:00,0.0
2025-09-01T23:00:00,0.0
2025-09-02T00:00:00,0.0
2025-09-02T01:00:00,0.0
2025-09-02T02:00:00,0.0
2025-09-02T03:00:00,0.0
2025-09-02T04:00:00,0.0
2025-09-02T05:00:00,0.0
2025-09-02T06:00:00,0.0
2025-09-02T07:00:00,34.63
2025-09-02T08:00:00,87.058
2025-09-02T09:00:00,141.427
2025-09-02T10:00:00,187.843
2025-09-02T11:00:00,218.864
2025-09-02T12:00:00,229.748
2025-09-02T13:00:00,218.864
2025-09-02T14:00:00,187.843
2025-09-02T15:00:00,141.427
2025-09-02T16:00:00,87.058
2025-09-02T17:00:00,34.63
2025-09-02T18:00:00,0.0
2025-09-02T19:00:00,0.0
2025-09-02T20:00:00,0.0
2025-09-02T21:00:00,0.0
2025-09-02T22:00:00,0.0
2025-09-02T23:00:00,0.0
2025-09-03T00:00:00,0.0
2025-09-03T01:00:00,0.0
2025-09-03T02:00:00,0.0
2025-09-03T03:00:00,0.0
2025-09-03T04:00:00,0.0
2025-09-03T05:00:00,0.0
2025-09-03T06:00:00,0.0
2025-09-03T07:00:00,34.477
2025-09-03T08:00:00,86.674
2025-09-03T09:00:00,140.802
2025-09-03T10:00:00,187.014
2025-09-03T11:00:00,217.897
2025-09-03T12:00:00,228.734
2025-09-03T13:00:00,217.897
2025-09-03T14:00:00,187.014
2025-09-03T15:00:00,140.802
2025-09-03T16:00:00,86.674
2025-09-03T17:00:00,34.477
2025-09-03T18:00:00,0.0
2025-09-03T19:00:00,0.0
2025-09-03T20:00:00,0.0
2025-09-03T21:00:00,0.0
2025-09-03T22:00:00,0.0
2025-09-03T23:00:00,0.0
2025-09-04T00:00:00,0.0
2025-09-04T01:00:00,0.0
2025-09-04T02:00:00,0.0
2025-09-04T03:00:00,0.0
2025-09-04T04:00:00,0.0
2025-09-04T05:00:00,0.0
2025-09-04T06:00:00,0.0
2025-09-04T07:00:00,34.323
2025-09-04T08:00:00,86.288
2025-09-04T09:00:00,140.175
2025-09-04T10:00:00,186.18
2025-09-04T11:00:00,216.926
2025-09-04T12:00:00,227.714
2025-09-04T13:00:00,216.926
2025-09-04T14:00:00,186.18
2025-09-04T15:00:00,140.175
2025-09-04T16:00:00,86.288
2025-09-04T17:00:00,34.323
2025-09-04T18:00:00,0.0
2025-09-04T19:00:00,0.0
2025-09-04T20:00:00,0.0
2025-09-04T21:00:00,0.0
2025-09-04T22:00:00,0.0
2025-09-04T23:00:00,0.0
2025-09-05T00:00:00,0.0
2025-09-05T01:00:00,0.0
2025-09-05T02:00:00,0.0
2025-09-05T03:00:00,0.0
2025-09-05T04:00:00,0.0
2025-09-05T05:00:00,0.0
2025-09-05T06:00:00,0.0
2025-09-05T07:00:00,34.168
2025-09-05T08:00:00,85.899
2025-09-05T09:00:00,139.544
2025-09-05T10:00:00,185.342
2025-09-05T11:00:00,215.95
2025-09-05T12:00:00,226.689
2025-09-05T13:00:00,215.95
2025-09-05T14:00:00,185.342
2025-09-05T15:00:00,139.544
2025-09-05T16:00:00,85.899
2025-09-05T17:00:00,34.168
2025-09-05T18:00:00,0.0
2025-09-05T19:00:00,0.0
2025-09-05T20:00:00,0.0
2025-09-05T21:00:00,0.0
2025-09-05T22:00:00,0.0
2025-09-05T23:00:00,0.0
2025-09-06T00:00:00,0.0
2025-09-06T01:00:00,0.0
2025-09-06T02:00:00,0.0
2025-09-06T03:00:00,0.0
2025-09-06T04:00:00,0.0
2025-09-06T05:00:00,0.0
2025-09-06T06:00:00,0.0
2025-09-06T07:00:00,34.013
2025-09-06T08:00:00,85.509
2025-09-06T09:00:00,138.91
2025-09-06T10:00:00,184.5
2025-09-06T11:00:00,214.969
2025-09-06T12:00:00,225.659
2025-09-06T13:00:00,214.969
2025-09-06T14:00:00,184.5
2025-09-06T15:00:00,138.91
2025-09-06T16:00:00,85.509
2025-09-06T17:00:00,34.013
2025-09-06T18:00:00,0.0
2025-09-06T19:00:00,0.0
2025-09-06T20:00:00,0.0
2025-09-06T21:00:00,0.0
2025-09-06T22:00:00,0.0
2025-09-06T23:00:00,0.0
2025-09-07T00:00:00,0.0
2025-09-07T01:00:00,0.0
2025-09-07T02:00:00,0.0
2025-09-07T03:00:00,0.0
2025-09-07T04:00:00,0.0
2025-09-07T05:00:00,0.0
2025-09-07T06:00:00,0.0
2025-09-07T07:00:00,33.857
2025-09-07T08:00:00,85.117
2025-09-07T09:00:00,138.273
2025-09-07T10:00:00,183.654
2025-09-07T11:00:00,213.983
2025-09-07T12:00:00,224.625
2025-09-07T13:00:00,213.983
2025-09-07T14:00:00,183.654
2025-09-07T15:00:00,138.273
2025-09-07T16:00:00,85.117
2025-09-07T17:00:00,33.857
2025-09-07T18:00:00,0.0
2025-09-07T19:00:00,0.0
2025-09-07T20:00:00,0.0
2025-09-07T21:00:00,0.0
2025-09-07T22:00:00,0.0
2025-09-07T23:00:00,0.0
2025-09-08T00:00:00,0.0
2025-09-08T01:00:00,0.0
2025-09-08T02:00:00,0.0
2025-09-08T03:00:00,0.0
2025-09-08T04:00:00,0.0
2025-09-08T05:00:00,0.0
2025-09-08T06:00:00,0.0
2025-09-08T07:00:00,33.701
2025-09-08T08:00:00,84.723
2025-09-08T09:00:00,137.634
2025-09-08T10:00:00,182.805
2025-09-08T11:00:00,212.994
2025-09-08T12:00:00,223.587
2025-09-08T13:00:00,212.994
2025-09-08T14:00:00,182.805
2025-09-08T15:00:00,137.634
2025-09-08T16:00:00,84.723
2025-09-08T17:00:00,33.701
2025-09-08T18:00:00,0.0
2025-09-08T19:00:00,0.0
2025-09-08T20:00:00,0.0
2025-09-08T21:00:00,0.0
2025-09-08T22:00:00,0.0
2025-09-08T23:00:00,0.0
2025-09-09T00:00:00,0.0
2025-09-09T01:00:00,0.0
2025-09-09T02:00:00,0.0
2025-09-09T03:00:00,0.0
2025-09-09T04:00:00,0.0
2025-09-09T05:00:00,0.0
2025-09-09T06:00:00,0.0
2025-09-09T07:00:00,33.544
2025-09-09T08:00:00,84.328
2025-09-09T09:00:00,136.992
2025-09-09T10:00:00,181.953
2025-09-09T11:00:00,212.001
2025-09-09T12:00:00,222.544
2025-09-09T13:00:00,212.001
2025-09-09T14:00:00,181.953
2025-09-09T15:00:00,136.992
2025-09-09T16:00:00,84.328
2025-09-09T17:00:00,33.544
2025-09-09T18:00:00,0.0
2025-09-09T19:00:00,0.0
2025-09-09T20:00:00,0.0
2025-09-09T21:00:00,0.0
2025-09-09T22:00:00,0.0
2025-09-09T23:00:00,0.0
2025-09-10T00:00:00,0.0
2025-09-10T01:00:00,0.0
2025-09-10T02:00:00,0.0
2025-09-10T03:00:00,0.0
2025-09-10T04:00:00,0.0
2025-09-10T05:00:00,0.0
2025-09-10T06:00:00,0.0
2025-09-10T07:00:00,33.386
2025-09-10T08:00:00,83.932
2025-09-10T09:00:00,136.348
2025-09-10T10:00:00,181.098
2025-09-10T11:00:00,211.004
2025-09-10T12:00:00,221.498
2025-09-10T13:00:00,211.004
2025-09-10T14:00:00,181.098
2025-09-10T15:00:00,136.348
2025-09-10T16:00:00,83.932
2025-09-10T17:00:00,33.386
2025-09-10T18:00:00,0.0
2025-09-10T19:00:00,0.0
2025-09-10T20:00:00,0.0
2025-09-10T21:00:00,0.0
2025-09-10T22:00:00,0.0
2025-09-10T23:00:00,0.0
2025-09-11T00:00:00,0.0
2025-09-11T01:00:00,0.0
2025-09-11T02:00:00,0.0
2025-09-11T03:00:00,0.0
2025-09-11T04:00:00,0.0
2025-09-11T05:00:00,0.0
2025-09-11T06:00:00,0.0
2025-09-11T07:00:00,33.228
2025-09-11T08:00:00,83.534
2025-09-11T09:00:00,135.702
2025-09-11T10:00:00,180.24
2025-09-11T11:00:00,210.005
2025-09-11T12:00:00,220.449
2025-09-11T13:00:00,210.005
2025-09-11T14:00:00,180.24
2025-09-11T15:00:00,135.702
2025-09-11T16:00:00,83.534
2025-09-11T17:00:00,33.228
2025-09-11T18:00:00,0.0
2025-09-11T19:00:00,0.0
2025-09-11T20:00:00,0.0
2025-09-11T21:00:00,0.0
2025-09-11T22:00:00,0.0
2025-09-11T23:00:00,0.0
2025-09-12T00:00:00,0.0
2025-09-12T01:00:00,0.0
2025-09-12T02:00:00,0.0
2025-09-12T03:00:00,0.0
2025-09-12T04:00:00,0.0
2025-09-12T05:00:00,0.0
2025-09-12T06:00:00,0.0
2025-09-12T07:00:00,33.069
2025-09-12T08:00:00,83.136
2025-09-12T09:00:00,135.054
2025-09-12T10:00:00,179.379
2025-09-12T11:00:00,209.002
2025-09-12T12:00:00,219.396
2025-09-12T13:00:00,209.002
2025-09-12T14:00:00,179.379
2025-09-12T15:00:00,135.054
2025-09-12T16:00:00,83.136
2025-09-12T17:00:00,33.069
2025-09-12T18:00:00,0.0
2025-09-12T19:00:00,0.0
2025-09-12T20:00:00,0.0
2025-09-12T21:00:00,0.0
2025-09-12T22:00:00,0.0
2025-09-12T23:00:00,0.0
2025-09-13T00:00:00,0.0
2025-09-13T01:00:00,0.0
2025-09-13T02:00:00,0.0
2025-09-13T03:00:00,0.0
2025-09-13T04:00:00,0.0
2025-09-13T05:00:00,0.0
2025-09-13T06:00:00,0.0
2025-09-13T07:00:00,32.91
2025-09-13T08:00:00,82.736
2025-09-13T09:00:00,134.405
2025-09-13T10:00:00,178.517
2025-09-13T11:00:00,207.997
2025-09-13T12:00:00,218.341
2025-09-13T13:00:00,207.997
2025-09-13T14:00:00,178.517
2025-09-13T15:00:00,134.405
2025-09-13T16:00:00,82.736
2025-09-13T17:00:00,32.91
2025-09-13T18:00:00,0.0
2025-09-13T19:00:00,0.0
2025-09-13T20:00:00,0.0
2025-09-13T21:00:00,0.0
2025-09-13T22:00:00,0.0
2025-09-13T23:00:00,0.0
2025-09-14T00:00:00,0.0
2025-09-14T01:00:00,0.0
2025-09-14T02:00:00,0.0
2025-09-14T03:00:00,0.0
2025-09-14T04:00:00,0.0
2025-09-14T05:00:00,0.0
2025-09-14T06:00:00,0.0
2025-09-14T07:00:00,32.751
2025-09-14T08:00:00,82.335
2025-09-14T09:00:00,133.754
2025-09-14T10:00:00,177.652
2025-09-14T11:00:00,206.99
2025-09-14T12:00:00,217.284
2025-09-14T13:00:00,206.99
2025-09-14T14:00:00,177.652
2025-09-14T15:00:00,133.754
2025-09-14T16:00:00,82.335
2025-09-14T17:00:00,32.751
2025-09-14T18:00:00,0.0
2025-09-14T19:00:00,0.0
2025-09-14T20:00:00,0.0
2025-09-14T21:00:00,0.0
2025-09-14T22:00:00,0.0
2025-09-14T23:00:00,0.0
2025-09-15T00:00:00,0.0
2025-09-15T01:00:00,0.0
2025-09-15T02:00:00,0.0
2025-09-15T03:00:00,0.0
2025-09-15T04:00:00,0.0
2025-09-15T05:00:00,0.0
2025-09-15T06:00:00,0.0
2025-09-15T07:00:00,32.591
2025-09-15T08:00:00,81.934
2025-09-15T09:00:00,133.102
2025-09-15T10:00:00,176.786
2025-09-15T11:00:00,205.981
2025-09-15T12:00:00,216.224
2025-09-15T13:00:00,205.981
2025-09-15T14:00:00,176.786
2025-09-15T15:00:00,133.102
2025-09-15T16:00:00,81.934
2025-09-15T17:00:00,32.591
2025-09-15T18:00:00,0.0
2025-09-15T19:00:00,0.0
2025-09-15T20:00:00,0.0
2025-09-15T21:00:00,0.0
2025-09-15T22:00:00,0.0
2025-09-15T23:00:00,0.0
2025-09-16T00:00:00,0.0
2025-09-16T01:00:00,0.0
2025-09-16T02:00:00,0.0
2025-09-16T03:00:00,0.0
2025-09-16T04:00:00,0.0
2025-09-16T05:00:00,0.0
2025-09-16T06:00:00,0.0
2025-09-16T07:00:00,32.431
2025-09-16T08:00:00,81.532
2025-09-16T09:00:00,132.449
2025-09-16T10:00:00,175.918
2025-09-16T11:00:00,204.97
2025-09-16T12:00:00,215.163
2025-09-16T13:00:00,204.97
2025-09-16T14:00:00,175.918
2025-09-16T15:00:00,132.449
2025-09-16T16:00:00,81.532
2025-09-16T17:00:00,32.431
2025-09-16T18:00:00,0.0
2025-09-16T19:00:00,0.0
2025-09-16T20:00:00,0.0
2025-09-16T21:00:00,0.0
2025-09-16T22:00:00,0.0
2025-09-16T23:00:00,0.0
2025-09-17T00:00:00,0.0
2025-09-17T01:00:00,0.0
2025-09-17T02:00:00,0.0
2025-09-17T03:00:00,0.0
2025-09-17T04:00:00,0.0
2025-09-17T05:00:00,0.0
2025-09-17T06:00:00,0.0
2025-09-17T07:00:00,32.271
2025-09-17T08:00:00,81.129
2025-09-17T09:00:00,131.794
2025-09-17T10:00:00,175.05
2025-09-17T11:00:00,203.957
2025-09-17T12:00:00,214.101
2025-09-17T13:00:00,203.957
2025-09-17T14:00:00,175.05
2025-09-17T15:00:00,131.794
2025-09-17T16:00:00,81.129
2025-09-17T17:00:00,32.271
2025-09-17T18:00:00,0.0
2025-09-17T19:00:00,0.0
2025-09-17T20:00:00,0.0
2025-09-17T21:00:00,0.0
2025-09-17T22:00:00,0.0
2025-09-17T23:00:00,0.0
2025-09-18T00:00:00,0.0
2025-09-18T01:00:00,0.0
2025-09-18T02:00:00,0.0
2025-09-18T03:00:00,0.0
2025-09-18T04:00:00,0.0
2025-09-18T05:00:00,0.0
2025-09-18T06:00:00,0.0
2025-09-18T07:00:00,32.111
2025-09-18T08:00:00,80.726
2025-09-18T09:00:00,131.14
2025-09-18T10:00:00,174.18
2025-09-18T11:00:00,202.944
2025-09-18T12:00:00,213.037
2025-09-18T13:00:00,202.944
2025-09-18T14:00:00,174.18
2025-09-18T15:00:00,131.14
2025-09-18T16:00:00,80.726
2025-09-18T17:00:00,32.111
2025-09-18T18:00:00,0.0
2025-09-18T19:00:00,0.0
2025-09-18T20:00:00,0.0
2025-09-18T21:00:00,0.0
2025-09-18T22:00:00,0.0
2025-09-18T23:00:00,0.0
2025-09-19T00:00:00,0.0
2025-09-19T01:00:00,0.0
2025-09-19T02:00:00,0.0
2025-09-19T03:00:00,0.0
2025-09-19T04:00:00,0.0
2025-09-19T05:00:00,0.0
2025-09-19T06:00:00,0.0
2025-09-19T07:00:00,31.95
2025-09-19T08:00:00,80.323
2025-09-19T09:00:00,130.484
2025-09-19T10:00:00,173.31
2025-09-19T11:00:00,201.93
2025-09-19T12:00:00,211.973
2025-09-19T13:00:00,201.93
2025-09-19T14:00:00,173.31
2025-09-19T15:00:00,130.484
2025-09-19T16:00:00,80.323
2025-09-19T17:00:00,31.95
2025-09-19T18:00:00,0.0
2025-09-19T19:00:00,0.0
2025-09-19T20:00:00,0.0
2025-09-19T21:00:00,0.0
2025-09-19T22:00:00,0.0
2025-09-19T23:00:00,0.0
2025-09-20T00:00:00,0.0
2025-09-20T01:00:00,0.0
2025-09-20T02:00:00,0.0
2025-09-20T03:00:00,0.0
2025-09-20T04:00:00,0.0
2025-09-20T05:00:00,0.0
2025-09-20T06:00:00,0.0
2025-09-20T07:00:00,31.79
2025-09-20T08:00:00,79.919
2025-09-20T09:00:00,129.829
2025-09-20T10:00:00,172.439
2025-09-20T11:00:00,200.915
2025-09-20T12:00:00,210.908
2025-09-20T13:00:00,200.915
2025-09-20T14:00:00,172.439
2025-09-20T15:00:00,129.829
2025-09-20T16:00:00,79.919
2025-09-20T17:00:00,31.79
2025-09-20T18:00:00,0.0
2025-09-20T19:00:00,0.0
2025-09-20T20:00:00,0.0
2025-09-20T21:00:00,0.0
2025-09-20T22:00:00,0.0
2025-09-20T23:00:00,0.0
2025-09-21T00:00:00,0.0
2025-09-21T01:00:00,0.0
2025-09-21T02:00:00,0.0
2025-09-21T03:00:00,0.0
2025-09-21T04:00:00,0.0
2025-09-21T05:00:00,0.0
2025-09-21T06:00:00,0.0
2025-09-21T07:00:00,31.629
2025-09-21T08:00:00,79.515
2025-09-21T09:00:00,129.173
2025-09-21T10:00:00,171.568
2025-09-21T11:00:00,199.901
2025-09-21T12:00:00,209.842
2025-09-21T13:00:00,199.901
2025-09-21T14:00:00,171.568
2025-09-21T15:00:00,129.173
2025-09-21T16:00:00,79.515
2025-09-21T17:00:00,31.629
2025-09-21T18:00:00,0.0
2025-09-21T19:00:00,0.0
2025-09-21T20:00:00,0.0
2025-09-21T21:00:00,0.0
2025-09-21T22:00:00,0.0
2025-09-21T23:00:00,0.0
2025-09-22T00:00:00,0.0
2025-09-22T01:00:00,0.0
2025-09-22T02:00:00,0.0
2025-09-22T03:00:00,0.0
2025-09-22T04:00:00,0.0
2025-09-22T05:00:00,0.0
2025-09-22T06:00:00,0.0
2025-09-22T07:00:00,31.469
2025-09-22T08:00:00,79.112
2025-09-22T09:00:00,128.518
2025-09-22T10:00:00,170.697
2025-09-22T11:00:00,198.886
2025-09-22T12:00:00,208.777
2025-09-22T13:00:00,198.886
2025-09-22T14:00:00,170.697
2025-09-22T15:00:00,128.518
2025-09-22T16:00:00,79.112
2025-09-22T17:00:00,31.469
2025-09-22T18:00:00,0.0
2025-09-22T19:00:00,0.0
2025-09-22T20:00:00,0.0
2025-09-22T21:00:00,0.0
2025-09-22T22:00:00,0.0
2025-09-22T23:00:00,0.0
2025-09-23T00:00:00,0.0
2025-09-23T01:00:00,0.0
2025-09-23T02:00:00,0.0
2025-09-23T03:00:00,0.0
2025-09-23T04:00:00,0.0
2025-09-23T05:00:00,0.0
2025-09-23T06:00:00,0.0
2025-09-23T07:00:00,31.308
2025-09-23T08:00:00,78.709
2025-09-23T09:00:00,127.862
2025-09-23T10:00:00,169.827
2025-09-23T11:00:00,197.872
2025-09-23T12:00:00,207.713
2025-09-23T13:00:00,197.872
2025-09-23T14:00:00,169.827
2025-09-23T15:00:00,127.862
2025-09-23T16:00:00,78.709
2025-09-23T17:00:00,31.308
2025-09-23T18:00:00,0.0
2025-09-23T19:00:00,0.0
2025-09-23T20:00:00,0.0
2025-09-23T21:00:00,0.0
2025-09-23T22:00:00,0.0
2025-09-23T23:00:00,0.0
2025-09-24T00:00:00,0.0
2025-09-24T01:00:00,0.0
2025-09-24T02:00:00,0.0
2025-09-24T03:00:00,0.0
2025-09-24T04:00:00,0.0
2025-09-24T05:00:00,0.0
2025-09-24T06:00:00,0.0
2025-09-24T07:00:00,31.148
2025-09-24T08:00:00,78.305
2025-09-24T09:00:00,127.208
2025-09-24T10:00:00,168.957
2025-09-24T11:00:00,196.859
2025-09-24T12:00:00,206.649
2025-09-24T13:00:00,196.859
2025-09-24T14:00:00,168.957
2025-09-24T15:00:00,127.208
2025-09-24T16:00:00,78.305
2025-09-24T17:00:00,31.148
2025-09-24T18:00:00,0.0
2025-09-24T19:00:00,0.0
2025-09-24T20:00:00,0.0
2025-09-24T21:00:00,0.0
2025-09-24T22:00:00,0.0
2025-09-24T23:00:00,0.0
2025-09-25T00:00:00,0.0
2025-09-25T01:00:00,0.0
2025-09-25T02:00:00,0.0
2025-09-25T03:00:00,0.0
2025-09-25T04:00:00,0.0
2025-09-25T05:00:00,0.0
2025-09-25T06:00:00,0.0
2025-09-25T07:00:00,30.988
2025-09-25T08:00:00,77.903
2025-09-25T09:00:00,126.553
2025-09-25T10:00:00,168.088
2025-09-25T11:00:00,195.847
2025-09-25T12:00:00,205.587
2025-09-25T13:00:00,195.847
2025-09-25T14:00:00,168.088
2025-09-25T15:00:00,126.553
2025-09-25T16:00:00,77.903
2025-09-25T17:00:00,30.988
2025-09-25T18:00:00,0.0
2025-09-25T19:00:00,0.0
2025-09-25T20:00:00,0.0
2025-09-25T21:00:00,0.0
2025-09-25T22:00:00,0.0
2025-09-25T23:00:00,0.0
2025-09-26T00:00:00,0.0
2025-09-26T01:00:00,0.0
2025-09-26T02:00:00,0.0
2025-09-26T03:00:00,0.0
2025-09-26T04:00:00,0.0
2025-09-26T05:00:00,0.0
2025-09-26T06:00:00,0.0
2025-09-26T07:00:00,30.828
2025-09-26T08:00:00,77.501
2025-09-26T09:00:00,125.9
2025-09-26T10:00:00,167.221
2025-09-26T11:00:00,194.836
2025-09-26T12:00:00,204.526
2025-09-26T13:00:00,194.836
2025-09-26T14:00:00,167.221
2025-09-26T15:00:00,125.9
2025-09-26T16:00:00,77.501
2025-09-26T17:00:00,30.828
2025-09-26T18:00:00,0.0
2025-09-26T19:00:00,0.0
2025-09-26T20:00:00,0.0
2025-09-26T21:00:00,0.0
2025-09-26T22:00:00,0.0
2025-09-26T23:00:00,0.0
2025-09-27T00:00:00,0.0
2025-09-27T01:00:00,0.0
2025-09-27T02:00:00,0.0
2025-09-27T03:00:00,0.0
2025-09-27T04:00:00,0.0
2025-09-27T05:00:00,0.0
2025-09-27T06:00:00,0.0
2025-09-27T07:00:00,30.668
2025-09-27T08:00:00,77.099
2025-09-27T09:00:00,125.248
2025-09-27T10:00:00,166.355
2025-09-27T11:00:00,193.827
2025-09-27T12:00:00,203.466
2025-09-27T13:00:00,193.827
2025-09-27T14:00:00,166.355
2025-09-27T15:00:00,125.248
2025-09-27T16:00:00,77.099
2025-09-27T17:00:00,30.668
2025-09-27T18:00:00,0.0
2025-09-27T19:00:00,0.0
2025-09-27T20:00:00,0.0
2025-09-27T21:00:00,0.0
2025-09-27T22:00:00,0.0
2025-09-27T23:00:00,0.0
2025-09-28T00:00:00,0.0
2025-09-28T01:00:00,0.0
2025-09-28T02:00:00,0.0
2025-09-28T03:00:00,0.0
2025-09-28T04:00:00,0.0
2025-09-28T05:00:00,0.0
2025-09-28T06:00:00,0.0
2025-09-28T07:00:00,30.509
2025-09-28T08:00:00,76.699
2025-09-28T09:00:00,124.597
2025-09-28T10:00:00,165.49
2025-09-28T11:00:00,192.819
2025-09-28T12:00:00,202.409
2025-09-28T13:00:00,192.819
2025-09-28T14:00:00,165.49
2025-09-28T15:00:00,124.597
2025-09-28T16:00:00,76.699
2025-09-28T17:00:00,30.509
2025-09-28T18:00:00,0.0
2025-09-28T19:00:00,0.0
2025-09-28T20:00:00,0.0
2025-09-28T21:00:00,0.0
2025-09-28T22:00:00,0.0
2025-09-28T23:00:00,0.0
2025-09-29T00:00:00,0.0
2025-09-29T01:00:00,0.0
2025-09-29T02:00:00,0.0
2025-09-29T03:00:00,0.0
2025-09-29T04:00:00,0.0
2025-09-29T05:00:00,0.0
2025-09-29T06:00:00,0.0
2025-09-29T07:00:00,30.35
2025-09-29T08:00:00,76.299
2025-09-29T09:00:00,123.948
2025-09-29T10:00:00,164.628
2025-09-29T11:00:00,191.814
2025-09-29T12:00:00,201.354
2025-09-29T13:00:00,191.814
2025-09-29T14:00:00,164.628
2025-09-29T15:00:00,123.948
2025-09-29T16:00:00,76.299
2025-09-29T17:00:00,30.35
2025-09-29T18:00:00,0.0
2025-09-29T19:00:00,0.0
2025-09-29T20:00:00,0.0
2025-09-29T21:00:00,0.0
2025-09-29T22:00:00,0.0
2025-09-29T23:00:00,0.0
2025-09-30T00:00:00,0.0
2025-09-30T01:00:00,0.0
2025-09-30T02:00:00,0.0
2025-09-30T03:00:00,0.0
2025-09-30T04:00:00,0.0
2025-09-30T05:00:00,0.0
2025-09-30T06:00:00,0.0
2025-09-30T07:00:00,30.191
2025-09-30T08:00:00,75.9
2025-09-30T09:00:00,123.3
2025-09-30T10:00:00,163.767
2025-09-30T11:00:00,190.812
2025-09-30T12:00:00,200.301
2025-09-30T13:00:00,190.812
2025-09-30T14:00:00,163.767
2025-09-30T15:00:00,123.3
2025-09-30T16:00:00,75.9
2025-09-30T17:00:00,30.191
2025-09-30T18:00:00,0.0
2025-09-30T19:00:00,0.0
2025-09-30T20:00:00,0.0
2025-09-30T21:00:00,0.0
2025-09-30T22:00:00,0.0
2025-09-30T23:00:00,0.0
2025-10-01T00:00:00,0.0
2025-10-01T01:00:00,0.0
2025-10-01T02:00:00,0.0
2025-10-01T03:00:00,0.0
2025-10-01T04:00:00,0.0
2025-10-01T05:00:00,0.0
2025-10-01T06:00:00,0.0
2025-10-01T07:00:00,30.033
2025-10-01T08:00:00,75.502
2025-10-01T09:00:00,122.654
2025-10-01T10:00:00,162.909
2025-10-01T11:00:00,189.812
2025-10-01T12:00:00,199.252
2025-10-01T13:00:00,189.812
2025-10-01T14:00:00,162.909
2025-10-01T15:00:00,122.654
2025-10-01T16:00:00,75.502
2025-10-01T17:00:00,30.033
2025-10-01T18:00:00,0.0
2025-10-01T19:00:00,0.0
2025-10-01T20:00:00,0.0
2025-10-01T21:00:00,0.0
2025-10-01T22:00:00,0.0
2025-10-01T23:00:00,0.0
2025-10-02T00:00:00,0.0
2025-10-02T01:00:00,0.0
2025-10-02T02:00:00,0.0
2025-10-02T03:00:00,0.0
2025-10-02T04:00:00,0.0
2025-10-02T05:00:00,0.0
2025-10-02T06:00:00,0.0
2025-10-02T07:00:00,29.875
2025-10-02T08:00:00,75.106
2025-10-02T09:00:00,122.01
2025-10-02T10:00:00,162.054
2025-10-02T11:00:00,188.816
2025-10-02T12:00:00,198.206
2025-10-02T13:00:00,188.816
2025-10-02T14:00:00,162.054
2025-10-02T15:00:00,122.01
2025-10-02T16:00:00,75.106
2025-10-02T17:00:00,29.875
2025-10-02T18:00:00,0.0
2025-10-02T19:00:00,0.0
2025-10-02T20:00:00,0.0
2025-10-02T21:00:00,0.0
2025-10-02T22:00:00,0.0
2025-10-02T23:00:00,0.0
2025-10-03T00:00:00,0.0
2025-10-03T01:00:00,0.0
2025-10-03T02:00:00,0.0
2025-10-03T03:00:00,0.0
2025-10-03T04:00:00,0.0
2025-10-03T05:00:00,0.0
2025-10-03T06:00:00,0.0
2025-10-03T07:00:00,29.718
2025-10-03T08:00:00,74.711
2025-10-03T09:00:00,121.368
2025-10-03T10:00:00,161.202
2025-10-03T11:00:00,187.822
2025-10-03T12:00:00,197.163
2025-10-03T13:00:00,187.822
2025-10-03T14:00:00,161.202
2025-10-03T15:00:00,121.368
2025-10-03T16:00:00,74.711
2025-10-03T17:00:00,29.718
2025-10-03T18:00:00,0.0
2025-10-03T19:00:00,0.0
2025-10-03T20:00:00,0.0
2025-10-03T21:00:00,0.0
2025-10-03T22:00:00,0.0
2025-10-03T23:00:00,0.0
2025-10-04T00:00:00,0.0
2025-10-04T01:00:00,0.0
2025-10-04T02:00:00,0.0
2025-10-04T03:00:00,0.0
2025-10-04T04:00:00,0.0
2025-10-04T05:00:00,0.0
2025-10-04T06:00:00,0.0
2025-10-04T07:00:00,29.562
2025-10-04T08:00:00,74.317
2025-10-04T09:00:00,120.729
2025-10-04T10:00:00,160.352
2025-10-04T11:00:00,186.833
2025-10-04T12:00:00,196.125
2025-10-04T13:00:00,186.833
2025-10-04T14:00:00,160.352
2025-10-04T15:00:00,120.729
2025-10-04T16:00:00,74.317
2025-10-04T17:00:00,29.562
2025-10-04T18:00:00,0.0
2025-10-04T19:00:00,0.0
2025-10-04T20:00:00,0.0
2025-10-04T21:00:00,0.0
2025-10-04T22:00:00,0.0
2025-10-04T23:00:00,0.0
2025-10-05T00:00:00,0.0
2025-10-05T01:00:00,0.0
2025-10-05T02:00:00,0.0
2025-10-05T03:00:00,0.0
2025-10-05T04:00:00,0.0
2025-10-05T05:00:00,0.0
2025-10-05T06:00:00,0.0
2025-10-05T07:00:00,29.406
2025-10-05T08:00:00,73.925
2025-10-05T09:00:00,120.092
2025-10-05T10:00:00,159.507
2025-10-05T11:00:00,185.848
2025-10-05T12:00:00,195.091
2025-10-05T13:00:00,185.848
2025-10-05T14:00:00,159.507
2025-10-05T15:00:00,120.092
2025-10-05T16:00:00,73.925
2025-10-05T17:00:00,29.406
2025-10-05T18:00:00,0.0
2025-10-05T19:00:00,0.0
2025-10-05T20:00:00,0.0
2025-10-05T21:00:00,0.0
2025-10-05T22:00:00,0.0
2025-10-05T23:00:00,0.0
2025-10-06T00:00:00,0.0
2025-10-06T01:00:00,0.0
2025-10-06T02:00:00,0.0
2025-10-06T03:00:00,0.0
2025-10-06T04:00:00,0.0
2025-10-06T05:00:00,0.0
2025-10-06T06:00:00,0.0
2025-10-06T07:00:00,29.25
2025-10-06T08:00:00,73.535
2025-10-06T09:00:00,119.458
2025-10-06T10:00:00,158.665
2025-10-06T11:00:00,184.867
2025-10-06T12:00:00,194.061
2025-10-06T13:00:00,184.867
2025-10-06T14:00:00,158.665
2025-10-06T15:00:00,119.458
2025-10-06T16:00:00,73.535
2025-10-06T17:00:00,29.25
2025-10-06T18:00:00,0.0
2025-10-06T19:00:00,0.0
2025-10-06T20:00:00,0.0
2025-10-06T21:00:00,0.0
2025-10-06T22:00:00,0.0
2025-10-06T23:00:00,0.0
2025-10-07T00:00:00,0.0
2025-10-07T01:00:00,0.0
2025-10-07T02:00:00,0.0
2025-10-07T03:00:00,0.0
2025-10-07T04:00:00,0.0
2025-10-07T05:00:00,0.0
2025-10-07T06:00:00,0.0
2025-10-07T07:00:00,29.096
2025-10-07T08:00:00,73.147
2025-10-07T09:00:00,118.827
2025-10-07T10:00:00,157.827
2025-10-07T11:00:00,183.89
2025-10-07T12:00:00,193.036
2025-10-07T13:00:00,183.89
2025-10-07T14:00:00,157.827
2025-10-07T15:00:00,118.827
2025-10-07T16:00:00,73.147
2025-10-07T17:00:00,29.096
2025-10-07T18:00:00,0.0
2025-10-07T19:00:00,0.0
2025-10-07T20:00:00,0.0
2025-10-07T21:00:00,0.0
2025-10-07T22:00:00,0.0
2025-10-07T23:00:00,0.0
2025-10-08T00:00:00,0.0
2025-10-08T01:00:00,0.0
2025-10-08T02:00:00,0.0
2025-10-08T03:00:00,0.0
2025-10-08T04:00:00,0.0
2025-10-08T05:00:00,0.0
2025-10-08T06:00:00,0.0
2025-10-08T07:00:00,28.942
2025-10-08T08:00:00,72.76
2025-10-08T09:00:00,118.2
2025-10-08T10:00:00,156.993
2025-10-08T11:00:00,182.919
2025-10-08T12:00:00,192.016
2025-10-08T13:00:00,182.919
2025-10-08T14:00:00,156.993
2025-10-08T15:00:00,118.2
2025-10-08T16:00:00,72.76
2025-10-08T17:00:00,28.942
2025-10-08T18:00:00,0.0
2025-10-08T19:00:00,0.0
2025-10-08T20:00:00,0.0
2025-10-08T21:00:00,0.0
2025-10-08T22:00:00,0.0
2025-10-08T23:00:00,0.0
2025-10-09T00:00:00,0.0
2025-10-09T01:00:00,0.0
2025-10-09T02:00:00,0.0
2025-10-09T03:00:00,0.0
2025-10-09T04:00:00,0.0
2025-10-09T05:00:00,0.0
2025-10-09T06:00:00,0.0
2025-10-09T07:00:00,28.789
2025-10-09T08:00:00,72.376
2025-10-09T09:00:00,117.575
2025-10-09T10:00:00,156.164
2025-10-09T11:00:00,181.953
2025-10-09T12:00:00,191.002
2025-10-09T13:00:00,181.953
2025-10-09T14:00:00,156.164
2025-10-09T15:00:00,117.575
2025-10-09T16:00:00,72.376
2025-10-09T17:00:00,28.789
2025-10-09T18:00:00,0.0
2025-10-09T19:00:00,0.0
2025-10-09T20:00:00,0.0
2025-10-09T21:00:00,0.0
2025-10-09T22:00:00,0.0
2025-10-09T23:00:00,0.0
2025-10-10T00:00:00,0.0
2025-10-10T01:00:00,0.0
2025-10-10T02:00:00,0.0
2025-10-10T03:00:00,0.0
2025-10-10T04:00:00,0.0
2025-10-10T05:00:00,0.0
2025-10-10T06:00:00,0.0
2025-10-10T07:00:00,28.637
2025-10-10T08:00:00,71.994
2025-10-10T09:00:00,116.954
2025-10-10T10:00:00,155.339
2025-10-10T11:00:00,180.992
2025-10-10T12:00:00,189.993
2025-10-10T13:00:00,180.992
2025-10-10T14:00:00,155.339
2025-10-10T15:00:00,116.954
2025-10-10T16:00:00,71.994
2025-10-10T17:00:00,28.637
2025-10-10T18:00:00,0.0
2025-10-10T19:00:00,0.0
2025-10-10T20:00:00,0.0
2025-10-10T21:00:00,0.0
2025-10-10T22:00:00,0.0
2025-10-10T23:00:00,0.0
2025-10-11T00:00:00,0.0
2025-10-11T01:00:00,0.0
2025-10-11T02:00:00,0.0
2025-10-11T03:00:00,0.0
2025-10-11T04:00:00,0.0
2025-10-11T05:00:00,0.0
2025-10-11T06:00:00,0.0
2025-10-11T07:00:00,28.486
2025-10-11T08:00:00,71.614
2025-10-11T09:00:00,116.337
2025-10-11T10:00:00,154.519
2025-10-11T11:00:00,180.037
2025-10-11T12:00:00,188.99
2025-10-11T13:00:00,180.037
2025-10-11T14:00:00,154.519
2025-10-11T15:00:00,116.337
2025-10-11T16:00:00,71.614
2025-10-11T17:00:00,28.486
2025-10-11T18:00:00,0.0
2025-10-11T19:00:00,0.0
2025-10-11T20:00:00,0.0
2025-10-11T21:00:00,0.0
2025-10-11T22:00:00,0.0
2025-10-11T23:00:00,0.0
2025-10-12T00:00:00,0.0
2025-10-12T01:00:00,0.0
2025-10-12T02:00:00,0.0
2025-10-12T03:00:00,0.0
2025-10-12T04:00:00,0.0
2025-10-12T05:00:00,0.0
2025-10-12T06:00:00,0.0
2025-10-12T07:00:00,28.336
2025-10-12T08:00:00,71.236
2025-10-12T09:00:00,115.724
2025-10-12T10:00:00,153.705
2025-10-12T11:00:00,179.087
2025-10-12T12:00:00,187.994
2025-10-12T13:00:00,179.087
2025-10-12T14:00:00,153.705
2025-10-12T15:00:00,115.724
2025-10-12T16:00:00,71.236
2025-10-12T17:00:00,28.336
2025-10-12T18:00:00,0.0
2025-10-12T19:00:00,0.0
2025-10-12T20:00:00,0.0
2025-10-12T21:00:00,0.0
2025-10-12T22:00:00,0.0
2025-10-12T23:00:00,0.0
2025-10-13T00:00:00,0.0
2025-10-13T01:00:00,0.0
2025-10-13T02:00:00,0.0
2025-10-13T03:00:00,0.0
2025-10-13T04:00:00,0.0
2025-10-13T05:00:00,0.0
2025-10-13T06:00:00,0.0
2025-10-13T07:00:00,28.187
2025-10-13T08:00:00,70.861
2025-10-13T09:00:00,115.115
2025-10-13T10:00:00,152.895
2025-10-13T11:00:00,178.145
2025-10-13T12:00:00,187.004
2025-10-13T13:00:00,178.145
2025-10-13T14:00:00,152.895
2025-10-13T15:00:00,115.115
2025-10-13T16:00:00,70.861
2025-10-13T17:00:00,28.187
2025-10-13T18:00:00,0.0
2025-10-13T19:00:00,0.0
2025-10-13T20:00:00,0.0
2025-10-13T21:00:00,0.0
2025-10-13T22:00:00,0.0
2025-10-13T23:00:00,0.0
2025-10-14T00:00:00,0.0
2025-10-14T01:00:00,0.0
2025-10-14T02:00:00,0.0
2025-10-14T03:00:00,0.0
2025-10-14T04:00:00,0.0
2025-10-14T05:00:00,0.0
2025-10-14T06:00:00,0.0
2025-10-14T07:00:00,28.039
2025-10-14T08:00:00,70.489
2025-10-14T09:00:00,114.51
2025-10-14T10:00:00,152.092
2025-10-14T11:00:00,177.209
2025-10-14T12:00:00,186.022
2025-10-14T13:00:00,177.209
2025-10-14T14:00:00,152.092
2025-10-14T15:00:00,114.51
2025-10-14T16:00:00,70.489
2025-10-14T17:00:00,28.039
2025-10-14T18:00:00,0.0
2025-10-14T19:00:00,0.0
2025-10-14T20:00:00,0.0
2025-10-14T21:00:00,0.0
2025-10-14T22:00:00,0.0
2025-10-14T23:00:00,0.0
2025-10-15T00:00:00,0.0
2025-10-15T01:00:00,0.0
2025-10-15T02:00:00,0.0
2025-10-15T03:00:00,0.0
2025-10-15T04:00:00,0.0
2025-10-15T05:00:00,0.0
2025-10-15T06:00:00,0.0
2025-10-15T07:00:00,27.892
2025-10-15T08:00:00,70.119
2025-10-15T09:00:00,113.909
2025-10-15T10:00:00,151.294
2025-10-15T11:00:00,176.279
2025-10-15T12:00:00,185.046
2025-10-15T13:00:00,176.279
2025-10-15T14:00:00,151.294
2025-10-15T15:00:00,113.909
2025-10-15T16:00:00,70.119
2025-10-15T17:00:00,27.892
2025-10-15T18:00:00,0.0
2025-10-15T19:00:00,0.0
2025-10-15T20:00:00,0.0
2025-10-15T21:00:00,0.0
2025-10-15T22:00:00,0.0
2025-10-15T23:00:00,0.0
2025-10-16T00:00:00,0.0
2025-10-16T01:00:00,0.0
2025-10-16T02:00:00,0.0
2025-10-16T03:00:00,0.0
2025-10-16T04:00:00,0.0
2025-10-16T05:00:00,0.0
2025-10-16T06:00:00,0.0
2025-10-16T07:00:00,27.746
2025-10-16T08:00:00,69.753
2025-10-16T09:00:00,113.313
2025-10-16T10:00:00,150.503
2025-10-16T11:00:00,175.357
2025-10-16T12:00:00,184.078
2025-10-16T13:00:00,175.357
2025-10-16T14:00:00,150.503
2025-10-16T15:00:00,113.313
2025-10-16T16:00:00,69.753
2025-10-16T17:00:00,27.746
2025-10-16T18:00:00,0.0
2025-10-16T19:00:00,0.0
2025-10-16T20:00:00,0.0
2025-10-16T21:00:00,0.0
2025-10-16T22:00:00,0.0
2025-10-16T23:00:00,0.0
2025-10-17T00:00:00,0.0
2025-10-17T01:00:00,0.0
2025-10-17T02:00:00,0.0
2025-10-17T03:00:00,0.0
2025-10-17T04:00:00,0.0
2025-10-17T05:00:00,0.0
2025-10-17T06:00:00,0.0
2025-10-17T07:00:00,27.601
2025-10-17T08:00:00,69.389
2025-10-17T09:00:00,112.722
2025-10-17T10:00:00,149.718
2025-10-17T11:00:00,174.442
2025-10-17T12:00:00,183.118
2025-10-17T13:00:00,174.442
2025-10-17T14:00:00,149.718
2025-10-17T15:00:00,112.722
2025-10-17T16:00:00,69.389
2025-10-17T17:00:00,27.601
2025-10-17T18:00:00,0.0
2025-10-17T19:00:00,0.0
2025-10-17T20:00:00,0.0
2025-10-17T21:00:00,0.0
2025-10-17T22:00:00,0.0
2025-10-17T23:00:00,0.0
2025-10-18T00:00:00,0.0
2025-10-18T01:00:00,0.0
2025-10-18T02:00:00,0.0
2025-10-18T03:00:00,0.0
2025-10-18T04:00:00,0.0
2025-10-18T05:00:00,0.0
2025-10-18T06:00:00,0.0
2025-10-18T07:00:00,27.458
2025-10-18T08:00:00,69.028
2025-10-18T09:00:00,112.136
2025-10-18T10:00:00,148.939
2025-10-18T11:00:00,173.535
2025-10-18T12:00:00,182.166
2025-10-18T13:00:00,173.535
2025-10-18T14:00:00,148.939
2025-10-18T15:00:00,112.136
2025-10-18T16:00:00,69.028
2025-10-18T17:00:00,27.458
2025-10-18T18:00:00,0.0
2025-10-18T19:00:00,0.0
2025-10-18T20:00:00,0.0
2025-10-18T21:00:00,0.0
2025-10-18T22:00:00,0.0
2025-10-18T23:00:00,0.0
2025-10-19T00:00:00,0.0
2025-10-19T01:00:00,0.0
2025-10-19T02:00:00,0.0
2025-10-19T03:00:00,0.0
2025-10-19T04:00:00,0.0
2025-10-19T05:00:00,0.0
2025-10-19T06:00:00,0.0
2025-10-19T07:00:00,27.315
2025-10-19T08:00:00,68.67
2025-10-19T09:00:00,111.555
2025-10-19T10:00:00,148.168
2025-10-19T11:00:00,172.636
2025-10-19T12:00:00,181.222
2025-10-19T13:00:00,172.636
2025-10-19T14:00:00,148.168
2025-10-19T15:00:00,111.555
2025-10-19T16:00:00,68.67
2025-10-19T17:00:00,27.315
2025-10-19T18:00:00,0.0
2025-10-19T19:00:00,0.0
2025-10-19T20:00:00,0.0
2025-10-19T21:00:00,0.0
2025-10-19T22:00:00,0.0
2025-10-19T23:00:00,0.0
2025-10-20T00:00:00,0.0
2025-10-20T01:00:00,0.0
2025-10-20T02:00:00,0.0
2025-10-20T03:00:00,0.0
2025-10-20T04:00:00,0.0
2025-10-20T05:00:00,0.0
2025-10-20T06:00:00,0.0
2025-10-20T07:00:00,27.174
2025-10-20T08:00:00,68.316
2025-10-20T09:00:00,110.98
2025-10-20T10:00:00,147.403
2025-10-20T11:00:00,171.746
2025-10-20T12:00:00,180.287
2025-10-20T13:00:00,171.746
2025-10-20T14:00:00,147.403
2025-10-20T15:00:00,110.98
2025-10-20T16:00:00,68.316
2025-10-20T17:00:00,27.174
2025-10-20T18:00:00,0.0
2025-10-20T19:00:00,0.0
2025-10-20T20:00:00,0.0
2025-10-20T21:00:00,0.0
2025-10-20T22:00:00,0.0
2025-10-20T23:00:00,0.0
2025-10-21T00:00:00,0.0
2025-10-21T01:00:00,0.0
2025-10-21T02:00:00,0.0
2025-10-21T03:00:00,0.0
2025-10-21T04:00:00,0.0
2025-10-21T05:00:00,0.0
2025-10-21T06:00:00,0.0
2025-10-21T07:00:00,27.035
2025-10-21T08:00:00,67.965
2025-10-21T09:00:00,110.409
2025-10-21T10:00:00,146.646
2025-10-21T11:00:00,170.863
2025-10-21T12:00:00,179.361
2025-10-21T13:00:00,170.863
2025-10-21T14:00:00,146.646
2025-10-21T15:00:00,110.409
2025-10-21T16:00:00,67.965
2025-10-21T17:00:00,27.035
2025-10-21T18:00:00,0.0
2025-10-21T19:00:00,0.0
2025-10-21T20:00:00,0.0
2025-10-21T21:00:00,0.0
2025-10-21T22:00:00,0.0
2025-10-21T23:00:00,0.0
2025-10-22T00:00:00,0.0
2025-10-22T01:00:00,0.0
2025-10-22T02:00:00,0.0
2025-10-22T03:00:00,0.0
2025-10-22T04:00:00,0.0
2025-10-22T05:00:00,0.0
2025-10-22T06:00:00,0.0
2025-10-22T07:00:00,26.897
2025-10-22T08:00:00,67.617
2025-10-22T09:00:00,109.845
2025-10-22T10:00:00,145.896
2025-10-22T11:00:00,169.99
2025-10-22T12:00:00,178.444
2025-10-22T13:00:00,169.99
2025-10-22T14:00:00,145.896
2025-10-22T15:00:00,109.845
2025-10-22T16:00:00,67.617
2025-10-22T17:00:00,26.897
2025-10-22T18:00:00,0.0
2025-10-22T19:00:00,0.0
2025-10-22T20:00:00,0.0
2025-10-22T21:00:00,0.0
2025-10-22T22:00:00,0.0
2025-10-22T23:00:00,0.0
2025-10-23T00:00:00,0.0
2025-10-23T01:00:00,0.0
2025-10-23T02:00:00,0.0
2025-10-23T03:00:00,0.0
2025-10-23T04:00:00,0.0
2025-10-23T05:00:00,0.0
2025-10-23T06:00:00,0.0
2025-10-23T07:00:00,26.76
2025-10-23T08:00:00,67.274
2025-10-23T09:00:00,109.286
2025-10-23T10:00:00,145.154
2025-10-23T11:00:00,169.125
2025-10-23T12:00:00,177.536
2025-10-23T13:00:00,169.125
2025-10-23T14:00:00,145.154
2025-10-23T15:00:00,109.286
2025-10-23T16:00:00,67.274
2025-10-23T17:00:00,26.76
2025-10-23T18:00:00,0.0
2025-10-23T19:00:00,0.0
2025-10-23T20:00:00,0.0
2025-10-23T21:00:00,0.0
2025-10-23T22:00:00,0.0
2025-10-23T23:00:00,0.0
2025-10-24T00:00:00,0.0
2025-10-24T01:00:00,0.0
2025-10-24T02:00:00,0.0
2025-10-24T03:00:00,0.0
2025-10-24T04:00:00,0.0
2025-10-24T05:00:00,0.0
2025-10-24T06:00:00,0.0
2025-10-24T07:00:00,26.624
2025-10-24T08:00:00,66.933
2025-10-24T09:00:00,108.734
2025-10-24T10:00:00,144.42
2025-10-24T11:00:00,168.27
2025-10-24T12:00:00,176.638
2025-10-24T13:00:00,168.27
2025-10-24T14:00:00,144.42
2025-10-24T15:00:00,108.734
2025-10-24T16:00:00,66.933
2025-10-24T17:00:00,26.624
2025-10-24T18:00:00,0.0
2025-10-24T19:00:00,0.0
2025-10-24T20:00:00,0.0
2025-10-24T21:00:00,0.0
2025-10-24T22:00:00,0.0
2025-10-24T23:00:00,0.0
2025-10-25T00:00:00,0.0
2025-10-25T01:00:00,0.0
2025-10-25T02:00:00,0.0
2025-10-25T03:00:00,0.0
2025-10-25T04:00:00,0.0
2025-10-25T05:00:00,0.0
2025-10-25T06:00:00,0.0
2025-10-25T07:00:00,26.491
2025-10-25T08:00:00,66.597
2025-10-25T09:00:00,108.187
2025-10-25T10:00:00,143.694
2025-10-25T11:00:00,167.424
2025-10-25T12:00:00,175.75
2025-10-25T13:00:00,167.424
2025-10-25T14:00:00,143.694
2025-10-25T15:00:00,108.187
2025-10-25T16:00:00,66.597
2025-10-25T17:00:00,26.491
2025-10-25T18:00:00,0.0
2025-10-25T19:00:00,0.0
2025-10-25T20:00:00,0.0
2025-10-25T21:00:00,0.0
2025-10-25T22:00:00,0.0
2025-10-25T23:00:00,0.0
2025-10-26T00:00:00,0.0
2025-10-26T01:00:00,0.0
2025-10-26T02:00:00,0.0
2025-10-26T03:00:00,0.0
2025-10-26T04:00:00,0.0
2025-10-26T05:00:00,0.0
2025-10-26T06:00:00,0.0
2025-10-26T07:00:00,26.358
2025-10-26T08:00:00,66.264
2025-10-26T09:00:00,107.647
2025-10-26T10:00:00,142.977
2025-10-26T11:00:00,166.588
2025-10-26T12:00:00,174.873
2025-10-26T13:00:00,166.588
2025-10-26T14:00:00,142.977
2025-10-26T15:00:00,107.647
2025-10-26T16:00:00,66.264
2025-10-26T17:00:00,26.358
2025-10-26T18:00:00,0.0
2025-10-26T19:00:00,0.0
2025-10-26T20:00:00,0.0
2025-10-26T21:00:00,0.0
2025-10-26T22:00:00,0.0
2025-10-26T23:00:00,0.0
2025-10-27T00:00:00,0.0
2025-10-27T01:00:00,0.0
2025-10-27T02:00:00,0.0
2025-10-27T03:00:00,0.0
2025-10-27T04:00:00,0.0
2025-10-27T05:00:00,0.0
2025-10-27T06:00:00,0.0
2025-10-27T07:00:00,26.228
2025-10-27T08:00:00,65.936
2025-10-27T09:00:00,107.113
2025-10-27T10:00:00,142.268
2025-10-27T11:00:00,165.762
2025-10-27T12:00:00,174.006
2025-10-27T13:00:00,165.762
2025-10-27T14:00:00,142.268
2025-10-27T15:00:00,107.113
2025-10-27T16:00:00,65.936
2025-10-27T17:00:00,26.228
2025-10-27T18:00:00,0.0
2025-10-27T19:00:00,0.0
2025-10-27T20:00:00,0.0
2025-10-27T21:00:00,0.0
2025-10-27T22:00:00,0.0
2025-10-27T23:00:00,0.0
2025-10-28T00:00:00,0.0
2025-10-28T01:00:00,0.0
2025-10-28T02:00:00,0.0
2025-10-28T03:00:00,0.0
2025-10-28T04:00:00,0.0
2025-10-28T05:00:00,0.0
2025-10-28T06:00:00,0.0
2025-10-28T07:00:00,26.099
2025-10-28T08:00:00,65.611
2025-10-28T09:00:00,106.586
2025-10-28T10:00:00,141.568
2025-10-28T11:00:00,164.946
2025-10-28T12:00:00,173.15
2025-10-28T13:00:00,164.946
2025-10-28T14:00:00,141.568
2025-10-28T15:00:00,106.586
2025-10-28T16:00:00,65.611
2025-10-28T17:00:00,26.099
2025-10-28T18:00:00,0.0
2025-10-28T19:00:00,0.0
2025-10-28T20:00:00,0.0
2025-10-28T21:00:00,0.0
2025-10-28T22:00:00,0.0
2025-10-28T23:00:00,0.0
2025-10-29T00:00:00,0.0
2025-10-29T01:00:00,0.0
2025-10-29T02:00:00,0.0
2025-10-29T03:00:00,0.0
2025-10-29T04:00:00,0.0
2025-10-29T05:00:00,0.0
2025-10-29T06:00:00,0.0
2025-10-29T07:00:00,25.971
2025-10-29T08:00:00,65.291
2025-10-29T09:00:00,106.066
2025-10-29T10:00:00,140.877
2025-10-29T11:00:00,164.141
2025-10-29T12:00:00,172.304
2025-10-29T13:00:00,164.141
2025-10-29T14:00:00,140.877
2025-10-29T15:00:00,106.066
2025-10-29T16:00:00,65.291
2025-10-29T17:00:00,25.971
2025-10-29T18:00:00,0.0
2025-10-29T19:00:00,0.0
2025-10-29T20:00:00,0.0
2025-10-29T21:00:00,0.0
2025-10-29T22:00:00,0.0
2025-10-29T23:00:00,0.0
2025-10-30T00:00:00,0.0
2025-10-30T01:00:00,0.0
2025-10-30T02:00:00,0.0
2025-10-30T03:00:00,0.0
2025-10-30T04:00:00,0.0
2025-10-30T05:00:00,0.0
2025-10-30T06:00:00,0.0
2025-10-30T07:00:00,25.845
2025-10-30T08:00:00,64.975
2025-10-30T09:00:00,105.552
2025-10-30T10:00:00,140.195
2025-10-30T11:00:00,163.347
2025-10-30T12:00:00,171.47
2025-10-30T13:00:00,163.347
2025-10-30T14:00:00,140.195
2025-10-30T15:00:00,105.552
2025-10-30T16:00:00,64.975
2025-10-30T17:00:00,25.845
2025-10-30T18:00:00,0.0
2025-10-30T19:00:00,0.0
2025-10-30T20:00:00,0.0
2025-10-30T21:00:00,0.0
2025-10-30T22:00:00,0.0
2025-10-30T23:00:00,0.0
2025-10-31T00:00:00,0.0
2025-10-31T01:00:00,0.0
2025-10-31T02:00:00,0.0
2025-10-31T03:00:00,0.0
2025-10-31T04:00:00,0.0
2025-10-31T05:00:00,0.0
2025-10-31T06:00:00,0.0
2025-10-31T07:00:00,25.721
2025-10-31T08:00:00,64.663
2025-10-31T09:00:00,105.046
2025-10-31T10:00:00,139.522
2025-10-31T11:00:00,162.563
2025-10-31T12:00:00,170.648
2025-10-31T13:00:00,162.563
2025-10-31T14:00:00,139.522
2025-10-31T15:00:00,105.046
2025-10-31T16:00:00,64.663
2025-10-31T17:00:00,25.721
2025-10-31T18:00:00,0.0
2025-10-31T19:00:00,0.0
2025-10-31T20:00:00,0.0
2025-10-31T21:00:00,0.0
2025-10-31T22:00:00,0.0
2025-10-31T23:00:00,0.0
2025-11-01T00:00:00,0.0
2025-11-01T01:00:00,0.0
2025-11-01T02:00:00,0.0
2025-11-01T03:00:00,0.0
2025-11-01T04:00:00,0.0
2025-11-01T05:00:00,0.0
2025-11-01T06:00:00,0.0
2025-11-01T07:00:00,25.599
2025-11-01T08:00:00,64.356
2025-11-01T09:00:00,104.547
2025-11-01T10:00:00,138.86
2025-11-01T11:00:00,161.791
2025-11-01T12:00:00,169.837
2025-11-01T13:00:00,161.791
2025-11-01T14:00:00,138.86
2025-11-01T15:00:00,104.547
2025-11-01T16:00:00,64.356
2025-11-01T17:00:00,25.599
2025-11-01T18:00:00,0.0
2025-11-01T19:00:00,0.0
2025-11-01T20:00:00,0.0
2025-11-01T21:00:00,0.0
2025-11-01T22:00:00,0.0
2025-11-01T23:00:00,0.0
2025-11-02T00:00:00,0.0
2025-11-02T01:00:00,0.0
2025-11-02T02:00:00,0.0
2025-11-02T03:00:00,0.0
2025-11-02T04:00:00,0.0
2025-11-02T05:00:00,0.0
2025-11-02T06:00:00,0.0
2025-11-02T07:00:00,25.479
2025-11-02T08:00:00,64.054
2025-11-02T09:00:00,104.055
2025-11-02T10:00:00,138.207
2025-11-02T11:00:00,161.03
2025-11-02T12:00:00,169.039
2025-11-02T13:00:00,161.03
2025-11-02T14:00:00,138.207
2025-11-02T15:00:00,104.055
2025-11-02T16:00:00,64.054
2025-11-02T17:00:00,25.479
2025-11-02T18:00:00,0.0
2025-11-02T19:00:00,0.0
2025-11-02T20:00:00,0.0
2025-11-02T21:00:00,0.0
2025-11-02T22:00:00,0.0
2025-11-02T23:00:00,0.0
2025-11-03T00:00:00,0.0
2025-11-03T01:00:00,0.0
2025-11-03T02:00:00,0.0
2025-11-03T03:00:00,0.0
2025-11-03T04:00:00,0.0
2025-11-03T05:00:00,0.0
2025-11-03T06:00:00,0.0
2025-11-03T07:00:00,25.36
2025-11-03T08:00:00,63.756
2025-11-03T09:00:00,103.571
2025-11-03T10:00:00,137.564
2025-11-03T11:00:00,160.281
2025-11-03T12:00:00,168.252
2025-11-03T13:00:00,160.281
2025-11-03T14:00:00,137.564
2025-11-03T15:00:00,103.571
2025-11-03T16:00:00,63.756
2025-11-03T17:00:00,25.36
2025-11-03T18:00:00,0.0
2025-11-03T19:00:00,0.0
2025-11-03T20:00:00,0.0
2025-11-03T21:00:00,0.0
2025-11-03T22:00:00,0.0
2025-11-03T23:00:00,0.0
2025-11-04T00:00:00,0.0
2025-11-04T01:00:00,0.0
2025-11-04T02:00:00,0.0
2025-11-04T03:00:00,0.0
2025-11-04T04:00:00,0.0
2025-11-04T05:00:00,0.0
2025-11-04T06:00:00,0.0
2025-11-04T07:00:00,25.244
2025-11-04T08:00:00,63.462
2025-11-04T09:00:00,103.095
2025-11-04T10:00:00,136.931
2025-11-04T11:00:00,159.544
2025-11-04T12:00:00,167.478
2025-11-04T13:00:00,159.544
2025-11-04T14:00:00,136.931
2025-11-04T15:00:00,103.095
2025-11-04T16:00:00,63.462
2025-11-04T17:00:00,25.244
2025-11-04T18:00:00,0.0
2025-11-04T19:00:00,0.0
2025-11-04T20:00:00,0.0
2025-11-04T21:00:00,0.0
2025-11-04T22:00:00,0.0
2025-11-04T23:00:00,0.0
2025-11-05T00:00:00,0.0
2025-11-05T01:00:00,0.0
2025-11-05T02:00:00,0.0
2025-11-05T03:00:00,0.0
2025-11-05T04:00:00,0.0
2025-11-05T05:00:00,0.0
2025-11-05T06:00:00,0.0
2025-11-05T07:00:00,25.129
2025-11-05T08:00:00,63.174
2025-11-05T09:00:00,102.626
2025-11-05T10:00:00,136.308
2025-11-05T11:00:00,158.819
2025-11-05T12:00:00,166.717
2025-11-05T13:00:00,158.819
2025-11-05T14:00:00,136.308
2025-11-05T15:00:00,102.626
2025-11-05T16:00:00,63.174
2025-11-05T17:00:00,25.129
2025-11-05T18:00:00,0.0
2025-11-05T19:00:00,0.0
2025-11-05T20:00:00,0.0
2025-11-05T21:00:00,0.0
2025-11-05T22:00:00,0.0
2025-11-05T23:00:00,0.0
2025-11-06T00:00:00,0.0
2025-11-06T01:00:00,0.0
2025-11-06T02:00:00,0.0
2025-11-06T03:00:00,0.0
2025-11-06T04:00:00,0.0
2025-11-06T05:00:00,0.0
2025-11-06T06:00:00,0.0
2025-11-06T07:00:00,25.016
2025-11-06T08:00:00,62.89
2025-11-06T09:00:00,102.166
2025-11-06T10:00:00,135.697
2025-11-06T11:00:00,158.106
2025-11-06T12:00:00,165.969
2025-11-06T13:00:00,158.106
2025-11-06T14:00:00,135.697
2025-11-06T15:00:00,102.166
2025-11-06T16:00:00,62.89
2025-11-06T17:00:00,25.016
2025-11-06T18:00:00,0.0
2025-11-06T19:00:00,0.0
2025-11-06T20:00:00,0.0
2025-11-06T21:00:00,0.0
2025-11-06T22:00:00,0.0
2025-11-06T23:00:00,0.0
2025-11-07T00:00:00,0.0
2025-11-07T01:00:00,0.0
2025-11-07T02:00:00,0.0
2025-11-07T03:00:00,0.0
2025-11-07T04:00:00,0.0
2025-11-07T05:00:00,0.0
2025-11-07T06:00:00,0.0
2025-11-07T07:00:00,24.905
2025-11-07T08:00:00,62.612
2025-11-07T09:00:00,101.713
2025-11-07T10:00:00,135.096
2025-11-07T11:00:00,157.405
2025-11-07T12:00:00,165.234
2025-11-07T13:00:00,157.405
2025-11-07T14:00:00,135.096
2025-11-07T15:00:00,101.713
2025-11-07T16:00:00,62.612
2025-11-07T17:00:00,24.905
2025-11-07T18:00:00,0.0
2025-11-07T19:00:00,0.0
2025-11-07T20:00:00,0.0
2025-11-07T21:00:00,0.0
2025-11-07T22:00:00,0.0
2025-11-07T23:00:00,0.0
2025-11-08T00:00:00,0.0
2025-11-08T01:00:00,0.0
2025-11-08T02:00:00,0.0
2025-11-08T03:00:00,0.0
2025-11-08T04:00:00,0.0
2025-11-08T05:00:00,0.0
2025-11-08T06:00:00,0.0
2025-11-08T07:00:00,24.797
2025-11-08T08:00:00,62.338
2025-11-08T09:00:00,101.269
2025-11-08T10:00:00,134.506
2025-11-08T11:00:00,156.718
2025-11-08T12:00:00,164.512
2025-11-08T13:00:00,156.718
2025-11-08T14:00:00,134.506
2025-11-08T15:00:00,101.269
2025-11-08T16:00:00,62.338
2025-11-08T17:00:00,24.797
2025-11-08T18:00:00,0.0
2025-11-08T19:00:00,0.0
2025-11-08T20:00:00,0.0
2025-11-08T21:00:00,0.0
2025-11-08T22:00:00,0.0
2025-11-08T23:00:00,0.0
2025-11-09T00:00:00,0.0
2025-11-09T01:00:00,0.0
2025-11-09T02:00:00,0.0
2025-11-09T03:00:00,0.0
2025-11-09T04:00:00,0.0
2025-11-09T05:00:00,0.0
2025-11-09T06:00:00,0.0
2025-11-09T07:00:00,24.69
2025-11-09T08:00:00,62.07
2025-11-09T09:00:00,100.833
2025-11-09T10:00:00,133.927
2025-11-09T11:00:00,156.043
2025-11-09T12:00:00,163.804
2025-11-09T13:00:00,156.043
2025-11-09T14:00:00,133.927
2025-11-09T15:00:00,100.833
2025-11-09T16:00:00,62.07
2025-11-09T17:00:00,24.69
2025-11-09T18:00:00,0.0
2025-11-09T19:00:00,0.0
2025-11-09T20:00:00,0.0
2025-11-09T21:00:00,0.0
2025-11-09T22:00:00,0.0
2025-11-09T23:00:00,0.0
2025-11-10T00:00:00,0.0
2025-11-10T01:00:00,0.0
2025-11-10T02:00:00,0.0
2025-11-10T03:00:00,0.0
2025-11-10T04:00:00,0.0
2025-11-10T05:00:00,0.0
2025-11-10T06:00:00,0.0
2025-11-10T07:00:00,24.585
2025-11-10T08:00:00,61.807
2025-11-10T09:00:00,100.406
2025-11-10T10:00:00,133.359
2025-11-10T11:00:00,155.382
2025-11-10T12:00:00,163.109
2025-11-10T13:00:00,155.382
2025-11-10T14:00:00,133.359
2025-11-10T15:00:00,100.406
2025-11-10T16:00:00,61.807
2025-11-10T17:00:00,24.585
2025-11-10T18:00:00,0.0
2025-11-10T19:00:00,0.0
2025-11-10T20:00:00,0.0
2025-11-10T21:00:00,0.0
2025-11-10T22:00:00,0.0
2025-11-10T23:00:00,0.0
2025-11-11T00:00:00,0.0
2025-11-11T01:00:00,0.0
2025-11-11T02:00:00,0.0
2025-11-11T03:00:00,0.0
2025-11-11T04:00:00,0.0
2025-11-11T05:00:00,0.0
2025-11-11T06:00:00,0.0
2025-11-11T07:00:00,24.483
2025-11-11T08:00:00,61.549
2025-11-11T09:00:00,99.987
2025-11-11T10:00:00,132.803
2025-11-11T11:00:00,154.734
2025-11-11T12:00:00,162.429
2025-11-11T13:00:00,154.734
2025-11-11T14:00:00,132.803
2025-11-11T15:00:00,99.987
2025-11-11T16:00:00,61.549
2025-11-11T17:00:00,24.483
2025-11-11T18:00:00,0.0
2025-11-11T19:00:00,0.0
2025-11-11T20:00:00,0.0
2025-11-11T21:00:00,0.0
2025-11-11T22:00:00,0.0
2025-11-11T23:00:00,0.0
2025-11-12T00:00:00,0.0
2025-11-12T01:00:00,0.0
2025-11-12T02:00:00,0.0
2025-11-12T03:00:00,0.0
2025-11-12T04:00:00,0.0
2025-11-12T05:00:00,0.0
2025-11-12T06:00:00,0.0
2025-11-12T07:00:00,24.382
2025-11-12T08:00:00,61.297
2025-11-12T09:00:00,99.577
2025-11-12T10:00:00,132.258
2025-11-12T11:00:00,154.099
2025-11-12T12:00:00,161.763
2025-11-12T13:00:00,154.099
2025-11-12T14:00:00,132.258
2025-11-12T15:00:00,99.577
2025-11-12T16:00:00,61.297
2025-11-12T17:00:00,24.382
2025-11-12T18:00:00,0.0
2025-11-12T19:00:00,0.0
2025-11-12T20:00:00,0.0
2025-11-12T21:00:00,0.0
2025-11-12T22:00:00,0.0
2025-11-12T23:00:00,0.0
2025-11-13T00:00:00,0.0
2025-11-13T01:00:00,0.0
2025-11-13T02:00:00,0.0
2025-11-13T03:00:00,0.0
2025-11-13T04:00:00,0.0
2025-11-13T05:00:00,0.0
2025-11-13T06:00:00,0.0
2025-11-13T07:00:00,24.284
2025-11-13T08:00:00,61.05
2025-11-13T09:00:00,99.176
2025-11-13T10:00:00,131.725
2025-11-13T11:00:00,153.478
2025-11-13T12:00:00,161.111
2025-11-13T13:00:00,153.478
2025-11-13T14:00:00,131.725
2025-11-13T15:00:00,99.176
2025-11-13T16:00:00,61.05
2025-11-13T17:00:00,24.284
2025-11-13T18:00:00,0.0
2025-11-13T19:00:00,0.0
2025-11-13T20:00:00,0.0
2025-11-13T21:00:00,0.0
2025-11-13T22:00:00,0.0
2025-11-13T23:00:00,0.0
2025-11-14T00:00:00,0.0
2025-11-14T01:00:00,0.0
2025-11-14T02:00:00,0.0
2025-11-14T03:00:00,0.0
2025-11-14T04:00:00,0.0
2025-11-14T05:00:00,0.0
2025-11-14T06:00:00,0.0
2025-11-14T07:00:00,24.188
2025-11-14T08:00:00,60.808
2025-11-14T09:00:00,98.783
2025-11-14T10:00:00,131.204
2025-11-14T11:00:00,152.871
2025-11-14T12:00:00,160.474
2025-11-14T13:00:00,152.871
2025-11-14T14:00:00,131.204
2025-11-14T15:00:00,98.783
2025-11-14T16:00:00,60.808
2025-11-14T17:00:00,24.188
2025-11-14T18:00:00,0.0
2025-11-14T19:00:00,0.0
2025-11-14T20:00:00,0.0
2025-11-14T21:00:00,0.0
2025-11-14T22:00:00,0.0
2025-11-14T23:00:00,0.0
2025-11-15T00:00:00,0.0
2025-11-15T01:00:00,0.0
2025-11-15T02:00:00,0.0
2025-11-15T03:00:00,0.0
2025-11-15T04:00:00,0.0
2025-11-15T05:00:00,0.0
2025-11-15T06:00:00,0.0
2025-11-15T07:00:00,24.094
2025-11-15T08:00:00,60.572
2025-11-15T09:00:00,98.4
2025-11-15T10:00:00,130.695
2025-11-15T11:00:00,152.278
2025-11-15T12:00:00,159.852
2025-11-15T13:00:00,152.278
2025-11-15T14:00:00,130.695
2025-11-15T15:00:00,98.4
2025-11-15T16:00:00,60.572
2025-11-15T17:00:00,24.094
2025-11-15T18:00:00,0.0
2025-11-15T19:00:00,0.0
2025-11-15T20:00:00,0.0
2025-11-15T21:00:00,0.0
2025-11-15T22:00:00,0.0
2025-11-15T23:00:00,0.0
2025-11-16T00:00:00,0.0
2025-11-16T01:00:00,0.0
2025-11-16T02:00:00,0.0
2025-11-16T03:00:00,0.0
2025-11-16T04:00:00,0.0
2025-11-16T05:00:00,0.0
2025-11-16T06:00:00,0.0
2025-11-16T07:00:00,24.003
2025-11-16T08:00:00,60.342
2025-11-16T09:00:00,98.026
2025-11-16T10:00:00,130.199
2025-11-16T11:00:00,151.7
2025-11-16T12:00:00,159.244
2025-11-16T13:00:00,151.7
2025-11-16T14:00:00,130.199
2025-11-16T15:00:00,98.026
2025-11-16T16:00:00,60.342
2025-11-16T17:00:00,24.003
2025-11-16T18:00:00,0.0
2025-11-16T19:00:00,0.0
2025-11-16T20:00:00,0.0
2025-11-16T21:00:00,0.0
2025-11-16T22:00:00,0.0
2025-11-16T23:00:00,0.0
2025-11-17T00:00:00,0.0
2025-11-17T01:00:00,0.0
2025-11-17T02:00:00,0.0
2025-11-17T03:00:00,0.0
2025-11-17T04:00:00,0.0
2025-11-17T05:00:00,0.0
2025-11-17T06:00:00,0.0
2025-11-17T07:00:00,23.913
2025-11-17T08:00:00,60.118
2025-11-17T09:00:00,97.662
2025-11-17T10:00:00,129.715
2025-11-17T11:00:00,151.136
2025-11-17T12:00:00,158.652
2025-11-17T13:00:00,151.136
2025-11-17T14:00:00,129.715
2025-11-17T15:00:00,97.662
2025-11-17T16:00:00,60.118
2025-11-17T17:00:00,23.913
2025-11-17T18:00:00,0.0
2025-11-17T19:00:00,0.0
2025-11-17T20:00:00,0.0
2025-11-17T21:00:00,0.0
2025-11-17T22:00:00,0.0
2025-11-17T23:00:00,0.0
2025-11-18T00:00:00,0.0
2025-11-18T01:00:00,0.0
2025-11-18T02:00:00,0.0
2025-11-18T03:00:00,0.0
2025-11-18T04:00:00,0.0
2025-11-18T05:00:00,0.0
2025-11-18T06:00:00,0.0
2025-11-18T07:00:00,23.826
2025-11-18T08:00:00,59.899
2025-11-18T09:00:00,97.307
2025-11-18T10:00:00,129.243
2025-11-18T11:00:00,150.586
2025-11-18T12:00:00,158.075
2025-11-18T13:00:00,150.586
2025-11-18T14:00:00,129.243
2025-11-18T15:00:00,97.307
2025-11-18T16:00:00,59.899
2025-11-18T17:00:00,23.826
2025-11-18T18:00:00,0.0
2025-11-18T19:00:00,0.0
2025-11-18T20:00:00,0.0
2025-11-18T21:00:00,0.0
2025-11-18T22:00:00,0.0
2025-11-18T23:00:00,0.0
2025-11-19T00:00:00,0.0
2025-11-19T01:00:00,0.0
2025-11-19T02:00:00,0.0
2025-11-19T03:00:00,0.0
2025-11-19T04:00:00,0.0
2025-11-19T05:00:00,0.0
2025-11-19T06:00:00,0.0
2025-11-19T07:00:00,23.742
2025-11-19T08:00:00,59.687
2025-11-19T09:00:00,96.961
2025-11-19T10:00:00,128.784
2025-11-19T11:00:00,150.051
2025-11-19T12:00:00,157.514
2025-11-19T13:00:00,150.051
2025-11-19T14:00:00,128.784
2025-11-19T15:00:00,96.961
2025-11-19T16:00:00,59.687
2025-11-19T17:00:00,23.742
2025-11-19T18:00:00,0.0
2025-11-19T19:00:00,0.0
2025-11-19T20:00:00,0.0
2025-11-19T21:00:00,0.0
2025-11-19T22:00:00,0.0
2025-11-19T23:00:00,0.0
2025-11-20T00:00:00,0.0
2025-11-20T01:00:00,0.0
2025-11-20T02:00:00,0.0
2025-11-20T03:00:00,0.0
2025-11-20T04:00:00,0.0
2025-11-20T05:00:00,0.0
2025-11-20T06:00:00,0.0
2025-11-20T07:00:00,23.66
2025-11-20T08:00:00,59.48
2025-11-20T09:00:00,96.625
2025-11-20T10:00:00,128.338
2025-11-20T11:00:00,149.531
2025-11-20T12:00:00,156.968
2025-11-20T13:00:00,149.531
2025-11-20T14:00:00,128.338
2025-11-20T15:00:00,96.625
2025-11-20T16:00:00,59.48
2025-11-20T17:00:00,23.66
2025-11-20T18:00:00,0.0
2025-11-20T19:00:00,0.0
2025-11-20T20:00:00,0.0
2025-11-20T21:00:00,0.0
2025-11-20T22:00:00,0.0
2025-11-20T23:00:00,0.0
2025-11-21T00:00:00,0.0
2025-11-21T01:00:00,0.0
2025-11-21T02:00:00,0.0
2025-11-21T03:00:00,0.0
2025-11-21T04:00:00,0.0
2025-11-21T05:00:00,0.0
2025-11-21T06:00:00,0.0
2025-11-21T07:00:00,23.58
2025-11-21T08:00:00,59.279
2025-11-21T09:00:00,96.299
2025-11-21T10:00:00,127.904
2025-11-21T11:00:00,149.027
2025-11-21T12:00:00,156.438
2025-11-21T13:00:00,149.027
2025-11-21T14:00:00,127.904
2025-11-21T15:00:00,96.299
2025-11-21T16:00:00,59.279
2025-11-21T17:00:00,23.58
2025-11-21T18:00:00,0.0
2025-11-21T19:00:00,0.0
2025-11-21T20:00:00,0.0
2025-11-21T21:00:00,0.0
2025-11-21T22:00:00,0.0
2025-11-21T23:00:00,0.0
2025-11-22T00:00:00,0.0
2025-11-22T01:00:00,0.0
2025-11-22T02:00:00,0.0
2025-11-22T03:00:00,0.0
2025-11-22T04:00:00,0.0
2025-11-22T05:00:00,0.0
2025-11-22T06:00:00,0.0
2025-11-22T07:00:00,23.502
2025-11-22T08:00:00,59.084
2025-11-22T09:00:00,95.983
2025-11-22T10:00:00,127.484
2025-11-22T11:00:00,148.537
2025-11-22T12:00:00,155.924
2025-11-22T13:00:00,148.537
2025-11-22T14:00:00,127.484
2025-11-22T15:00:00,95.983
2025-11-22T16:00:00,59.084
2025-11-22T17:00:00,23.502
2025-11-22T18:00:00,0.0
2025-11-22T19:00:00,0.0
2025-11-22T20:00:00,0.0
2025-11-22T21:00:00,0.0
2025-11-22T22:00:00,0.0
2025-11-22T23:00:00,0.0
2025-11-23T00:00:00,0.0
2025-11-23T01:00:00,0.0
2025-11-23T02:00:00,0.0
2025-11-23T03:00:00,0.0
2025-11-23T04:00:00,0.0
2025-11-23T05:00:00,0.0
2025-11-23T06:00:00,0.0
2025-11-23T07:00:00,23.427
2025-11-23T08:00:00,58.896
2025-11-23T09:00:00,95.676
2025-11-23T10:00:00,127.077
2025-11-23T11:00:00,148.063
2025-11-23T12:00:00,155.426
2025-11-23T13:00:00,148.063
2025-11-23T14:00:00,127.077
2025-11-23T15:00:00,95.676
2025-11-23T16:00:00,58.896
2025-11-23T17:00:00,23.427
2025-11-23T18:00:00,0.0
2025-11-23T19:00:00,0.0
2025-11-23T20:00:00,0.0
2025-11-23T21:00:00,0.0
2025-11-23T22:00:00,0.0
2025-11-23T23:00:00,0.0
2025-11-24T00:00:00,0.0
2025-11-24T01:00:00,0.0
2025-11-24T02:00:00,0.0
2025-11-24T03:00:00,0.0
2025-11-24T04:00:00,0.0
2025-11-24T05:00:00,0.0
2025-11-24T06:00:00,0.0
2025-11-24T07:00:00,23.355
2025-11-24T08:00:00,58.713
2025-11-24T09:00:00,95.38
2025-11-24T10:00:00,126.684
2025-11-24T11:00:00,147.604
2025-11-24T12:00:00,154.945
2025-11-24T13:00:00,147.604
2025-11-24T14:00:00,126.684
2025-11-24T15:00:00,95.38
2025-11-24T16:00:00,58.713
2025-11-24T17:00:00,23.355
2025-11-24T18:00:00,0.0
2025-11-24T19:00:00,0.0
2025-11-24T20:00:00,0.0
2025-11-24T21:00:00,0.0
2025-11-24T22:00:00,0.0
2025-11-24T23:00:00,0.0
2025-11-25T00:00:00,0.0
2025-11-25T01:00:00,0.0
2025-11-25T02:00:00,0.0
2025-11-25T03:00:00,0.0
2025-11-25T04:00:00,0.0
2025-11-25T05:00:00,0.0
2025-11-25T06:00:00,0.0
2025-11-25T07:00:00,23.284
2025-11-25T08:00:00,58.537
2025-11-25T09:00:00,95.094
2025-11-25T10:00:00,126.303
2025-11-25T11:00:00,147.161
2025-11-25T12:00:00,154.48
2025-11-25T13:00:00,147.161
2025-11-25T14:00:00,126.303
2025-11-25T15:00:00,95.094
2025-11-25T16:00:00,58.537
2025-11-25T17:00:00,23.284
2025-11-25T18:00:00,0.0
2025-11-25T19:00:00,0.0
2025-11-25T20:00:00,0.0
2025-11-25T21:00:00,0.0
2025-11-25T22:00:00,0.0
2025-11-25T23:00:00,0.0
2025-11-26T00:00:00,0.0
2025-11-26T01:00:00,0.0
2025-11-26T02:00:00,0.0
2025-11-26T03:00:00,0.0
2025-11-26T04:00:00,0.0
2025-11-26T05:00:00,0.0
2025-11-26T06:00:00,0.0
2025-11-26T07:00:00,23.217
2025-11-26T08:00:00,58.367
2025-11-26T09:00:00,94.817
2025-11-26T10:00:00,125.937
2025-11-26T11:00:00,146.734
2025-11-26T12:00:00,154.031
2025-11-26T13:00:00,146.734
2025-11-26T14:00:00,125.937
2025-11-26T15:00:00,94.817
2025-11-26T16:00:00,58.367
2025-11-26T17:00:00,23.217
2025-11-26T18:00:00,0.0
2025-11-26T19:00:00,0.0
2025-11-26T20:00:00,0.0
2025-11-26T21:00:00,0.0
2025-11-26T22:00:00,0.0
2025-11-26T23:00:00,0.0
2025-11-27T00:00:00,0.0
2025-11-27T01:00:00,0.0
2025-11-27T02:00:00,0.0
2025-11-27T03:00:00,0.0
2025-11-27T04:00:00,0.0
2025-11-27T05:00:00,0.0
2025-11-27T06:00:00,0.0
2025-11-27T07:00:00,23.152
2025-11-27T08:00:00,58.203
2025-11-27T09:00:00,94.552
2025-11-27T10:00:00,125.584
2025-11-27T11:00:00,146.323
2025-11-27T12:00:00,153.6
2025-11-27T13:00:00,146.323
2025-11-27T14:00:00,125.584
2025-11-27T15:00:00,94.552
2025-11-27T16:00:00,58.203
2025-11-27T17:00:00,23.152
2025-11-27T18:00:00,0.0
2025-11-27T19:00:00,0.0
2025-11-27T20:00:00,0.0
2025-11-27T21:00:00,0.0
2025-11-27T22:00:00,0.0
2025-11-27T23:00:00,0.0
2025-11-28T00:00:00,0.0
2025-11-28T01:00:00,0.0
2025-11-28T02:00:00,0.0
2025-11-28T03:00:00,0.0
2025-11-28T04:00:00,0.0
2025-11-28T05:00:00,0.0
2025-11-28T06:00:00,0.0
2025-11-28T07:00:00,23.089
2025-11-28T08:00:00,58.046
2025-11-28T09:00:00,94.296
2025-11-28T10:00:00,125.244
2025-11-28T11:00:00,145.927
2025-11-28T12:00:00,153.185
2025-11-28T13:00:00,145.927
2025-11-28T14:00:00,125.244
2025-11-28T15:00:00,94.296
2025-11-28T16:00:00,58.046
2025-11-28T17:00:00,23.089
2025-11-28T18:00:00,0.0
2025-11-28T19:00:00,0.0
2025-11-28T20:00:00,0.0
2025-11-28T21:00:00,0.0
2025-11-28T22:00:00,0.0
2025-11-28T23:00:00,0.0
2025-11-29T00:00:00,0.0
2025-11-29T01:00:00,0.0
2025-11-29T02:00:00,0.0
2025-11-29T03:00:00,0.0
2025-11-29T04:00:00,0.0
2025-11-29T05:00:00,0.0
2025-11-29T06:00:00,0.0
2025-11-29T07:00:00,23.029
2025-11-29T08:00:00,57.895
2025-11-29T09:00:00,94.051
2025-11-29T10:00:00,124.919
2025-11-29T11:00:00,145.548
2025-11-29T12:00:00,152.786
2025-11-29T13:00:00,145.548
2025-11-29T14:00:00,124.919
2025-11-29T15:00:00,94.051
2025-11-29T16:00:00,57.895
2025-11-29T17:00:00,23.029
2025-11-29T18:00:00,0.0
2025-11-29T19:00:00,0.0
2025-11-29T20:00:00,0.0
2025-11-29T21:00:00,0.0
2025-11-29T22:00:00,0.0
2025-11-29T23:00:00,0.0
2025-11-30T00:00:00,0.0
2025-11-30T01:00:00,0.0
2025-11-30T02:00:00,0.0
2025-11-30T03:00:00,0.0
2025-11-30T04:00:00,0.0
2025-11-30T05:00:00,0.0
2025-11-30T06:00:00,0.0
2025-11-30T07:00:00,22.972
2025-11-30T08:00:00,57.751
2025-11-30T09:00:00,93.817
2025-11-30T10:00:00,124.607
2025-11-30T11:00:00,145.185
2025-11-30T12:00:00,152.405
2025-11-30T13:00:00,145.185
2025-11-30T14:00:00,124.607
2025-11-30T15:00:00,93.817
2025-11-30T16:00:00,57.751
2025-11-30T17:00:00,22.972
2025-11-30T18:00:00,0.0
2025-11-30T19:00:00,0.0
2025-11-30T20:00:00,0.0
2025-11-30T21:00:00,0.0
2025-11-30T22:00:00,0.0
2025-11-30T23:00:00,0.0
2025-12-01T00:00:00,0.0
2025-12-01T01:00:00,0.0
2025-12-01T02:00:00,0.0
2025-12-01T03:00:00,0.0
2025-12-01T04:00:00,0.0
2025-12-01T05:00:00,0.0
2025-12-01T06:00:00,0.0
2025-12-01T07:00:00,22.917
2025-12-01T08:00:00,57.613
2025-12-01T09:00:00,93.593
2025-12-01T10:00:00,124.31
2025-12-01T11:00:00,144.838
2025-12-01T12:00:00,152.042
2025-12-01T13:00:00,144.838
2025-12-01T14:00:00,124.31
2025-12-01T15:00:00,93.593
2025-12-01T16:00:00,57.613
2025-12-01T17:00:00,22.917
2025-12-01T18:00:00,0.0
2025-12-01T19:00:00,0.0
2025-12-01T20:00:00,0.0
2025-12-01T21:00:00,0.0
2025-12-01T22:00:00,0.0
2025-12-01T23:00:00,0.0
2025-12-02T00:00:00,0.0
2025-12-02T01:00:00,0.0
2025-12-02T02:00:00,0.0
2025-12-02T03:00:00,0.0
2025-12-02T04:00:00,0.0
2025-12-02T05:00:00,0.0
2025-12-02T06:00:00,0.0
2025-12-02T07:00:00,22.865
2025-12-02T08:00:00,57.482
2025-12-02T09:00:00,93.379
2025-12-02T10:00:00,124.027
2025-12-02T11:00:00,144.508
2025-12-02T12:00:00,151.695
2025-12-02T13:00:00,144.508
2025-12-02T14:00:00,124.027
2025-12-02T15:00:00,93.379
2025-12-02T16:00:00,57.482
2025-12-02T17:00:00,22.865
2025-12-02T18:00:00,0.0
2025-12-02T19:00:00,0.0
2025-12-02T20:00:00,0.0
2025-12-02T21:00:00,0.0
2025-12-02T22:00:00,0.0
2025-12-02T23:00:00,0.0
2025-12-03T00:00:00,0.0
2025-12-03T01:00:00,0.0
2025-12-03T02:00:00,0.0
2025-12-03T03:00:00,0.0
2025-12-03T04:00:00,0.0
2025-12-03T05:00:00,0.0
2025-12-03T06:00:00,0.0
2025-12-03T07:00:00,22.815
2025-12-03T08:00:00,57.357
2025-12-03T09:00:00,93.177
2025-12-03T10:00:00,123.757
2025-12-03T11:00:00,144.195
2025-12-03T12:00:00,151.366
2025-12-03T13:00:00,144.195
2025-12-03T14:00:00,123.757
2025-12-03T15:00:00,93.177
2025-12-03T16:00:00,57.357
2025-12-03T17:00:00,22.815
2025-12-03T18:00:00,0.0
2025-12-03T19:00:00,0.0
2025-12-03T20:00:00,0.0
2025-12-03T21:00:00,0.0
2025-12-03T22:00:00,0.0
2025-12-03T23:00:00,0.0
2025-12-04T00:00:00,0.0
2025-12-04T01:00:00,0.0
2025-12-04T02:00:00,0.0
2025-12-04T03:00:00,0.0
2025-12-04T04:00:00,0.0
2025-12-04T05:00:00,0.0
2025-12-04T06:00:00,0.0
2025-12-04T07:00:00,22.768
2025-12-04T08:00:00,57.239
2025-12-04T09:00:00,92.985
2025-12-04T10:00:00,123.503
2025-12-04T11:00:00,143.898
2025-12-04T12:00:00,151.054
2025-12-04T13:00:00,143.898
2025-12-04T14:00:00,123.503
2025-12-04T15:00:00,92.985
2025-12-04T16:00:00,57.239
2025-12-04T17:00:00,22.768
2025-12-04T18:00:00,0.0
2025-12-04T19:00:00,0.0
2025-12-04T20:00:00,0.0
2025-12-04T21:00:00,0.0
2025-12-04T22:00:00,0.0
2025-12-04T23:00:00,0.0
2025-12-05T00:00:00,0.0
2025-12-05T01:00:00,0.0
2025-12-05T02:00:00,0.0
2025-12-05T03:00:00,0.0
2025-12-05T04:00:00,0.0
2025-12-05T05:00:00,0.0
2025-12-05T06:00:00,0.0
2025-12-05T07:00:00,22.724
2025-12-05T08:00:00,57.127
2025-12-05T09:00:00,92.804
2025-12-05T10:00:00,123.262
2025-12-05T11:00:00,143.618
2025-12-05T12:00:00,150.76
2025-12-05T13:00:00,143.618
2025-12-05T14:00:00,123.262
2025-12-05T15:00:00,92.804
2025-12-05T16:00:00,57.127
2025-12-05T17:00:00,22.724
2025-12-05T18:00:00,0.0
2025-12-05T19:00:00,0.0
2025-12-05T20:00:00,0.0
2025-12-05T21:00:00,0.0
2025-12-05T22:00:00,0.0
2025-12-05T23:00:00,0.0
2025-12-06T00:00:00,0.0
2025-12-06T01:00:00,0.0
2025-12-06T02:00:00,0.0
2025-12-06T03:00:00,0.0
2025-12-06T04:00:00,0.0
2025-12-06T05:00:00,0.0
2025-12-06T06:00:00,0.0
2025-12-06T07:00:00,22.682
2025-12-06T08:00:00,57.023
2025-12-06T09:00:00,92.634
2025-12-06T10:00:00,123.036
2025-12-06T11:00:00,143.354
2025-12-06T12:00:00,150.484
2025-12-06T13:00:00,143.354
2025-12-06T14:00:00,123.036
2025-12-06T15:00:00,92.634
2025-12-06T16:00:00,57.023
2025-12-06T17:00:00,22.682
2025-12-06T18:00:00,0.0
2025-12-06T19:00:00,0.0
2025-12-06T20:00:00,0.0
2025-12-06T21:00:00,0.0
2025-12-06T22:00:00,0.0
2025-12-06T23:00:00,0.0
2025-12-07T00:00:00,0.0
2025-12-07T01:00:00,0.0
2025-12-07T02:00:00,0.0
2025-12-07T03:00:00,0.0
2025-12-07T04:00:00,0.0
2025-12-07T05:00:00,0.0
2025-12-07T06:00:00,0.0
2025-12-07T07:00:00,22.643
2025-12-07T08:00:00,56.925
2025-12-07T09:00:00,92.474
2025-12-07T10:00:00,122.825
2025-12-07T11:00:00,143.108
2025-12-07T12:00:00,150.225
2025-12-07T13:00:00,143.108
2025-12-07T14:00:00,122.825
2025-12-07T15:00:00,92.474
2025-12-07T16:00:00,56.925
2025-12-07T17:00:00,22.643
2025-12-07T18:00:00,0.0
2025-12-07T19:00:00,0.0
2025-12-07T20:00:00,0.0
2025-12-07T21:00:00,0.0
2025-12-07T22:00:00,0.0
2025-12-07T23:00:00,0.0
2025-12-08T00:00:00,0.0
2025-12-08T01:00:00,0.0
2025-12-08T02:00:00,0.0
2025-12-08T03:00:00,0.0
2025-12-08T04:00:00,0.0
2025-12-08T05:00:00,0.0
2025-12-08T06:00:00,0.0
2025-12-08T07:00:00,22.607
2025-12-08T08:00:00,56.833
2025-12-08T09:00:00,92.326
2025-12-08T10:00:00,122.628
2025-12-08T11:00:00,142.879
2025-12-08T12:00:00,149.984
2025-12-08T13:00:00,142.879
2025-12-08T14:00:00,122.628
2025-12-08T15:00:00,92.326
2025-12-08T16:00:00,56.833
2025-12-08T17:00:00,22.607
2025-12-08T18:00:00,0.0
2025-12-08T19:00:00,0.0
2025-12-08T20:00:00,0.0
2025-12-08T21:00:00,0.0
2025-12-08T22:00:00,0.0
2025-12-08T23:00:00,0.0
2025-12-09T00:00:00,0.0
2025-12-09T01:00:00,0.0
2025-12-09T02:00:00,0.0
2025-12-09T03:00:00,0.0
2025-12-09T04:00:00,0.0
2025-12-09T05:00:00,0.0
2025-12-09T06:00:00,0.0
2025-12-09T07:00:00,22.573
2025-12-09T08:00:00,56.749
2025-12-09T09:00:00,92.189
2025-12-09T10:00:00,122.445
2025-12-09T11:00:00,142.666
2025-12-09T12:00:00,149.761
2025-12-09T13:00:00,142.666
2025-12-09T14:00:00,122.445
2025-12-09T15:00:00,92.189
2025-12-09T16:00:00,56.749
2025-12-09T17:00:00,22.573
2025-12-09T18:00:00,0.0
2025-12-09T19:00:00,0.0
2025-12-09T20:00:00,0.0
2025-12-09T21:00:00,0.0
2025-12-09T22:00:00,0.0
2025-12-09T23:00:00,0.0
2025-12-10T00:00:00,0.0
2025-12-10T01:00:00,0.0
2025-12-10T02:00:00,0.0
2025-12-10T03:00:00,0.0
2025-12-10T04:00:00,0.0
2025-12-10T05:00:00,0.0
2025-12-10T06:00:00,0.0
2025-12-10T07:00:00,22.542
2025-12-10T08:00:00,56.671
2025-12-10T09:00:00,92.063
2025-12-10T10:00:00,122.278
2025-12-10T11:00:00,142.471
2025-12-10T12:00:00,149.556
2025-12-10T13:00:00,142.471
2025-12-10T14:00:00,122.278
2025-12-10T15:00:00,92.063
2025-12-10T16:00:00,56.671
2025-12-10T17:00:00,22.542
2025-12-10T18:00:00,0.0
2025-12-10T19:00:00,0.0
2025-12-10T20:00:00,0.0
2025-12-10T21:00:00,0.0
2025-12-10T22:00:00,0.0
2025-12-10T23:00:00,0.0
2025-12-11T00:00:00,0.0
2025-12-11T01:00:00,0.0
2025-12-11T02:00:00,0.0
2025-12-11T03:00:00,0.0
2025-12-11T04:00:00,0.0
2025-12-11T05:00:00,0.0
2025-12-11T06:00:00,0.0
2025-12-11T07:00:00,22.514
2025-12-11T08:00:00,56.6
2025-12-11T09:00:00,91.948
2025-12-11T10:00:00,122.125
2025-12-11T11:00:00,142.293
2025-12-11T12:00:00,149.369
2025-12-11T13:00:00,142.293
2025-12-11T14:00:00,122.125
2025-12-11T15:00:00,91.948
2025-12-11T16:00:00,56.6
2025-12-11T17:00:00,22.514
2025-12-11T18:00:00,0.0
2025-12-11T19:00:00,0.0
2025-12-11T20:00:00,0.0
2025-12-11T21:00:00,0.0
2025-12-11T22:00:00,0.0
2025-12-11T23:00:00,0.0
2025-12-12T00:00:00,0.0
2025-12-12T01:00:00,0.0
2025-12-12T02:00:00,0.0
2025-12-12T03:00:00,0.0
2025-12-12T04:00:00,0.0
2025-12-12T05:00:00,0.0
2025-12-12T06:00:00,0.0
2025-12-12T07:00:00,22.489
2025-12-12T08:00:00,56.536
2025-12-12T09:00:00,91.844
2025-12-12T10:00:00,121.987
2025-12-12T11:00:00,142.132
2025-12-12T12:00:00,149.201
2025-12-12T13:00:00,142.132
2025-12-12T14:00:00,121.987
2025-12-12T15:00:00,91.844
2025-12-12T16:00:00,56.536
2025-12-12T17:00:00,22.489
2025-12-12T18:00:00,0.0
2025-12-12T19:00:00,0.0
2025-12-12T20:00:00,0.0
2025-12-12T21:00:00,0.0
2025-12-12T22:00:00,0.0
2025-12-12T23:00:00,0.0
2025-12-13T00:00:00,0.0
2025-12-13T01:00:00,0.0
2025-12-13T02:00:00,0.0
2025-12-13T03:00:00,0.0
2025-12-13T04:00:00,0.0
2025-12-13T05:00:00,0.0
2025-12-13T06:00:00,0.0
2025-12-13T07:00:00,22.466
2025-12-13T08:00:00,56.479
2025-12-13T09:00:00,91.751
2025-12-13T10:00:00,121.864
2025-12-13T11:00:00,141.988
2025-12-13T12:00:00,149.05
2025-12-13T13:00:00,141.988
2025-12-13T14:00:00,121.864
2025-12-13T15:00:00,91.751
2025-12-13T16:00:00,56.479
2025-12-13T17:00:00,22.466
2025-12-13T18:00:00,0.0
2025-12-13T19:00:00,0.0
2025-12-13T20:00:00,0.0
2025-12-13T21:00:00,0.0
2025-12-13T22:00:00,0.0
2025-12-13T23:00:00,0.0
2025-12-14T00:00:00,0.0
2025-12-14T01:00:00,0.0
2025-12-14T02:00:00,0.0
2025-12-14T03:00:00,0.0
2025-12-14T04:00:00,0.0
2025-12-14T05:00:00,0.0
2025-12-14T06:00:00,0.0
2025-12-14T07:00:00,22.446
2025-12-14T08:00:00,56.429
2025-12-14T09:00:00,91.669
2025-12-14T10:00:00,121.755
2025-12-14T11:00:00,141.862
2025-12-14T12:00:00,148.917
2025-12-14T13:00:00,141.862
2025-12-14T14:00:00,121.755
2025-12-14T15:00:00,91.669
2025-12-14T16:00:00,56.429
2025-12-14T17:00:00,22.446
2025-12-14T18:00:00,0.0
2025-12-14T19:00:00,0.0
2025-12-14T20:00:00,0.0
2025-12-14T21:00:00,0.0
2025-12-14T22:00:00,0.0
2025-12-14T23:00:00,0.0
2025-12-15T00:00:00,0.0
2025-12-15T01:00:00,0.0
2025-12-15T02:00:00,0.0
2025-12-15T03:00:00,0.0
2025-12-15T04:00:00,0.0
2025-12-15T05:00:00,0.0
2025-12-15T06:00:00,0.0
2025-12-15T07:00:00,22.429
2025-12-15T08:00:00,56.386
2025-12-15T09:00:00,91.599
2025-12-15T10:00:00,121.662
2025-12-15T11:00:00,141.753
2025-12-15T12:00:00,148.803
2025-12-15T13:00:00,141.753
2025-12-15T14:00:00,121.662
2025-12-15T15:00:00,91.599
2025-12-15T16:00:00,56.386
2025-12-15T17:00:00,22.429
2025-12-15T18:00:00,0.0
2025-12-15T19:00:00,0.0
2025-12-15T20:00:00,0.0
2025-12-15T21:00:00,0.0
2025-12-15T22:00:00,0.0
2025-12-15T23:00:00,0.0
2025-12-16T00:00:00,0.0
2025-12-16T01:00:00,0.0
2025-12-16T02:00:00,0.0
2025-12-16T03:00:00,0.0
2025-12-16T04:00:00,0.0
2025-12-16T05:00:00,0.0
2025-12-16T06:00:00,0.0
2025-12-16T07:00:00,22.414
2025-12-16T08:00:00,56.349
2025-12-16T09:00:00,91.54
2025-12-16T10:00:00,121.583
2025-12-16T11:00:00,141.662
2025-12-16T12:00:00,148.707
2025-12-16T13:00:00,141.662
2025-12-16T14:00:00,121.583
2025-12-16T15:00:00,91.54
2025-12-16T16:00:00,56.349
2025-12-16T17:00:00,22.414
2025-12-16T18:00:00,0.0
2025-12-16T19:00:00,0.0
2025-12-16T20:00:00,0.0
2025-12-16T21:00:00,0.0
2025-12-16T22:00:00,0.0
2025-12-16T23:00:00,0.0
2025-12-17T00:00:00,0.0
2025-12-17T01:00:00,0.0
2025-12-17T02:00:00,0.0
2025-12-17T03:00:00,0.0
2025-12-17T04:00:00,0.0
2025-12-17T05:00:00,0.0
2025-12-17T06:00:00,0.0
2025-12-17T07:00:00,22.403
2025-12-17T08:00:00,56.32
2025-12-17T09:00:00,91.492
2025-12-17T10:00:00,121.52
2025-12-17T11:00:00,141.587
2025-12-17T12:00:00,148.629
2025-12-17T13:00:00,141.587
2025-12-17T14:00:00,121.52
2025-12-17T15:00:00,91.492
2025-12-17T16:00:00,56.32
2025-12-17T17:00:00,22.403
2025-12-17T18:00:00,0.0
2025-12-17T19:00:00,0.0
2025-12-17T20:00:00,0.0
2025-12-17T21:00:00,0.0
2025-12-17T22:00:00,0.0
2025-12-17T23:00:00,0.0
2025-12-18T00:00:00,0.0
2025-12-18T01:00:00,0.0
2025-12-18T02:00:00,0.0
2025-12-18T03:00:00,0.0
2025-12-18T04:00:00,0.0
2025-12-18T05:00:00,0.0
2025-12-18T06:00:00,0.0
2025-12-18T07:00:00,22.394
2025-12-18T08:00:00,56.297
2025-12-18T09:00:00,91.455
2025-12-18T10:00:00,121.471
2025-12-18T11:00:00,141.531
2025-12-18T12:00:00,148.569
2025-12-18T13:00:00,141.531
2025-12-18T14:00:00,121.471
2025-12-18T15:00:00,91.455
2025-12-18T16:00:00,56.297
2025-12-18T17:00:00,22.394
2025-12-18T18:00:00,0.0
2025-12-18T19:00:00,0.0
2025-12-18T20:00:00,0.0
2025-12-18T21:00:00,0.0
2025-12-18T22:00:00,0.0
2025-12-18T23:00:00,0.0
2025-12-19T00:00:00,0.0
2025-12-19T01:00:00,0.0
2025-12-19T02:00:00,0.0
2025-12-19T03:00:00,0.0
2025-12-19T04:00:00,0.0
2025-12-19T05:00:00,0.0
2025-12-19T06:00:00,0.0
2025-12-19T07:00:00,22.387
2025-12-19T08:00:00,56.282
2025-12-19T09:00:00,91.43
2025-12-19T10:00:00,121.437
2025-12-19T11:00:00,141.491
2025-12-19T12:00:00,148.528
2025-12-19T13:00:00,141.491
2025-12-19T14:00:00,121.437
2025-12-19T15:00:00,91.43
2025-12-19T16:00:00,56.282
2025-12-19T17:00:00,22.387
2025-12-19T18:00:00,0.0
2025-12-19T19:00:00,0.0
2025-12-19T20:00:00,0.0
2025-12-19T21:00:00,0.0
2025-12-19T22:00:00,0.0
2025-12-19T23:00:00,0.0
2025-12-20T00:00:00,0.0
2025-12-20T01:00:00,0.0
2025-12-20T02:00:00,0.0
2025-12-20T03:00:00,0.0
2025-12-20T04:00:00,0.0
2025-12-20T05:00:00,0.0
2025-12-20T06:00:00,0.0
2025-12-20T07:00:00,22.384
2025-12-20T08:00:00,56.273
2025-12-20T09:00:00,91.416
2025-12-20T10:00:00,121.418
2025-12-20T11:00:00,141.47
2025-12-20T12:00:00,148.505
2025-12-20T13:00:00,141.47
2025-12-20T14:00:00,121.418
2025-12-20T15:00:00,91.416
2025-12-20T16:00:00,56.273
2025-12-20T17:00:00,22.384
2025-12-20T18:00:00,0.0
2025-12-20T19:00:00,0.0
2025-12-20T20:00:00,0.0
2025-12-20T21:00:00,0.0
2025-12-20T22:00:00,0.0
2025-12-20T23:00:00,0.0
2025-12-21T00:00:00,0.0
2025-12-21T01:00:00,0.0
2025-12-21T02:00:00,0.0
2025-12-21T03:00:00,0.0
2025-12-21T04:00:00,0.0
2025-12-21T05:00:00,0.0
2025-12-21T06:00:00,0.0
2025-12-21T07:00:00,22.383
2025-12-21T08:00:00,56.271
2025-12-21T09:00:00,91.413
2025-12-21T10:00:00,121.415
2025-12-21T11:00:00,141.465
2025-12-21T12:00:00,148.501
2025-12-21T13:00:00,141.465
2025-12-21T14:00:00,121.415
2025-12-21T15:00:00,91.413
2025-12-21T16:00:00,56.271
2025-12-21T17:00:00,22.383
2025-12-21T18:00:00,0.0
2025-12-21T19:00:00,0.0
2025-12-21T20:00:00,0.0
2025-12-21T21:00:00,0.0
2025-12-21T22:00:00,0.0
2025-12-21T23:00:00,0.0
2025-12-22T00:00:00,0.0
2025-12-22T01:00:00,0.0
2025-12-22T02:00:00,0.0
2025-12-22T03:00:00,0.0
2025-12-22T04:00:00,0.0
2025-12-22T05:00:00,0.0
2025-12-22T06:00:00,0.0
2025-12-22T07:00:00,22.385
2025-12-22T08:00:00,56.276
2025-12-22T09:00:00,91.421
2025-12-22T10:00:00,121.426
2025-12-22T11:00:00,141.478
2025-12-22T12:00:00,148.514
2025-12-22T13:00:00,141.478
2025-12-22T14:00:00,121.426
2025-12-22T15:00:00,91.421
2025-12-22T16:00:00,56.276
2025-12-22T17:00:00,22.385
2025-12-22T18:00:00,0.0
2025-12-22T19:00:00,0.0
2025-12-22T20:00:00,0.0
2025-12-22T21:00:00,0.0
2025-12-22T22:00:00,0.0
2025-12-22T23:00:00,0.0
2025-12-23T00:00:00,0.0
2025-12-23T01:00:00,0.0
2025-12-23T02:00:00,0.0
2025-12-23T03:00:00,0.0
2025-12-23T04:00:00,0.0
2025-12-23T05:00:00,0.0
2025-12-23T06:00:00,0.0
2025-12-23T07:00:00,22.39
2025-12-23T08:00:00,56.289
2025-12-23T09:00:00,91.441
2025-12-23T10:00:00,121.452
2025-12-23T11:00:00,141.509
2025-12-23T12:00:00,148.546
2025-12-23T13:00:00,141.509
2025-12-23T14:00:00,121.452
2025-12-23T15:00:00,91.441
2025-12-23T16:00:00,56.289
2025-12-23T17:00:00,22.39
2025-12-23T18:00:00,0.0
2025-12-23T19:00:00,0.0
2025-12-23T20:00:00,0.0
2025-12-23T21:00:00,0.0
2025-12-23T22:00:00,0.0
2025-12-23T23:00:00,0.0
2025-12-24T00:00:00,0.0
2025-12-24T01:00:00,0.0
2025-12-24T02:00:00,0.0
2025-12-24T03:00:00,0.0
2025-12-24T04:00:00,0.0
2025-12-24T05:00:00,0.0
2025-12-24T06:00:00,0.0
2025-12-24T07:00:00,22.398
2025-12-24T08:00:00,56.308
2025-12-24T09:00:00,91.472
2025-12-24T10:00:00,121.493
2025-12-24T11:00:00,141.557
2025-12-24T12:00:00,148.597
2025-12-24T13:00:00,141.557
2025-12-24T14:00:00,121.493
2025-12-24T15:00:00,91.472
2025-12-24T16:00:00,56.308
2025-12-24T17:00:00,22.398
2025-12-24T18:00:00,0.0
2025-12-24T19:00:00,0.0
2025-12-24T20:00:00,0.0
2025-12-24T21:00:00,0.0
2025-12-24T22:00:00,0.0
2025-12-24T23:00:00,0.0
2025-12-25T00:00:00,0.0
2025-12-25T01:00:00,0.0
2025-12-25T02:00:00,0.0
2025-12-25T03:00:00,0.0
2025-12-25T04:00:00,0.0
2025-12-25T05:00:00,0.0
2025-12-25T06:00:00,0.0
2025-12-25T07:00:00,22.408
2025-12-25T08:00:00,56.334
2025-12-25T09:00:00,91.514
2025-12-25T10:00:00,121.549
2025-12-25T11:00:00,141.622
2025-12-25T12:00:00,148.666
2025-12-25T13:00:00,141.622
2025-12-25T14:00:00,121.549
2025-12-25T15:00:00,91.514
2025-12-25T16:00:00,56.334
2025-12-25T17:00:00,22.408
2025-12-25T18:00:00,0.0
2025-12-25T19:00:00,0.0
2025-12-25T20:00:00,0.0
2025-12-25T21:00:00,0.0
2025-12-25T22:00:00,0.0
2025-12-25T23:00:00,0.0
2025-12-26T00:00:00,0.0
2025-12-26T01:00:00,0.0
2025-12-26T02:00:00,0.0
2025-12-26T03:00:00,0.0
2025-12-26T04:00:00,0.0
2025-12-26T05:00:00,0.0
2025-12-26T06:00:00,0.0
2025-12-26T07:00:00,22.421
2025-12-26T08:00:00,56.367
2025-12-26T09:00:00,91.568
2025-12-26T10:00:00,121.621
2025-12-26T11:00:00,141.705
2025-12-26T12:00:00,148.753
2025-12-26T13:00:00,141.705
2025-12-26T14:00:00,121.621
2025-12-26T15:00:00,91.568
2025-12-26T16:00:00,56.367
2025-12-26T17:00:00,22.421
2025-12-26T18:00:00,0.0
2025-12-26T19:00:00,0.0
2025-12-26T20:00:00,0.0
2025-12-26T21:00:00,0.0
2025-12-26T22:00:00,0.0
2025-12-26T23:00:00,0.0
2025-12-27T00:00:00,0.0
2025-12-27T01:00:00,0.0
2025-12-27T02:00:00,0.0
2025-12-27T03:00:00,0.0
2025-12-27T04:00:00,0.0
2025-12-27T05:00:00,0.0
2025-12-27T06:00:00,0.0
2025-12-27T07:00:00,22.437
2025-12-27T08:00:00,56.407
2025-12-27T09:00:00,91.633
2025-12-27T10:00:00,121.707
2025-12-27T11:00:00,141.805
2025-12-27T12:00:00,148.858
2025-12-27T13:00:00,141.805
2025-12-27T14:00:00,121.707
2025-12-27T15:00:00,91.633
2025-12-27T16:00:00,56.407
2025-12-27T17:00:00,22.437
2025-12-27T18:00:00,0.0
2025-12-27T19:00:00,0.0
2025-12-27T20:00:00,0.0
2025-12-27T21:00:00,0.0
2025-12-27T22:00:00,0.0
2025-12-27T23:00:00,0.0
2025-12-28T00:00:00,0.0
2025-12-28T01:00:00,0.0
2025-12-28T02:00:00,0.0
2025-12-28T03:00:00,0.0
2025-12-28T04:00:00,0.0
2025-12-28T05:00:00,0.0
2025-12-28T06:00:00,0.0
2025-12-28T07:00:00,22.456
2025-12-28T08:00:00,56.453
2025-12-28T09:00:00,91.709
2025-12-28T10:00:00,121.808
2025-12-28T11:00:00,141.923
2025-12-28T12:00:00,148.981
2025-12-28T13:00:00,141.923
2025-12-28T14:00:00,121.808
2025-12-28T15:00:00,91.709
2025-12-28T16:00:00,56.453
2025-12-28T17:00:00,22.456
2025-12-28T18:00:00,0.0
2025-12-28T19:00:00,0.0
2025-12-28T20:00:00,0.0
2025-12-28T21:00:00,0.0
2025-12-28T22:00:00,0.0
2025-12-28T23:00:00,0.0
2025-12-29T00:00:00,0.0
2025-12-29T01:00:00,0.0
2025-12-29T02:00:00,0.0
2025-12-29T03:00:00,0.0
2025-12-29T04:00:00,0.0
2025-12-29T05:00:00,0.0
2025-12-29T06:00:00,0.0
2025-12-29T07:00:00,22.477
2025-12-29T08:00:00,56.507
2025-12-29T09:00:00,91.796
2025-12-29T10:00:00,121.923
2025-12-29T11:00:00,142.058
2025-12-29T12:00:00,149.123
2025-12-29T13:00:00,142.058
2025-12-29T14:00:00,121.923
2025-12-29T15:00:00,91.796
2025-12-29T16:00:00,56.507
2025-12-29T17:00:00,22.477
2025-12-29T18:00:00,0.0
2025-12-29T19:00:00,0.0
2025-12-29T20:00:00,0.0
2025-12-29T21:00:00,0.0
2025-12-29T22:00:00,0.0
2025-12-29T23:00:00,0.0
2025-12-30T00:00:00,0.0
2025-12-30T01:00:00,0.0
2025-12-30T02:00:00,0.0
2025-12-30T03:00:00,0.0
2025-12-30T04:00:00,0.0
2025-12-30T05:00:00,0.0
2025-12-30T06:00:00,0.0
2025-12-30T07:00:00,22.501
2025-12-30T08:00:00,56.568
2025-12-30T09:00:00,91.894
2025-12-30T10:00:00,122.054
2025-12-30T11:00:00,142.21
2025-12-30T12:00:00,149.283
2025-12-30T13:00:00,142.21
2025-12-30T14:00:00,122.054
2025-12-30T15:00:00,91.894
2025-12-30T16:00:00,56.568
2025-12-30T17:00:00,22.501
2025-12-30T18:00:00,0.0
2025-12-30T19:00:00,0.0
2025-12-30T20:00:00,0.0
2025-12-30T21:00:00,0.0
2025-12-30T22:00:00,0.0
2025-12-30T23:00:00,0.0
2025-12-31T00:00:00,0.0
2025-12-31T01:00:00,0.0
2025-12-31T02:00:00,0.0
2025-12-31T03:00:00,0.0
2025-12-31T04:00:00,0.0
2025-12-31T05:00:00,0.0
2025-12-31T06:00:00,0.0
2025-12-31T07:00:00,22.528
2025-12-31T08:00:00,56.635
2025-12-31T09:00:00,92.004
2025-12-31T10:00:00,122.2
2025-12-31T11:00:00,142.38
2025-12-31T12:00:00,149.461
2025-12-31T13:00:00,142.38
2025-12-31T14:00:00,122.2
2025-12-31T15:00:00,92.004
2025-12-31T16:00:00,56.635
2025-12-31T17:00:00,22.528
2025-12-31T18:00:00,0.0
2025-12-31T19:00:00,0.0
2025-12-31T20:00:00,0.0
2025-12-31T21:00:00,0.0
2025-12-31T22:00:00,0.0
2025-12-31T23:00:00,0.0
