timestamp,mw
2025-01-01T00:00:00,61.498
2025-01-01T01:00:00,64.984
2025-01-01T02:00:00,68.541
2025-01-01T03:00:00,71.755
2025-01-01T04:00:00,74.281
2025-01-01T05:00:00,75.902
2025-01-01T06:00:00,76.572
2025-01-01T07:00:00,76.416
2025-01-01T08:00:00,75.68
2025-01-01T09:00:00,74.645
2025-01-01T10:00:00,73.547
2025-01-01T11:00:00,72.506
2025-01-01T12:00:00,71.508
2025-01-01T13:00:00,70.436
2025-01-01T14:00:00,69.135
2025-01-01T15:00:00,67.485
2025-01-01T16:00:00,65.461
2025-01-01T17:00:00,63.158
2025-01-01T18:00:00,60.778
2025-01-01T19:00:00,58.593
2025-01-01T20:00:00,56.897
2025-01-01T21:00:00,55.96
2025-01-01T22:00:00,55.988
2025-01-01T23:00:00,57.091
2025-01-02T00:00:00,59.262
2025-01-02T01:00:00,62.356
2025-01-02T02:00:00,66.084
2025-01-02T03:00:00,70.037
2025-01-02T04:00:00,73.739
2025-01-02T05:00:00,76.724
2025-01-02T06:00:00,78.63
2025-01-02T07:00:00,79.274
2025-01-02T08:00:00,78.692
2025-01-02T09:00:00,77.119
2025-01-02T10:00:00,74.922
2025-01-02T11:00:00,72.497
2025-01-02T12:00:00,70.175
2025-01-02T13:00:00,68.154
2025-01-02T14:00:00,66.482
2025-01-02T15:00:00,65.09
2025-01-02T16:00:00,63.851
2025-01-02T17:00:00,62.648
2025-01-02T18:00:00,61.422
2025-01-02T19:00:00,60.199
2025-01-02T20:00:00,59.083
2025-01-02T21:00:00,58.235
2025-01-02T22:00:00,57.846
2025-01-02T23:00:00,58.101
2025-01-03T00:00:00,59.153
2025-01-03T01:00:00,61.08
2025-01-03T02:00:00,63.849
2025-01-03T03:00:00,67.286
2025-01-03T04:00:00,71.071
2025-01-03T05:00:00,74.763
2025-01-03T06:00:00,77.87
2025-01-03T07:00:00,79.943
2025-01-03T08:00:00,80.678
2025-01-03T09:00:00,79.984
2025-01-03T10:00:00,78.014
2025-01-03T11:00:00,75.116
2025-01-03T12:00:00,71.753
2025-01-03T13:00:00,68.394
2025-01-03T14:00:00,65.416
2025-01-03T15:00:00,63.045
2025-01-03T16:00:00,61.352
2025-01-03T17:00:00,60.279
2025-01-03T18:00:00,59.697
2025-01-03T19:00:00,59.463
2025-01-03T20:00:00,59.458
2025-01-03T21:00:00,59.614
2025-01-03T22:00:00,59.917
2025-01-03T23:00:00,60.409
2025-01-04T00:00:00,61.174
2025-01-04T01:00:00,62.324
2025-01-04T02:00:00,63.967
2025-01-04T03:00:00,66.162
2025-01-04T04:00:00,68.874
2025-01-04T05:00:00,71.937
2025-01-04T06:00:00,75.042
2025-01-04T07:00:00,77.78
2025-01-04T08:00:00,79.71
2025-01-04T09:00:00,80.464
2025-01-04T10:00:00,79.842
2025-01-04T11:00:00,77.868
2025-01-04T12:00:00,74.792
2025-01-04T13:00:00,71.038
2025-01-04T14:00:00,67.109
2025-01-04T15:00:00,63.481
2025-01-04T16:00:00,60.525
2025-01-04T17:00:00,58.455
2025-01-04T18:00:00,57.336
2025-01-04T19:00:00,57.102
2025-01-04T20:00:00,57.605
2025-01-04T21:00:00,58.654
2025-01-04T22:00:00,60.05
2025-01-04T23:00:00,61.612
2025-01-05T00:00:00,63.201
2025-01-05T01:00:00,64.739
2025-01-05T02:00:00,66.217
2025-01-05T03:00:00,67.697
2025-01-05T04:00:00,69.271
2025-01-05T05:00:00,71.022
2025-01-05T06:00:00,72.955
2025-01-05T07:00:00,74.962
2025-01-05T08:00:00,76.805
2025-01-05T09:00:00,78.158
2025-01-05T10:00:00,78.684
2025-01-05T11:00:00,78.123
2025-01-05T12:00:00,76.381
2025-01-05T13:00:00,73.567
2025-01-05T14:00:00,69.981
2025-01-05T15:00:00,66.055
2025-01-05T16:00:00,62.263
2025-01-05T17:00:00,59.04
2025-01-05T18:00:00,56.711
2025-01-05T19:00:00,55.462
2025-01-05T20:00:00,55.337
2025-01-05T21:00:00,56.254
2025-01-05T22:00:00,58.032
2025-01-05T23:00:00,60.415
2025-01-06T00:00:00,63.106
2025-01-06T01:00:00,65.804
2025-01-06T02:00:00,68.249
2025-01-06T03:00:00,70.264
2025-01-06T04:00:00,71.791
2025-01-06T05:00:00,72.882
2025-01-06T06:00:00,73.673
2025-01-06T07:00:00,74.315
2025-01-06T08:00:00,74.909
2025-01-06T09:00:00,75.445
2025-01-06T10:00:00,75.795
2025-01-06T11:00:00,75.743
2025-01-06T12:00:00,75.058
2025-01-06T13:00:00,73.578
2025-01-06T14:00:00,71.277
2025-01-06T15:00:00,68.291
2025-01-06T16:00:00,64.905
2025-01-06T17:00:00,61.496
2025-01-06T18:00:00,58.465
2025-01-06T19:00:00,56.172
2025-01-06T20:00:00,54.885
2025-01-06T21:00:00,54.753
2025-01-06T22:00:00,55.801
2025-01-06T23:00:00,57.92
2025-01-07T00:00:00,60.88
2025-01-07T01:00:00,64.348
2025-01-07T02:00:00,67.926
2025-01-07T03:00:00,71.204
2025-01-07T04:00:00,73.837
2025-01-07T05:00:00,75.605
2025-01-07T06:00:00,76.453
2025-01-07T07:00:00,76.494
2025-01-07T08:00:00,75.955
2025-01-07T09:00:00,75.104
2025-01-07T10:00:00,74.156
2025-01-07T11:00:00,73.217
2025-01-07T12:00:00,72.266
2025-01-07T13:00:00,71.182
2025-01-07T14:00:00,69.815
2025-01-07T15:00:00,68.054
2025-01-07T16:00:00,65.887
2025-01-07T17:00:00,63.421
2025-01-07T18:00:00,60.871
2025-01-07T19:00:00,58.52
2025-01-07T20:00:00,56.67
2025-01-07T21:00:00,55.597
2025-01-07T22:00:00,55.51
2025-01-07T23:00:00,56.527
2025-01-08T00:00:00,58.642
2025-01-08T01:00:00,61.716
2025-01-08T02:00:00,65.464
2025-01-08T03:00:00,69.479
2025-01-08T04:00:00,73.285
2025-01-08T05:00:00,76.411
2025-01-08T06:00:00,78.489
2025-01-08T07:00:00,79.322
2025-01-08T08:00:00,78.934
2025-01-08T09:00:00,77.541
2025-01-08T10:00:00,75.495
2025-01-08T11:00:00,73.179
2025-01-08T12:00:00,70.914
2025-01-08T13:00:00,68.895
2025-01-08T14:00:00,67.172
2025-01-08T15:00:00,65.682
2025-01-08T16:00:00,64.309
2025-01-08T17:00:00,62.949
2025-01-08T18:00:00,61.555
2025-01-08T19:00:00,60.163
2025-01-08T20:00:00,58.886
2025-01-08T21:00:00,57.892
2025-01-08T22:00:00,57.379
2025-01-08T23:00:00,57.538
2025-01-09T00:00:00,58.526
2025-01-09T01:00:00,60.427
2025-01-09T02:00:00,63.212
2025-01-09T03:00:00,66.71
2025-01-09T04:00:00,70.598
2025-01-09T05:00:00,74.432
2025-01-09T06:00:00,77.711
2025-01-09T07:00:00,79.973
2025-01-09T08:00:00,80.899
2025-01-09T09:00:00,80.384
2025-01-09T10:00:00,78.563
2025-01-09T11:00:00,75.775
2025-01-09T12:00:00,72.473
2025-01-09T13:00:00,69.123
2025-01-09T14:00:00,66.102
2025-01-09T15:00:00,63.645
2025-01-09T16:00:00,61.83
2025-01-09T17:00:00,60.609
2025-01-09T18:00:00,59.865
2025-01-09T19:00:00,59.465
2025-01-09T20:00:00,59.297
2025-01-09T21:00:00,59.302
2025-01-09T22:00:00,59.473
2025-01-09T23:00:00,59.858
2025-01-10T00:00:00,60.547
2025-01-10T01:00:00,61.66
2025-01-10T02:00:00,63.309
2025-01-10T03:00:00,65.558
2025-01-10T04:00:00,68.37
2025-01-10T05:00:00,71.575
2025-01-10T06:00:00,74.855
2025-01-10T07:00:00,77.787
2025-01-10T08:00:00,79.913
2025-01-10T09:00:00,80.849
2025-01-10T10:00:00,80.38
2025-01-10T11:00:00,78.517
2025-01-10T12:00:00,75.503
2025-01-10T13:00:00,71.76
2025-01-10T14:00:00,67.792
2025-01-10T15:00:00,64.083
2025-01-10T16:00:00,61.011
2025-01-10T17:00:00,58.801
2025-01-10T18:00:00,57.527
2025-01-10T19:00:00,57.133
2025-01-10T20:00:00,57.478
2025-01-10T21:00:00,58.377
2025-01-10T22:00:00,59.637
2025-01-10T23:00:00,61.085
2025-01-11T00:00:00,62.588
2025-01-11T01:00:00,64.076
2025-01-11T02:00:00,65.548
2025-01-11T03:00:00,67.068
2025-01-11T04:00:00,68.733
2025-01-11T05:00:00,70.62
2025-01-11T06:00:00,72.727
2025-01-11T07:00:00,74.931
2025-01-11T08:00:00,76.978
2025-01-11T09:00:00,78.523
2025-01-11T10:00:00,79.211
2025-01-11T11:00:00,78.769
2025-01-11T12:00:00,77.096
2025-01-11T13:00:00,74.296
2025-01-11T14:00:00,70.673
2025-01-11T15:00:00,66.665
2025-01-11T16:00:00,62.759
2025-01-11T17:00:00,59.398
2025-01-11T18:00:00,56.917
2025-01-11T19:00:00,55.511
2025-01-11T20:00:00,55.231
2025-01-11T21:00:00,56.002
2025-01-11T22:00:00,57.646
2025-01-11T23:00:00,59.914
2025-01-12T00:00:00,62.514
2025-01-12T01:00:00,65.154
2025-01-12T02:00:00,67.58
2025-01-12T03:00:00,69.624
2025-01-12T04:00:00,71.227
2025-01-12T05:00:00,72.443
2025-01-12T06:00:00,73.4
2025-01-12T07:00:00,74.237
2025-01-12T08:00:00,75.038
2025-01-12T09:00:00,75.774
2025-01-12T10:00:00,76.298
2025-01-12T11:00:00,76.378
2025-01-12T12:00:00,75.774
2025-01-12T13:00:00,74.318
2025-01-12T14:00:00,71.985
2025-01-12T15:00:00,68.922
2025-01-12T16:00:00,65.421
2025-01-12T17:00:00,61.872
2025-01-12T18:00:00,58.688
2025-01-12T19:00:00,56.237
2025-01-12T20:00:00,54.794
2025-01-12T21:00:00,54.516
2025-01-12T22:00:00,55.43
2025-01-12T23:00:00,57.434
2025-01-13T00:00:00,60.304
2025-01-13T01:00:00,63.712
2025-01-13T02:00:00,67.266
2025-01-13T03:00:00,70.564
2025-01-13T04:00:00,73.263
2025-01-13T05:00:00,75.143
2025-01-13T06:00:00,76.146
2025-01-13T07:00:00,76.373
2025-01-13T08:00:00,76.037
2025-01-13T09:00:00,75.387
2025-01-13T10:00:00,74.62
2025-01-13T11:00:00,73.826
2025-01-13T12:00:00,72.969
2025-01-13T13:00:00,71.924
2025-01-13T14:00:00,70.539
2025-01-13T15:00:00,68.71
2025-01-13T16:00:00,66.433
2025-01-13T17:00:00,63.829
2025-01-13T18:00:00,61.123
2025-01-13T19:00:00,58.609
2025-01-13T20:00:00,56.598
2025-01-13T21:00:00,55.373
2025-01-13T22:00:00,55.149
2025-01-13T23:00:00,56.048
2025-01-14T00:00:00,58.071
2025-01-14T01:00:00,61.083
2025-01-14T02:00:00,64.806
2025-01-14T03:00:00,68.838
2025-01-14T04:00:00,72.706
2025-01-14T05:00:00,75.939
2025-01-14T06:00:00,78.162
2025-01-14T07:00:00,79.173
2025-01-14T08:00:00,78.979
2025-01-14T09:00:00,77.784
2025-01-14T10:00:00,75.919
2025-01-14T11:00:00,73.752
2025-01-14T12:00:00,71.592
2025-01-14T13:00:00,69.624
2025-01-14T14:00:00,67.898
2025-01-14T15:00:00,66.353
2025-01-14T16:00:00,64.882
2025-01-14T17:00:00,63.39
2025-01-14T18:00:00,61.842
2025-01-14T19:00:00,60.286
2025-01-14T20:00:00,58.844
2025-01-14T21:00:00,57.692
2025-01-14T22:00:00,57.033
2025-01-14T23:00:00,57.066
2025-01-15T00:00:00,57.955
2025-01-15T01:00:00,59.789
2025-01-15T02:00:00,62.545
2025-01-15T03:00:00,66.058
2025-01-15T04:00:00,70.007
2025-01-15T05:00:00,73.946
2025-01-15T06:00:00,77.369
2025-01-15T07:00:00,79.806
2025-01-15T08:00:00,80.923
2025-01-15T09:00:00,80.6
2025-01-15T10:00:00,78.958
2025-01-15T11:00:00,76.317
2025-01-15T12:00:00,73.123
2025-01-15T13:00:00,69.831
2025-01-15T14:00:00,66.817
2025-01-15T15:00:00,64.317
2025-01-15T16:00:00,62.416
2025-01-15T17:00:00,61.075
2025-01-15T18:00:00,60.186
2025-01-15T19:00:00,59.626
2025-01-15T20:00:00,59.294
2025-01-15T21:00:00,59.136
2025-01-15T22:00:00,59.154
2025-01-15T23:00:00,59.404
2025-01-16T00:00:00,59.983
2025-01-16T01:00:00,61.018
2025-01-16T02:00:00,62.629
2025-01-16T03:00:00,64.885
2025-01-16T04:00:00,67.754
2025-01-16T05:00:00,71.063
2025-01-16T06:00:00,74.489
2025-01-16T07:00:00,77.597
2025-01-16T08:00:00,79.917
2025-01-16T09:00:00,81.048
2025-01-16T10:00:00,80.758
2025-01-16T11:00:00,79.043
2025-01-16T12:00:00,76.137
2025-01-16T13:00:00,72.454
2025-01-16T14:00:00,68.496
2025-01-16T15:00:00,64.75
2025-01-16T16:00:00,61.599
2025-01-16T17:00:00,59.278
2025-01-16T18:00:00,57.869
2025-01-16T19:00:00,57.323
2025-01-16T20:00:00,57.508
2025-01-16T21:00:00,58.247
2025-01-16T22:00:00,59.353
2025-01-16T23:00:00,60.661
2025-01-17T00:00:00,62.044
2025-01-17T01:00:00,63.442
2025-01-17T02:00:00,64.862
2025-01-17T03:00:00,66.377
2025-01-17T04:00:00,68.088
2025-01-17T05:00:00,70.072
2025-01-17T06:00:00,72.323
2025-01-17T07:00:00,74.706
2025-01-17T08:00:00,76.952
2025-01-17T09:00:00,78.699
2025-01-17T10:00:00,79.573
2025-01-17T11:00:00,79.286
2025-01-17T12:00:00,77.724
2025-01-17T13:00:00,74.987
2025-01-17T14:00:00,71.376
2025-01-17T15:00:00,67.333
2025-01-17T16:00:00,63.351
2025-01-17T17:00:00,59.881
2025-01-17T18:00:00,57.269
2025-01-17T19:00:00,55.718
2025-01-17T20:00:00,55.284
2025-01-17T21:00:00,55.9
2025-01-17T22:00:00,57.393
2025-01-17T23:00:00,59.52
2025-01-18T00:00:00,61.997
2025-01-18T01:00:00,64.54
2025-01-18T02:00:00,66.904
2025-01-18T03:00:00,68.929
2025-01-18T04:00:00,70.564
2025-01-18T05:00:00,71.864
2025-01-18T06:00:00,72.955
2025-01-18T07:00:00,73.966
2025-01-18T08:00:00,74.967
2025-01-18T09:00:00,75.911
2025-01-18T10:00:00,76.631
2025-01-18T11:00:00,76.878
2025-01-18T12:00:00,76.396
2025-01-18T13:00:00,75.012
2025-01-18T14:00:00,72.699
2025-01-18T15:00:00,69.603
2025-01-18T16:00:00,66.027
2025-01-18T17:00:00,62.37
2025-01-18T18:00:00,59.054
2025-01-18T19:00:00,56.457
2025-01-18T20:00:00,54.861
2025-01-18T21:00:00,54.43
2025-01-18T22:00:00,55.196
2025-01-18T23:00:00,57.062
2025-01-19T00:00:00,59.809
2025-01-19T01:00:00,63.118
2025-01-19T02:00:00,66.606
2025-01-19T03:00:00,69.877
2025-01-19T04:00:00,72.597
2025-01-19T05:00:00,74.547
2025-01-19T06:00:00,75.671
2025-01-19T07:00:00,76.061
2025-01-19T08:00:00,75.919
2025-01-19T09:00:00,75.476
2025-01-19T10:00:00,74.91
2025-01-19T11:00:00,74.293
2025-01-19T12:00:00,73.573
2025-01-19T13:00:00,72.614
2025-01-19T14:00:00,71.26
2025-01-19T15:00:00,69.408
2025-01-19T16:00:00,67.063
2025-01-19T17:00:00,64.352
2025-01-19T18:00:00,61.514
2025-01-19T19:00:00,58.851
2025-01-19T20:00:00,56.684
2025-01-19T21:00:00,55.303
2025-01-19T22:00:00,54.928
2025-01-19T23:00:00,55.687
2025-01-20T00:00:00,57.588
2025-01-20T01:00:00,60.501
2025-01-20T02:00:00,64.156
2025-01-20T03:00:00,68.159
2025-01-20T04:00:00,72.042
2025-01-20T05:00:00,75.338
2025-01-20T06:00:00,77.672
2025-01-20T07:00:00,78.835
2025-01-20T08:00:00,78.825
2025-01-20T09:00:00,77.83
2025-01-20T10:00:00,76.164
2025-01-20T11:00:00,74.177
2025-01-20T12:00:00,72.162
2025-01-20T13:00:00,70.293
2025-01-20T14:00:00,68.612
2025-01-20T15:00:00,67.059
2025-01-20T16:00:00,65.531
2025-01-20T17:00:00,63.942
2025-01-20T18:00:00,62.266
2025-01-20T19:00:00,60.562
2025-01-20T20:00:00,58.96
2025-01-20T21:00:00,57.646
2025-01-20T22:00:00,56.83
2025-01-20T23:00:00,56.717
2025-01-21T00:00:00,57.477
2025-01-21T01:00:00,59.208
2025-01-21T02:00:00,61.893
2025-01-21T03:00:00,65.375
2025-01-21T04:00:00,69.338
2025-01-21T05:00:00,73.338
2025-01-21T06:00:00,76.869
2025-01-21T07:00:00,79.453
2025-01-21T08:00:00,80.747
2025-01-21T09:00:00,80.618
2025-01-21T10:00:00,79.169
2025-01-21T11:00:00,76.707
2025-01-21T12:00:00,73.659
2025-01-21T13:00:00,70.471
2025-01-21T14:00:00,67.513
2025-01-21T15:00:00,65.017
2025-01-21T16:00:00,63.072
2025-01-21T17:00:00,61.645
2025-01-21T18:00:00,60.639
2025-01-21T19:00:00,59.936
2025-01-21T20:00:00,59.447
2025-01-21T21:00:00,59.126
2025-01-21T22:00:00,58.982
2025-01-21T23:00:00,59.077
2025-01-22T00:00:00,59.518
2025-01-22T01:00:00,60.44
2025-01-22T02:00:00,61.971
2025-01-22T03:00:00,64.189
2025-01-22T04:00:00,67.068
2025-01-22T05:00:00,70.436
2025-01-22T06:00:00,73.969
2025-01-22T07:00:00,77.225
2025-01-22T08:00:00,79.723
2025-01-22T09:00:00,81.047
2025-01-22T10:00:00,80.949
2025-01-22T11:00:00,79.411
2025-01-22T12:00:00,76.65
2025-01-22T13:00:00,73.072
2025-01-22T14:00:00,69.172
2025-01-22T15:00:00,65.436
2025-01-22T16:00:00,62.25
2025-01-22T17:00:00,59.855
2025-01-22T18:00:00,58.338
2025-01-22T19:00:00,57.66
2025-01-22T20:00:00,57.695
2025-01-22T21:00:00,58.274
2025-01-22T22:00:00,59.218
2025-01-22T23:00:00,60.367
2025-01-23T00:00:00,61.604
2025-01-23T01:00:00,62.878
2025-01-23T02:00:00,64.207
2025-01-23T03:00:00,65.671
2025-01-23T04:00:00,67.381
2025-01-23T05:00:00,69.416
2025-01-23T06:00:00,71.77
2025-01-23T07:00:00,74.301
2025-01-23T08:00:00,76.728
2025-01-23T09:00:00,78.674
2025-01-23T10:00:00,79.745
2025-01-23T11:00:00,79.639
2025-01-23T12:00:00,78.226
2025-01-23T13:00:00,75.595
2025-01-23T14:00:00,72.044
2025-01-23T15:00:00,68.013
2025-01-23T16:00:00,63.999
2025-01-23T17:00:00,60.459
2025-01-23T18:00:00,57.745
2025-01-23T19:00:00,56.068
2025-01-23T20:00:00,55.493
2025-01-23T21:00:00,55.955
2025-01-23T22:00:00,57.29
2025-01-23T23:00:00,59.261
2025-01-24T00:00:00,61.59
2025-01-24T01:00:00,64.003
2025-01-24T02:00:00,66.265
2025-01-24T03:00:00,68.226
2025-01-24T04:00:00,69.845
2025-01-24T05:00:00,71.184
2025-01-24T06:00:00,72.366
2025-01-24T07:00:00,73.52
2025-01-24T08:00:00,74.701
2025-01-24T09:00:00,75.847
2025-01-24T10:00:00,76.772
2025-01-24T11:00:00,77.209
2025-01-24T12:00:00,76.886
2025-01-24T13:00:00,75.617
2025-01-24T14:00:00,73.368
2025-01-24T15:00:00,70.288
2025-01-24T16:00:00,66.682
2025-01-24T17:00:00,62.956
2025-01-24T18:00:00,59.539
2025-01-24T19:00:00,56.818
2025-01-24T20:00:00,55.083
2025-01-24T21:00:00,54.503
2025-01-24T22:00:00,55.115
2025-01-24T23:00:00,56.828
2025-01-25T00:00:00,59.43
2025-01-25T01:00:00,62.608
2025-01-25T02:00:00,65.99
2025-01-25T03:00:00,69.19
2025-01-25T04:00:00,71.882
2025-01-25T05:00:00,73.857
2025-01-25T06:00:00,75.058
2025-01-25T07:00:00,75.578
2025-01-25T08:00:00,75.608
2025-01-25T09:00:00,75.364
2025-01-25T10:00:00,75.006
2025-01-25T11:00:00,74.587
2025-01-25T12:00:00,74.037
2025-01-25T13:00:00,73.206
2025-01-25T14:00:00,71.929
2025-01-25T15:00:00,70.103
2025-01-25T16:00:00,67.734
2025-01-25T17:00:00,64.956
2025-01-25T18:00:00,62.018
2025-01-25T19:00:00,59.231
2025-01-25T20:00:00,56.923
2025-01-25T21:00:00,55.39
2025-01-25T22:00:00,54.861
2025-01-25T23:00:00,55.468
2025-01-26T00:00:00,57.224
2025-01-26T01:00:00,60.008
2025-01-26T02:00:00,63.557
2025-01-26T03:00:00,67.487
2025-01-26T04:00:00,71.337
2025-01-26T05:00:00,74.649
2025-01-26T06:00:00,77.05
2025-01-26T07:00:00,78.331
2025-01-26T08:00:00,78.481
2025-01-26T09:00:00,77.675
2025-01-26T10:00:00,76.213
2025-01-26T11:00:00,74.426
2025-01-26T12:00:00,72.587
2025-01-26T13:00:00,70.857
2025-01-26T14:00:00,69.268
2025-01-26T15:00:00,67.754
2025-01-26T16:00:00,66.215
2025-01-26T17:00:00,64.568
2025-01-26T18:00:00,62.798
2025-01-26T19:00:00,60.97
2025-01-26T20:00:00,59.226
2025-01-26T21:00:00,57.758
2025-01-26T22:00:00,56.783
2025-01-26T23:00:00,56.513
2025-01-27T00:00:00,57.124
2025-01-27T01:00:00,58.722
2025-01-27T02:00:00,61.3
2025-01-27T03:00:00,64.707
2025-01-27T04:00:00,68.636
2025-01-27T05:00:00,72.65
2025-01-27T06:00:00,76.243
2025-01-27T07:00:00,78.938
2025-01-27T08:00:00,80.384
2025-01-27T09:00:00,80.436
2025-01-27T10:00:00,79.184
2025-01-27T11:00:00,76.916
2025-01-27T12:00:00,74.044
2025-01-27T13:00:00,71.0
2025-01-27T14:00:00,68.142
2025-01-27T15:00:00,65.698
2025-01-27T16:00:00,63.755
2025-01-27T17:00:00,62.284
2025-01-27T18:00:00,61.194
2025-01-27T19:00:00,60.376
2025-01-27T20:00:00,59.748
2025-01-27T21:00:00,59.273
2025-01-27T22:00:00,58.966
2025-01-27T23:00:00,58.897
2025-01-28T00:00:00,59.182
2025-01-28T01:00:00,59.963
2025-01-28T02:00:00,61.379
2025-01-28T03:00:00,63.516
2025-01-28T04:00:00,66.356
2025-01-28T05:00:00,69.735
2025-01-28T06:00:00,73.33
2025-01-28T07:00:00,76.696
2025-01-28T08:00:00,79.344
2025-01-28T09:00:00,80.847
2025-01-28T10:00:00,80.942
2025-01-28T11:00:00,79.594
2025-01-28T12:00:00,77.007
2025-01-28T13:00:00,73.571
2025-01-28T14:00:00,69.775
2025-01-28T15:00:00,66.096
2025-01-28T16:00:00,62.921
2025-01-28T17:00:00,60.493
2025-01-28T18:00:00,58.904
2025-01-28T19:00:00,58.121
2025-01-28T20:00:00,58.027
2025-01-28T21:00:00,58.457
2025-01-28T22:00:00,59.24
2025-01-28T23:00:00,60.223
2025-01-29T00:00:00,61.298
2025-01-29T01:00:00,62.422
2025-01-29T02:00:00,63.623
2025-01-29T03:00:00,64.995
2025-01-29T04:00:00,66.656
2025-01-29T05:00:00,68.695
2025-01-29T06:00:00,71.106
2025-01-29T07:00:00,73.745
2025-01-29T08:00:00,76.324
2025-01-29T09:00:00,78.451
2025-01-29T10:00:00,79.718
2025-01-29T11:00:00,79.805
2025-01-29T12:00:00,78.567
2025-01-29T13:00:00,76.079
2025-01-29T14:00:00,72.631
2025-01-29T15:00:00,68.659
2025-01-29T16:00:00,64.658
2025-01-29T17:00:00,61.09
2025-01-29T18:00:00,58.312
2025-01-29T19:00:00,56.539
2025-01-29T20:00:00,55.843
2025-01-29T21:00:00,56.165
2025-01-29T22:00:00,57.346
2025-01-29T23:00:00,59.154
2025-01-30T00:00:00,61.321
2025-01-30T01:00:00,63.579
2025-01-30T02:00:00,65.705
2025-01-30T03:00:00,67.561
2025-01-30T04:00:00,69.118
2025-01-30T05:00:00,70.445
2025-01-30T06:00:00,71.674
2025-01-30T07:00:00,72.928
2025-01-30T08:00:00,74.257
2025-01-30T09:00:00,75.587
2025-01-30T10:00:00,76.713
2025-01-30T11:00:00,77.351
2025-01-30T12:00:00,77.21
2025-01-30T13:00:00,76.091
2025-01-30T14:00:00,73.95
2025-01-30T15:00:00,70.932
2025-01-30T16:00:00,67.341
2025-01-30T17:00:00,63.588
2025-01-30T18:00:00,60.109
2025-01-30T19:00:00,57.295
2025-01-30T20:00:00,55.444
2025-01-30T21:00:00,54.729
2025-01-30T22:00:00,55.193
2025-01-30T23:00:00,56.749
2025-01-31T00:00:00,63.42
2025-01-31T01:00:00,66.661
2025-01-31T02:00:00,70.135
2025-01-31T03:00:00,73.444
2025-01-31T04:00:00,76.25
2025-01-31T05:00:00,78.339
2025-01-31T06:00:00,79.659
2025-01-31T07:00:00,80.309
2025-01-31T08:00:00,80.489
2025-01-31T09:00:00,80.419
2025-01-31T10:00:00,80.253
2025-01-31T11:00:00,80.024
2025-01-31T12:00:00,79.64
2025-01-31T13:00:00,78.923
2025-01-31T14:00:00,77.683
2025-01-31T15:00:00,75.802
2025-01-31T16:00:00,73.287
2025-01-31T17:00:00,70.287
2025-01-31T18:00:00,67.072
2025-01-31T19:00:00,63.987
2025-01-31T20:00:00,61.389
2025-01-31T21:00:00,59.603
2025-01-31T22:00:00,58.879
2025-01-31T23:00:00,59.363
2025-02-01T00:00:00,61.078
2025-02-01T01:00:00,63.898
2025-02-01T02:00:00,67.554
2025-02-01T03:00:00,71.643
2025-02-01T04:00:00,75.685
2025-02-01T05:00:00,79.198
2025-02-01T06:00:00,81.791
2025-02-01T07:00:00,83.242
2025-02-01T08:00:00,83.536
2025-02-01T09:00:00,82.853
2025-02-01T10:00:00,81.496
2025-02-01T11:00:00,79.801
2025-02-01T12:00:00,78.042
2025-02-01T13:00:00,76.371
2025-02-01T14:00:00,74.809
2025-02-01T15:00:00,73.278
2025-02-01T16:00:00,71.665
2025-02-01T17:00:00,69.886
2025-02-01T18:00:00,67.931
2025-02-01T19:00:00,65.877
2025-02-01T20:00:00,63.883
2025-02-01T21:00:00,62.163
2025-02-01T22:00:00,60.958
2025-02-01T23:00:00,60.5
2025-02-02T00:00:00,60.985
2025-02-02T01:00:00,62.534
2025-02-02T02:00:00,65.149
2025-02-02T03:00:00,68.677
2025-02-02T04:00:00,72.803
2025-02-02T05:00:00,77.065
2025-02-02T06:00:00,80.93
2025-02-02T07:00:00,83.888
2025-02-02T08:00:00,85.56
2025-02-02T09:00:00,85.784
2025-02-02T10:00:00,84.641
2025-02-02T11:00:00,82.424
2025-02-02T12:00:00,79.556
2025-02-02T13:00:00,76.48
2025-02-02T14:00:00,73.567
2025-02-02T15:00:00,71.052
2025-02-02T16:00:00,69.021
2025-02-02T17:00:00,67.446
2025-02-02T18:00:00,66.231
2025-02-02T19:00:00,65.268
2025-02-02T20:00:00,64.476
2025-02-02T21:00:00,63.821
2025-02-02T22:00:00,63.33
2025-02-02T23:00:00,63.082
2025-02-03T00:00:00,63.211
2025-02-03T01:00:00,63.877
2025-02-03T02:00:00,65.24
2025-02-03T03:00:00,67.404
2025-02-03T04:00:00,70.359
2025-02-03T05:00:00,73.939
2025-02-03T06:00:00,77.804
2025-02-03T07:00:00,81.479
2025-02-03T08:00:00,84.436
2025-02-03T09:00:00,86.209
2025-02-03T10:00:00,86.503
2025-02-03T11:00:00,85.266
2025-02-03T12:00:00,82.696
2025-02-03T13:00:00,79.199
2025-02-03T14:00:00,75.282
2025-02-03T15:00:00,71.448
2025-02-03T16:00:00,68.107
2025-02-03T17:00:00,65.518
2025-02-03T18:00:00,63.782
2025-02-03T19:00:00,62.869
2025-02-03T20:00:00,62.66
2025-02-03T21:00:00,62.984
2025-02-03T22:00:00,63.664
2025-02-03T23:00:00,64.543
2025-02-04T00:00:00,65.513
2025-02-04T01:00:00,66.538
2025-02-04T02:00:00,67.661
2025-02-04T03:00:00,68.994
2025-02-04T04:00:00,70.675
2025-02-04T05:00:00,72.811
2025-02-04T06:00:00,75.402
2025-02-04T07:00:00,78.296
2025-02-04T08:00:00,81.178
2025-02-04T09:00:00,83.621
2025-02-04T10:00:00,85.172
2025-02-04T11:00:00,85.472
2025-02-04T12:00:00,84.347
2025-02-04T13:00:00,81.864
2025-02-04T14:00:00,78.318
2025-02-04T15:00:00,74.171
2025-02-04T16:00:00,69.948
2025-02-04T17:00:00,66.143
2025-02-04T18:00:00,63.142
2025-02-04T19:00:00,61.179
2025-02-04T20:00:00,60.335
2025-02-04T21:00:00,60.554
2025-02-04T22:00:00,61.669
2025-02-04T23:00:00,63.438
2025-02-05T00:00:00,65.579
2025-02-05T01:00:00,67.817
2025-02-05T02:00:00,69.922
2025-02-05T03:00:00,71.762
2025-02-05T04:00:00,73.318
2025-02-05T05:00:00,74.677
2025-02-05T06:00:00,75.988
2025-02-05T07:00:00,77.389
2025-02-05T08:00:00,78.929
2025-02-05T09:00:00,80.517
2025-02-05T10:00:00,81.921
2025-02-05T11:00:00,82.815
2025-02-05T12:00:00,82.872
2025-02-05T13:00:00,81.86
2025-02-05T14:00:00,79.72
2025-02-05T15:00:00,76.597
2025-02-05T16:00:00,72.815
2025-02-05T17:00:00,68.813
2025-02-05T18:00:00,65.063
2025-02-05T19:00:00,61.988
2025-02-05T20:00:00,59.913
2025-02-05T21:00:00,59.028
2025-02-05T22:00:00,59.383
2025-02-05T23:00:00,60.89
2025-02-06T00:00:00,63.334
2025-02-06T01:00:00,66.396
2025-02-06T02:00:00,69.697
2025-02-06T03:00:00,72.851
2025-02-06T04:00:00,75.533
2025-02-06T05:00:00,77.545
2025-02-06T06:00:00,78.844
2025-02-06T07:00:00,79.535
2025-02-06T08:00:00,79.818
2025-02-06T09:00:00,79.905
2025-02-06T10:00:00,79.934
2025-02-06T11:00:00,79.922
2025-02-06T12:00:00,79.754
2025-02-06T13:00:00,79.233
2025-02-06T14:00:00,78.157
2025-02-06T15:00:00,76.395
2025-02-06T16:00:00,73.951
2025-02-06T17:00:00,70.974
2025-02-06T18:00:00,67.74
2025-02-06T19:00:00,64.596
2025-02-06T20:00:00,61.907
2025-02-06T21:00:00,60.004
2025-02-06T22:00:00,59.14
2025-02-06T23:00:00,59.469
2025-02-07T00:00:00,61.015
2025-02-07T01:00:00,63.662
2025-02-07T02:00:00,67.148
2025-02-07T03:00:00,71.082
2025-02-07T04:00:00,74.997
2025-02-07T05:00:00,78.423
2025-02-07T06:00:00,80.983
2025-02-07T07:00:00,82.46
2025-02-07T08:00:00,82.841
2025-02-07T09:00:00,82.3
2025-02-07T10:00:00,81.13
2025-02-07T11:00:00,79.647
2025-02-07T12:00:00,78.107
2025-02-07T13:00:00,76.642
2025-02-07T14:00:00,75.255
2025-02-07T15:00:00,73.857
2025-02-07T16:00:00,72.327
2025-02-07T17:00:00,70.582
2025-02-07T18:00:00,68.613
2025-02-07T19:00:00,66.504
2025-02-07T20:00:00,64.421
2025-02-07T21:00:00,62.584
2025-02-07T22:00:00,61.238
2025-02-07T23:00:00,60.622
2025-02-08T00:00:00,60.939
2025-02-08T01:00:00,62.314
2025-02-08T02:00:00,64.76
2025-02-08T03:00:00,68.135
2025-02-08T04:00:00,72.134
2025-02-08T05:00:00,76.308
2025-02-08T06:00:00,80.135
2025-02-08T07:00:00,83.109
2025-02-08T08:00:00,84.857
2025-02-08T09:00:00,85.211
2025-02-08T10:00:00,84.241
2025-02-08T11:00:00,82.227
2025-02-08T12:00:00,79.573
2025-02-08T13:00:00,76.704
2025-02-08T14:00:00,73.973
2025-02-08T15:00:00,71.6
2025-02-08T16:00:00,69.667
2025-02-08T17:00:00,68.139
2025-02-08T18:00:00,66.924
2025-02-08T19:00:00,65.917
2025-02-08T20:00:00,65.042
2025-02-08T21:00:00,64.272
2025-02-08T22:00:00,63.64
2025-02-08T23:00:00,63.232
2025-02-09T00:00:00,63.187
2025-02-09T01:00:00,63.675
2025-02-09T02:00:00,64.864
2025-02-09T03:00:00,66.87
2025-02-09T04:00:00,69.697
2025-02-09T05:00:00,73.187
2025-02-09T06:00:00,77.012
2025-02-09T07:00:00,80.701
2025-02-09T08:00:00,83.729
2025-02-09T09:00:00,85.626
2025-02-09T10:00:00,86.085
2025-02-09T11:00:00,85.041
2025-02-09T12:00:00,82.678
2025-02-09T13:00:00,79.382
2025-02-09T14:00:00,75.646
2025-02-09T15:00:00,71.96
2025-02-09T16:00:00,68.725
2025-02-09T17:00:00,66.195
2025-02-09T18:00:00,64.472
2025-02-09T19:00:00,63.529
2025-02-09T20:00:00,63.248
2025-02-09T21:00:00,63.467
2025-02-09T22:00:00,64.011
2025-02-09T23:00:00,64.731
2025-02-10T00:00:00,65.525
2025-02-10T01:00:00,66.365
2025-02-10T02:00:00,67.306
2025-02-10T03:00:00,68.472
2025-02-10T04:00:00,70.015
2025-02-10T05:00:00,72.054
2025-02-10T06:00:00,74.599
2025-02-10T07:00:00,77.505
2025-02-10T08:00:00,80.458
2025-02-10T09:00:00,83.022
2025-02-10T10:00:00,84.738
2025-02-10T11:00:00,85.229
2025-02-10T12:00:00,84.307
2025-02-10T13:00:00,82.022
2025-02-10T14:00:00,78.655
2025-02-10T15:00:00,74.654
2025-02-10T16:00:00,70.539
2025-02-10T17:00:00,66.799
2025-02-10T18:00:00,63.818
2025-02-10T19:00:00,61.835
2025-02-10T20:00:00,60.933
2025-02-10T21:00:00,61.058
2025-02-10T22:00:00,62.047
2025-02-10T23:00:00,63.664
2025-02-11T00:00:00,65.633
2025-02-11T01:00:00,67.685
2025-02-11T02:00:00,69.603
2025-02-11T03:00:00,71.266
2025-02-11T04:00:00,72.67
2025-02-11T05:00:00,73.919
2025-02-11T06:00:00,75.173
2025-02-11T07:00:00,76.576
2025-02-11T08:00:00,78.18
2025-02-11T09:00:00,79.889
2025-02-11T10:00:00,81.458
2025-02-11T11:00:00,82.548
2025-02-11T12:00:00,82.812
2025-02-11T13:00:00,82.0
2025-02-11T14:00:00,80.04
2025-02-11T15:00:00,77.063
2025-02-11T16:00:00,73.389
2025-02-11T17:00:00,69.454
2025-02-11T18:00:00,65.727
2025-02-11T19:00:00,62.638
2025-02-11T20:00:00,60.51
2025-02-11T21:00:00,59.54
2025-02-11T22:00:00,59.78
2025-02-11T23:00:00,61.145
2025-02-12T00:00:00,63.424
2025-02-12T01:00:00,66.306
2025-02-12T02:00:00,69.42
2025-02-12T03:00:00,72.392
2025-02-12T04:00:00,74.914
2025-02-12T05:00:00,76.802
2025-02-12T06:00:00,78.028
2025-02-12T07:00:00,78.706
2025-02-12T08:00:00,79.04
2025-02-12T09:00:00,79.239
2025-02-12T10:00:00,79.43
2025-02-12T11:00:00,79.614
2025-02-12T12:00:00,79.659
2025-02-12T13:00:00,79.347
2025-02-12T14:00:00,78.458
2025-02-12T15:00:00,76.851
2025-02-12T16:00:00,74.52
2025-02-12T17:00:00,71.613
2025-02-12T18:00:00,68.404
2025-02-12T19:00:00,65.246
2025-02-12T20:00:00,62.507
2025-02-12T21:00:00,60.522
2025-02-12T22:00:00,59.547
2025-02-12T23:00:00,59.74
2025-02-13T00:00:00,61.128
2025-02-13T01:00:00,63.601
2025-02-13T02:00:00,66.905
2025-02-13T03:00:00,70.66
2025-02-13T04:00:00,74.413
2025-02-13T05:00:00,77.708
2025-02-13T06:00:00,80.182
2025-02-13T07:00:00,81.631
2025-02-13T08:00:00,82.047
2025-02-13T09:00:00,81.603
2025-02-13T10:00:00,80.583
2025-02-13T11:00:00,79.292
2025-02-13T12:00:00,77.965
2025-02-13T13:00:00,76.714
2025-02-13T14:00:00,75.525
2025-02-13T15:00:00,74.292
2025-02-13T16:00:00,72.888
2025-02-13T17:00:00,71.221
2025-02-13T18:00:00,69.285
2025-02-13T19:00:00,67.166
2025-02-13T20:00:00,65.035
2025-02-13T21:00:00,63.116
2025-02-13T22:00:00,61.659
2025-02-13T23:00:00,60.907
2025-02-14T00:00:00,61.068
2025-02-14T01:00:00,62.272
2025-02-14T02:00:00,64.539
2025-02-14T03:00:00,67.739
2025-02-14T04:00:00,71.577
2025-02-14T05:00:00,75.62
2025-02-14T06:00:00,79.356
2025-02-14T07:00:00,82.293
2025-02-14T08:00:00,84.063
2025-02-14T09:00:00,84.499
2025-02-14T10:00:00,83.666
2025-02-14T11:00:00,81.831
2025-02-14T12:00:00,79.383
2025-02-14T13:00:00,76.727
2025-02-14T14:00:00,74.198
2025-02-14T15:00:00,72.001
2025-02-14T16:00:00,70.204
2025-02-14T17:00:00,68.769
2025-02-14T18:00:00,67.599
2025-02-14T19:00:00,66.592
2025-02-14T20:00:00,65.676
2025-02-14T21:00:00,64.829
2025-02-14T22:00:00,64.087
2025-02-14T23:00:00,63.542
2025-02-15T00:00:00,63.338
2025-02-15T01:00:00,63.651
2025-02-15T02:00:00,64.66
2025-02-15T03:00:00,66.488
2025-02-15T04:00:00,69.154
2025-02-15T05:00:00,72.512
2025-02-15T06:00:00,76.246
2025-02-15T07:00:00,79.895
2025-02-15T08:00:00,82.94
2025-02-15T09:00:00,84.91
2025-02-15T10:00:00,85.496
2025-02-15T11:00:00,84.621
2025-02-15T12:00:00,82.454
2025-02-15T13:00:00,79.364
2025-02-15T14:00:00,75.827
2025-02-15T15:00:00,72.319
2025-02-15T16:00:00,69.228
2025-02-15T17:00:00,66.801
2025-02-15T18:00:00,65.137
2025-02-15T19:00:00,64.208
2025-02-15T20:00:00,63.899
2025-02-15T21:00:00,64.05
2025-02-15T22:00:00,64.491
2025-02-15T23:00:00,65.076
2025-02-16T00:00:00,65.71
2025-02-16T01:00:00,66.372
2025-02-16T02:00:00,67.126
2025-02-16T03:00:00,68.106
2025-02-16T04:00:00,69.481
2025-02-16T05:00:00,71.381
2025-02-16T06:00:00,73.832
2025-02-16T07:00:00,76.695
2025-02-16T08:00:00,79.663
2025-02-16T09:00:00,82.3
2025-02-16T10:00:00,84.139
2025-02-16T11:00:00,84.794
2025-02-16T12:00:00,84.062
2025-02-16T13:00:00,81.977
2025-02-16T14:00:00,78.804
2025-02-16T15:00:00,74.978
2025-02-16T16:00:00,71.008
2025-02-16T17:00:00,67.376
2025-02-16T18:00:00,64.462
2025-02-16T19:00:00,62.504
2025-02-16T20:00:00,61.586
2025-02-16T21:00:00,61.656
2025-02-16T22:00:00,62.554
2025-02-16T23:00:00,64.046
2025-02-17T00:00:00,65.86
2025-02-17T01:00:00,67.733
2025-02-17T02:00:00,69.46
2025-02-17T03:00:00,70.93
2025-02-17T04:00:00,72.155
2025-02-17T05:00:00,73.254
2025-02-17T06:00:00,74.401
2025-02-17T07:00:00,75.753
2025-02-17T08:00:00,77.366
2025-02-17T09:00:00,79.145
2025-02-17T10:00:00,80.838
2025-02-17T11:00:00,82.092
2025-02-17T12:00:00,82.547
2025-02-17T13:00:00,81.936
2025-02-17T14:00:00,80.169
2025-02-17T15:00:00,77.367
2025-02-17T16:00:00,73.837
2025-02-17T17:00:00,70.009
2025-02-17T18:00:00,66.352
2025-02-17T19:00:00,63.292
2025-02-17T20:00:00,61.156
2025-02-17T21:00:00,60.141
2025-02-17T22:00:00,60.3
2025-02-17T23:00:00,61.551
2025-02-18T00:00:00,63.685
2025-02-18T01:00:00,66.396
2025-02-18T02:00:00,69.321
2025-02-18T03:00:00,72.099
2025-02-18T04:00:00,74.434
2025-02-18T05:00:00,76.16
2025-02-18T06:00:00,77.264
2025-02-18T07:00:00,77.875
2025-02-18T08:00:00,78.206
2025-02-18T09:00:00,78.464
2025-02-18T10:00:00,78.774
2025-02-18T11:00:00,79.124
2025-02-18T12:00:00,79.363
2025-02-18T13:00:00,79.257
2025-02-18T14:00:00,78.568
2025-02-18T15:00:00,77.139
2025-02-18T16:00:00,74.956
2025-02-18T17:00:00,72.159
2025-02-18T18:00:00,69.02
2025-02-18T19:00:00,65.893
2025-02-18T20:00:00,63.148
2025-02-18T21:00:00,61.121
2025-02-18T22:00:00,60.072
2025-02-18T23:00:00,60.158
2025-02-19T00:00:00,61.41
2025-02-19T01:00:00,63.721
2025-02-19T02:00:00,66.844
2025-02-19T03:00:00,70.408
2025-02-19T04:00:00,73.973
2025-02-19T05:00:00,77.101
2025-02-19T06:00:00,79.443
2025-02-19T07:00:00,80.809
2025-02-19T08:00:00,81.205
2025-02-19T09:00:00,80.805
2025-02-19T10:00:00,79.891
2025-02-19T11:00:00,78.758
2025-02-19T12:00:00,77.623
2025-02-19T13:00:00,76.582
2025-02-19T14:00:00,75.6
2025-02-19T15:00:00,74.556
2025-02-19T16:00:00,73.309
2025-02-19T17:00:00,71.761
2025-02-19T18:00:00,69.902
2025-02-19T19:00:00,67.818
2025-02-19T20:00:00,65.683
2025-02-19T21:00:00,63.723
2025-02-19T22:00:00,62.192
2025-02-19T23:00:00,61.336
2025-02-20T00:00:00,61.363
2025-02-20T01:00:00,62.41
2025-02-20T02:00:00,64.502
2025-02-20T03:00:00,67.516
2025-02-20T04:00:00,71.17
2025-02-20T05:00:00,75.046
2025-02-20T06:00:00,78.646
2025-02-20T07:00:00,81.494
2025-02-20T08:00:00,83.23
2025-02-20T09:00:00,83.695
2025-02-20T10:00:00,82.952
2025-02-20T11:00:00,81.261
2025-02-20T12:00:00,78.996
2025-02-20T13:00:00,76.547
2025-02-20T14:00:00,74.227
2025-02-20T15:00:00,72.226
2025-02-20T16:00:00,70.598
2025-02-20T17:00:00,69.293
2025-02-20T18:00:00,68.212
2025-02-20T19:00:00,67.251
2025-02-20T20:00:00,66.338
2025-02-20T21:00:00,65.455
2025-02-20T22:00:00,64.641
2025-02-20T23:00:00,63.991
2025-02-21T00:00:00,63.652
2025-02-21T01:00:00,63.807
2025-02-21T02:00:00,64.639
2025-02-21T03:00:00,66.283
2025-02-21T04:00:00,68.766
2025-02-21T05:00:00,71.959
2025-02-21T06:00:00,75.557
2025-02-21T07:00:00,79.115
2025-02-21T08:00:00,82.121
2025-02-21T09:00:00,84.112
2025-02-21T10:00:00,84.777
2025-02-21T11:00:00,84.032
2025-02-21T12:00:00,82.036
2025-02-21T13:00:00,79.143
2025-02-21T14:00:00,75.811
2025-02-21T15:00:00,72.499
2025-02-21T16:00:00,69.582
2025-02-21T17:00:00,67.296
2025-02-21T18:00:00,65.733
2025-02-21T19:00:00,64.862
2025-02-21T20:00:00,64.569
2025-02-21T21:00:00,64.694
2025-02-21T22:00:00,65.071
2025-02-21T23:00:00,65.556
2025-02-22T00:00:00,66.056
2025-02-22T01:00:00,66.557
2025-02-22T02:00:00,67.13
2025-02-22T03:00:00,67.92
2025-02-22T04:00:00,69.108
2025-02-22T05:00:00,70.838
2025-02-22T06:00:00,73.151
2025-02-22T07:00:00,75.921
2025-02-22T08:00:00,78.848
2025-02-22T09:00:00,81.503
2025-02-22T10:00:00,83.416
2025-02-22T11:00:00,84.196
2025-02-22T12:00:00,83.628
2025-02-22T13:00:00,81.731
2025-02-22T14:00:00,78.755
2025-02-22T15:00:00,75.121
2025-02-22T16:00:00,71.324
2025-02-22T17:00:00,67.835
2025-02-22T18:00:00,65.03
2025-02-22T19:00:00,63.141
2025-02-22T20:00:00,62.251
2025-02-22T21:00:00,62.309
2025-02-22T22:00:00,63.155
2025-02-22T23:00:00,64.556
2025-02-23T00:00:00,66.244
2025-02-23T01:00:00,67.959
2025-02-23T02:00:00,69.503
2025-02-23T03:00:00,70.777
2025-02-23T04:00:00,71.806
2025-02-23T05:00:00,72.725
2025-02-23T06:00:00,73.724
2025-02-23T07:00:00,74.975
2025-02-23T08:00:00,76.542
2025-02-23T09:00:00,78.335
2025-02-23T10:00:00,80.101
2025-02-23T11:00:00,81.48
2025-02-23T12:00:00,82.098
2025-02-23T13:00:00,81.673
2025-02-23T14:00:00,80.101
2025-02-23T15:00:00,77.487
2025-02-23T16:00:00,74.127
2025-02-23T17:00:00,70.441
2025-02-23T18:00:00,66.893
2025-02-23T19:00:00,63.907
2025-02-23T20:00:00,61.807
2025-02-23T21:00:00,60.79
2025-02-23T22:00:00,60.909
2025-02-23T23:00:00,62.081
2025-02-24T00:00:00,64.1
2025-02-24T01:00:00,66.662
2025-02-24T02:00:00,69.409
2025-02-24T03:00:00,71.99
2025-02-24T04:00:00,74.123
2025-02-24T05:00:00,75.659
2025-02-24T06:00:00,76.602
2025-02-24T07:00:00,77.098
2025-02-24T08:00:00,77.37
2025-02-24T09:00:00,77.633
2025-02-24T10:00:00,78.011
2025-02-24T11:00:00,78.482
2025-02-24T12:00:00,78.886
2025-02-24T13:00:00,78.97
2025-02-24T14:00:00,78.479
2025-02-24T15:00:00,77.242
2025-02-24T16:00:00,75.23
2025-02-24T17:00:00,72.576
2025-02-24T18:00:00,69.547
2025-02-24T19:00:00,66.494
2025-02-24T20:00:00,63.787
2025-02-24T21:00:00,61.762
2025-02-24T22:00:00,60.679
2025-02-24T23:00:00,60.695
2025-02-25T00:00:00,61.842
2025-02-25T01:00:00,64.015
2025-02-25T02:00:00,66.969
2025-02-25T03:00:00,70.343
2025-02-25T04:00:00,73.708
2025-02-25T05:00:00,76.642
2025-02-25T06:00:00,78.813
2025-02-25T07:00:00,80.05
2025-02-25T08:00:00,80.371
2025-02-25T09:00:00,79.96
2025-02-25T10:00:00,79.1
2025-02-25T11:00:00,78.08
2025-02-25T12:00:00,77.106
2025-02-25T13:00:00,76.256
2025-02-25T14:00:00,75.478
2025-02-25T15:00:00,74.633
2025-02-25T16:00:00,73.565
2025-02-25T17:00:00,72.167
2025-02-25T18:00:00,70.422
2025-02-25T19:00:00,68.416
2025-02-25T20:00:00,66.32
2025-02-25T21:00:00,64.365
2025-02-25T22:00:00,62.802
2025-02-25T23:00:00,61.879
2025-02-26T00:00:00,61.805
2025-02-26T01:00:00,62.72
2025-02-26T02:00:00,64.65
2025-02-26T03:00:00,67.481
2025-02-26T04:00:00,70.942
2025-02-26T05:00:00,74.627
2025-02-26T06:00:00,78.055
2025-02-26T07:00:00,80.765
2025-02-26T08:00:00,82.414
2025-02-26T09:00:00,82.852
2025-02-26T10:00:00,82.147
2025-02-26T11:00:00,80.555
2025-02-26T12:00:00,78.439
2025-02-26T13:00:00,76.175
2025-02-26T14:00:00,74.059
2025-02-26T15:00:00,72.262
2025-02-26T16:00:00,70.822
2025-02-26T17:00:00,69.678
2025-02-26T18:00:00,68.723
2025-02-26T19:00:00,67.848
2025-02-26T20:00:00,66.982
2025-02-26T21:00:00,66.107
2025-02-26T22:00:00,65.263
2025-02-26T23:00:00,64.548
2025-02-27T00:00:00,64.109
2025-02-27T01:00:00,64.132
2025-02-27T02:00:00,64.804
2025-02-27T03:00:00,66.268
2025-02-27T04:00:00,68.56
2025-02-27T05:00:00,71.566
2025-02-27T06:00:00,74.994
2025-02-27T07:00:00,78.414
2025-02-27T08:00:00,81.329
2025-02-27T09:00:00,83.284
2025-02-27T10:00:00,83.974
2025-02-27T11:00:00,83.313
2025-02-27T12:00:00,81.453
2025-02-27T13:00:00,78.734
2025-02-27T14:00:00,75.598
2025-02-27T15:00:00,72.489
2025-02-27T16:00:00,69.764
2025-02-27T17:00:00,67.646
2025-02-27T18:00:00,66.22
2025-02-27T19:00:00,65.449
2025-02-27T20:00:00,65.215
2025-02-27T21:00:00,65.359
2025-02-27T22:00:00,65.714
2025-02-27T23:00:00,66.138
2025-02-28T00:00:00,66.54
2025-02-28T01:00:00,66.908
2025-02-28T02:00:00,67.318
2025-02-28T03:00:00,67.925
2025-02-28T04:00:00,68.92
2025-02-28T05:00:00,70.461
2025-02-28T06:00:00,72.602
2025-02-28T07:00:00,75.234
2025-02-28T08:00:00,78.069
2025-02-28T09:00:00,80.686
2025-02-28T10:00:00,82.62
2025-02-28T11:00:00,83.476
2025-02-28T12:00:00,83.033
2025-02-28T13:00:00,81.3
2025-02-28T14:00:00,78.512
2025-02-28T15:00:00,75.073
2025-02-28T16:00:00,71.464
2025-02-28T17:00:00,68.146
2025-02-28T18:00:00,65.483
2025-02-28T19:00:00,63.703
2025-02-28T20:00:00,62.885
2025-02-28T21:00:00,62.975
2025-02-28T22:00:00,63.812
2025-02-28T23:00:00,65.163
2025-03-01T00:00:00,66.76
2025-03-01T01:00:00,68.347
2025-03-01T02:00:00,69.728
2025-03-01T03:00:00,70.815
2025-03-01T04:00:00,71.645
2025-03-01T05:00:00,72.366
2025-03-01T06:00:00,73.186
2025-03-01T07:00:00,74.292
2025-03-01T08:00:00,75.762
2025-03-01T09:00:00,77.515
2025-03-01T10:00:00,79.299
2025-03-01T11:00:00,80.753
2025-03-01T12:00:00,81.494
2025-03-01T13:00:00,81.229
2025-03-01T14:00:00,79.839
2025-03-01T15:00:00,77.415
2025-03-01T16:00:00,74.238
2025-03-01T17:00:00,70.72
2025-03-01T18:00:00,67.315
2025-03-01T19:00:00,64.44
2025-03-01T20:00:00,62.419
2025-03-01T21:00:00,61.443
2025-03-01T22:00:00,61.566
2025-03-01T23:00:00,62.702
2025-03-02T00:00:00,70.676
2025-03-02T01:00:00,73.347
2025-03-02T02:00:00,76.181
2025-03-02T03:00:00,78.8
2025-03-02T04:00:00,80.911
2025-03-02T05:00:00,82.365
2025-03-02T06:00:00,83.188
2025-03-02T07:00:00,83.558
2025-03-02T08:00:00,83.736
2025-03-02T09:00:00,83.969
2025-03-02T10:00:00,84.395
2025-03-02T11:00:00,84.99
2025-03-02T12:00:00,85.565
2025-03-02T13:00:00,85.833
2025-03-02T14:00:00,85.497
2025-03-02T15:00:00,84.352
2025-03-02T16:00:00,82.354
2025-03-02T17:00:00,79.633
2025-03-02T18:00:00,76.477
2025-03-02T19:00:00,73.261
2025-03-02T20:00:00,70.389
2025-03-02T21:00:00,68.225
2025-03-02T22:00:00,67.052
2025-03-02T23:00:00,67.039
2025-03-03T00:00:00,68.221
2025-03-03T01:00:00,70.48
2025-03-03T02:00:00,73.552
2025-03-03T03:00:00,77.047
2025-03-03T04:00:00,80.509
2025-03-03T05:00:00,83.489
2025-03-03T06:00:00,85.647
2025-03-03T07:00:00,86.813
2025-03-03T08:00:00,87.028
2025-03-03T09:00:00,86.506
2025-03-03T10:00:00,85.565
2025-03-03T11:00:00,84.518
2025-03-03T12:00:00,83.583
2025-03-03T13:00:00,82.829
2025-03-03T14:00:00,82.182
2025-03-03T15:00:00,81.472
2025-03-03T16:00:00,80.511
2025-03-03T17:00:00,79.17
2025-03-03T18:00:00,77.421
2025-03-03T19:00:00,75.352
2025-03-03T20:00:00,73.15
2025-03-03T21:00:00,71.063
2025-03-03T22:00:00,69.367
2025-03-03T23:00:00,68.331
2025-03-04T00:00:00,68.184
2025-03-04T01:00:00,69.076
2025-03-04T02:00:00,71.039
2025-03-04T03:00:00,73.952
2025-03-04T04:00:00,77.527
2025-03-04T05:00:00,81.334
2025-03-04T06:00:00,84.865
2025-03-04T07:00:00,87.637
2025-03-04T08:00:00,89.292
2025-03-04T09:00:00,89.682
2025-03-04T10:00:00,88.891
2025-03-04T11:00:00,87.201
2025-03-04T12:00:00,85.004
2025-03-04T13:00:00,82.696
2025-03-04T14:00:00,80.585
2025-03-04T15:00:00,78.837
2025-03-04T16:00:00,77.477
2025-03-04T17:00:00,76.423
2025-03-04T18:00:00,75.547
2025-03-04T19:00:00,74.724
2025-03-04T20:00:00,73.873
2025-03-04T21:00:00,72.972
2025-03-04T22:00:00,72.065
2025-03-04T23:00:00,71.258
2025-03-05T00:00:00,70.713
2025-03-05T01:00:00,70.632
2025-03-05T02:00:00,71.222
2025-03-05T03:00:00,72.645
2025-03-05T04:00:00,74.949
2025-03-05T05:00:00,78.02
2025-03-05T06:00:00,81.556
2025-03-05T07:00:00,85.105
2025-03-05T08:00:00,88.141
2025-03-05T09:00:00,90.181
2025-03-05T10:00:00,90.901
2025-03-05T11:00:00,90.213
2025-03-05T12:00:00,88.278
2025-03-05T13:00:00,85.458
2025-03-05T14:00:00,82.222
2025-03-05T15:00:00,79.035
2025-03-05T16:00:00,76.271
2025-03-05T17:00:00,74.16
2025-03-05T18:00:00,72.78
2025-03-05T19:00:00,72.082
2025-03-05T20:00:00,71.935
2025-03-05T21:00:00,72.159
2025-03-05T22:00:00,72.572
2025-03-05T23:00:00,73.016
2025-03-06T00:00:00,73.393
2025-03-06T01:00:00,73.691
2025-03-06T02:00:00,73.994
2025-03-06T03:00:00,74.479
2025-03-06T04:00:00,75.362
2025-03-06T05:00:00,76.832
2025-03-06T06:00:00,78.963
2025-03-06T07:00:00,81.651
2025-03-06T08:00:00,84.6
2025-03-06T09:00:00,87.362
2025-03-06T10:00:00,89.437
2025-03-06T11:00:00,90.399
2025-03-06T12:00:00,90.002
2025-03-06T13:00:00,88.246
2025-03-06T14:00:00,85.377
2025-03-06T15:00:00,81.82
2025-03-06T16:00:00,78.084
2025-03-06T17:00:00,74.66
2025-03-06T18:00:00,71.933
2025-03-06T19:00:00,70.141
2025-03-06T20:00:00,69.367
2025-03-06T21:00:00,69.546
2025-03-06T22:00:00,70.5
2025-03-06T23:00:00,71.971
2025-03-07T00:00:00,73.664
2025-03-07T01:00:00,75.299
2025-03-07T02:00:00,76.666
2025-03-07T03:00:00,77.673
2025-03-07T04:00:00,78.371
2025-03-07T05:00:00,78.938
2025-03-07T06:00:00,79.619
2025-03-07T07:00:00,80.634
2025-03-07T08:00:00,82.087
2025-03-07T09:00:00,83.901
2025-03-07T10:00:00,85.812
2025-03-07T11:00:00,87.424
2025-03-07T12:00:00,88.317
2025-03-07T13:00:00,88.161
2025-03-07T14:00:00,86.812
2025-03-07T15:00:00,84.356
2025-03-07T16:00:00,81.085
2025-03-07T17:00:00,77.437
2025-03-07T18:00:00,73.895
2025-03-07T19:00:00,70.91
2025-03-07T20:00:00,68.826
2025-03-07T21:00:00,67.851
2025-03-07T22:00:00,68.036
2025-03-07T23:00:00,69.286
2025-03-08T00:00:00,71.37
2025-03-08T01:00:00,73.954
2025-03-08T02:00:00,76.654
2025-03-08T03:00:00,79.095
2025-03-08T04:00:00,80.996
2025-03-08T05:00:00,82.223
2025-03-08T06:00:00,82.819
2025-03-08T07:00:00,82.983
2025-03-08T08:00:00,82.995
2025-03-08T09:00:00,83.117
2025-03-08T10:00:00,83.496
2025-03-08T11:00:00,84.11
2025-03-08T12:00:00,84.767
2025-03-08T13:00:00,85.168
2025-03-08T14:00:00,85.003
2025-03-08T15:00:00,84.051
2025-03-08T16:00:00,82.252
2025-03-08T17:00:00,79.726
2025-03-08T18:00:00,76.748
2025-03-08T19:00:00,73.688
2025-03-08T20:00:00,70.942
2025-03-08T21:00:00,68.873
2025-03-08T22:00:00,67.759
2025-03-08T23:00:00,67.765
2025-03-09T00:00:00,68.921
2025-03-09T01:00:00,71.107
2025-03-09T02:00:00,74.058
2025-03-09T03:00:00,77.388
2025-03-09T04:00:00,80.646
2025-03-09T05:00:00,83.4
2025-03-09T06:00:00,85.325
2025-03-09T07:00:00,86.274
2025-03-09T08:00:00,86.307
2025-03-09T09:00:00,85.658
2025-03-09T10:00:00,84.656
2025-03-09T11:00:00,83.617
2025-03-09T12:00:00,82.756
2025-03-09T13:00:00,82.134
2025-03-09T14:00:00,81.659
2025-03-09T15:00:00,81.145
2025-03-09T16:00:00,80.388
2025-03-09T17:00:00,79.245
2025-03-09T18:00:00,77.676
2025-03-09T19:00:00,75.763
2025-03-09T20:00:00,73.688
2025-03-09T21:00:00,71.696
2025-03-09T22:00:00,70.06
2025-03-09T23:00:00,69.047
2025-03-10T00:00:00,68.881
2025-03-10T01:00:00,69.71
2025-03-10T02:00:00,71.564
2025-03-10T03:00:00,74.323
2025-03-10T04:00:00,77.706
2025-03-10T05:00:00,81.294
2025-03-10T06:00:00,84.596
2025-03-10T07:00:00,87.146
2025-03-10T08:00:00,88.61
2025-03-10T09:00:00,88.857
2025-03-10T10:00:00,87.987
2025-03-10T11:00:00,86.287
2025-03-10T12:00:00,84.15
2025-03-10T13:00:00,81.963
2025-03-10T14:00:00,80.02
2025-03-10T15:00:00,78.47
2025-03-10T16:00:00,77.318
2025-03-10T17:00:00,76.47
2025-03-10T18:00:00,75.782
2025-03-10T19:00:00,75.122
2025-03-10T20:00:00,74.404
2025-03-10T21:00:00,73.602
2025-03-10T22:00:00,72.757
2025-03-10T23:00:00,71.974
2025-03-11T00:00:00,71.412
2025-03-11T01:00:00,71.271
2025-03-11T02:00:00,71.757
2025-03-11T03:00:00,73.034
2025-03-11T04:00:00,75.154
2025-03-11T05:00:00,78.015
2025-03-11T06:00:00,81.329
2025-03-11T07:00:00,84.66
2025-03-11T08:00:00,87.502
2025-03-11T09:00:00,89.391
2025-03-11T10:00:00,90.019
2025-03-11T11:00:00,89.305
2025-03-11T12:00:00,87.412
2025-03-11T13:00:00,84.697
2025-03-11T14:00:00,81.617
2025-03-11T15:00:00,78.621
2025-03-11T16:00:00,76.066
2025-03-11T17:00:00,74.165
2025-03-11T18:00:00,72.981
2025-03-11T19:00:00,72.458
2025-03-11T20:00:00,72.453
2025-03-11T21:00:00,72.787
2025-03-11T22:00:00,73.27
2025-03-11T23:00:00,73.744
2025-03-12T00:00:00,74.107
2025-03-12T01:00:00,74.346
2025-03-12T02:00:00,74.546
2025-03-12T03:00:00,74.885
2025-03-12T04:00:00,75.586
2025-03-12T05:00:00,76.849
2025-03-12T06:00:00,78.761
2025-03-12T07:00:00,81.235
2025-03-12T08:00:00,83.993
2025-03-12T09:00:00,86.604
2025-03-12T10:00:00,88.582
2025-03-12T11:00:00,89.508
2025-03-12T12:00:00,89.141
2025-03-12T13:00:00,87.475
2025-03-12T14:00:00,84.747
2025-03-12T15:00:00,81.369
2025-03-12T16:00:00,77.834
2025-03-12T17:00:00,74.617
2025-03-12T18:00:00,72.089
2025-03-12T19:00:00,70.479
2025-03-12T20:00:00,69.859
2025-03-12T21:00:00,70.16
2025-03-12T22:00:00,71.197
2025-03-12T23:00:00,72.71
2025-03-13T00:00:00,74.399
2025-03-13T01:00:00,75.982
2025-03-13T02:00:00,77.248
2025-03-13T03:00:00,78.11
2025-03-13T04:00:00,78.624
2025-03-13T05:00:00,78.98
2025-03-13T06:00:00,79.437
2025-03-13T07:00:00,80.235
2025-03-13T08:00:00,81.496
2025-03-13T09:00:00,83.158
2025-03-13T10:00:00,84.971
2025-03-13T11:00:00,86.546
2025-03-13T12:00:00,87.463
2025-03-13T13:00:00,87.39
2025-03-13T14:00:00,86.173
2025-03-13T15:00:00,83.884
2025-03-13T16:00:00,80.805
2025-03-13T17:00:00,77.356
2025-03-13T18:00:00,74.01
2025-03-13T19:00:00,71.206
2025-03-13T20:00:00,69.282
2025-03-13T21:00:00,68.437
2025-03-13T22:00:00,68.719
2025-03-13T23:00:00,70.025
2025-03-14T00:00:00,72.119
2025-03-14T01:00:00,74.665
2025-03-14T02:00:00,77.274
2025-03-14T03:00:00,79.575
2025-03-14T04:00:00,81.293
2025-03-14T05:00:00,82.304
2025-03-14T06:00:00,82.67
2025-03-14T07:00:00,82.608
2025-03-14T08:00:00,82.418
2025-03-14T09:00:00,82.38
2025-03-14T10:00:00,82.655
2025-03-14T11:00:00,83.228
2025-03-14T12:00:00,83.908
2025-03-14T13:00:00,84.39
2025-03-14T14:00:00,84.354
2025-03-14T15:00:00,83.567
2025-03-14T16:00:00,81.954
2025-03-14T17:00:00,79.621
2025-03-14T18:00:00,76.833
2025-03-14T19:00:00,73.951
2025-03-14T20:00:00,71.364
2025-03-14T21:00:00,69.428
2025-03-14T22:00:00,68.416
2025-03-14T23:00:00,68.488
2025-03-15T00:00:00,69.668
2025-03-15T01:00:00,71.83
2025-03-15T02:00:00,74.706
2025-03-15T03:00:00,77.909
2025-03-15T04:00:00,80.992
2025-03-15T05:00:00,83.533
2025-03-15T06:00:00,85.224
2025-03-15T07:00:00,85.939
2025-03-15T08:00:00,85.757
2025-03-15T09:00:00,84.934
2025-03-15T10:00:00,83.814
2025-03-15T11:00:00,82.723
2025-03-15T12:00:00,81.879
2025-03-15T13:00:00,81.334
2025-03-15T14:00:00,80.989
2025-03-15T15:00:00,80.64
2025-03-15T16:00:00,80.071
2025-03-15T17:00:00,79.122
2025-03-15T18:00:00,77.743
2025-03-15T19:00:00,76.007
2025-03-15T20:00:00,74.088
2025-03-15T21:00:00,72.228
2025-03-15T22:00:00,70.696
2025-03-15T23:00:00,69.752
2025-03-16T00:00:00,69.617
2025-03-16T01:00:00,70.432
2025-03-16T02:00:00,72.224
2025-03-16T03:00:00,74.87
2025-03-16T04:00:00,78.091
2025-03-16T05:00:00,81.477
2025-03-16T06:00:00,84.55
2025-03-16T07:00:00,86.864
2025-03-16T08:00:00,88.105
2025-03-16T09:00:00,88.164
2025-03-16T10:00:00,87.159
2025-03-16T11:00:00,85.391
2025-03-16T12:00:00,83.254
2025-03-16T13:00:00,81.135
2025-03-16T14:00:00,79.315
2025-03-16T15:00:00,77.93
2025-03-16T16:00:00,76.969
2025-03-16T17:00:00,76.32
2025-03-16T18:00:00,75.828
2025-03-16T19:00:00,75.35
2025-03-16T20:00:00,74.792
2025-03-16T21:00:00,74.124
2025-03-16T22:00:00,73.384
2025-03-16T23:00:00,72.671
2025-03-17T00:00:00,72.142
2025-03-17T01:00:00,71.99
2025-03-17T02:00:00,72.421
2025-03-17T03:00:00,73.592
2025-03-17T04:00:00,75.562
2025-03-17T05:00:00,78.231
2025-03-17T06:00:00,81.326
2025-03-17T07:00:00,84.427
2025-03-17T08:00:00,87.046
2025-03-17T09:00:00,88.742
2025-03-17T10:00:00,89.224
2025-03-17T11:00:00,88.425
2025-03-17T12:00:00,86.515
2025-03-17T13:00:00,83.85
2025-03-17T14:00:00,80.879
2025-03-17T15:00:00,78.04
2025-03-17T16:00:00,75.673
2025-03-17T17:00:00,73.973
2025-03-17T18:00:00,72.992
2025-03-17T19:00:00,72.659
2025-03-17T20:00:00,72.824
2025-03-17T21:00:00,73.3
2025-03-17T22:00:00,73.895
2025-03-17T23:00:00,74.445
2025-03-18T00:00:00,74.844
2025-03-18T01:00:00,75.074
2025-03-18T02:00:00,75.219
2025-03-18T03:00:00,75.455
2025-03-18T04:00:00,76.009
2025-03-18T05:00:00,77.086
2025-03-18T06:00:00,78.785
2025-03-18T07:00:00,81.036
2025-03-18T08:00:00,83.576
2025-03-18T09:00:00,85.994
2025-03-18T10:00:00,87.823
2025-03-18T11:00:00,88.655
2025-03-18T12:00:00,88.258
2025-03-18T13:00:00,86.627
2025-03-18T14:00:00,83.992
2025-03-18T15:00:00,80.757
2025-03-18T16:00:00,77.4
2025-03-18T17:00:00,74.379
2025-03-18T18:00:00,72.054
2025-03-18T19:00:00,70.64
2025-03-18T20:00:00,70.199
2025-03-18T21:00:00,70.654
2025-03-18T22:00:00,71.815
2025-03-18T23:00:00,73.415
2025-03-19T00:00:00,75.149
2025-03-19T01:00:00,76.73
2025-03-19T02:00:00,77.946
2025-03-19T03:00:00,78.705
2025-03-19T04:00:00,79.071
2025-03-19T05:00:00,79.24
2025-03-19T06:00:00,79.483
2025-03-19T07:00:00,80.057
2025-03-19T08:00:00,81.101
2025-03-19T09:00:00,82.572
2025-03-19T10:00:00,84.235
2025-03-19T11:00:00,85.715
2025-03-19T12:00:00,86.597
2025-03-19T13:00:00,86.55
2025-03-19T14:00:00,85.416
2025-03-19T15:00:00,83.258
2025-03-19T16:00:00,80.343
2025-03-19T17:00:00,77.081
2025-03-19T18:00:00,73.932
2025-03-19T19:00:00,71.322
2025-03-19T20:00:00,69.58
2025-03-19T21:00:00,68.897
2025-03-19T22:00:00,69.314
2025-03-19T23:00:00,70.72
2025-03-20T00:00:00,72.874
2025-03-20T01:00:00,75.432
2025-03-20T02:00:00,78.0
2025-03-20T03:00:00,80.208
2025-03-20T04:00:00,81.779
2025-03-20T05:00:00,82.602
2025-03-20T06:00:00,82.749
2025-03-20T07:00:00,82.455
2025-03-20T08:00:00,82.042
2025-03-20T09:00:00,81.807
2025-03-20T10:00:00,81.929
2025-03-20T11:00:00,82.404
2025-03-20T12:00:00,83.047
2025-03-20T13:00:00,83.553
2025-03-20T14:00:00,83.596
2025-03-20T15:00:00,82.933
2025-03-20T16:00:00,81.478
2025-03-20T17:00:00,79.326
2025-03-20T18:00:00,76.726
2025-03-20T19:00:00,74.032
2025-03-20T20:00:00,71.624
2025-03-20T21:00:00,69.851
2025-03-20T22:00:00,68.979
2025-03-20T23:00:00,69.161
2025-03-21T00:00:00,70.413
2025-03-21T01:00:00,72.603
2025-03-21T02:00:00,75.454
2025-03-21T03:00:00,78.576
2025-03-21T04:00:00,81.523
2025-03-21T05:00:00,83.881
2025-03-21T06:00:00,85.352
2025-03-21T07:00:00,85.829
2025-03-21T08:00:00,85.413
2025-03-21T09:00:00,84.381
2025-03-21T10:00:00,83.096
2025-03-21T11:00:00,81.897
2025-03-21T12:00:00,81.009
2025-03-21T13:00:00,80.485
2025-03-21T14:00:00,80.217
2025-03-21T15:00:00,79.993
2025-03-21T16:00:00,79.581
2025-03-21T17:00:00,78.81
2025-03-21T18:00:00,77.618
2025-03-21T19:00:00,76.067
2025-03-21T20:00:00,74.324
2025-03-21T21:00:00,72.624
2025-03-21T22:00:00,71.231
2025-03-21T23:00:00,70.4
2025-03-22T00:00:00,70.343
2025-03-22T01:00:00,71.195
2025-03-22T02:00:00,72.975
2025-03-22T03:00:00,75.556
2025-03-22T04:00:00,78.657
2025-03-22T05:00:00,81.871
2025-03-22T06:00:00,84.732
2025-03-22T07:00:00,86.809
2025-03-22T08:00:00,87.81
2025-03-22T09:00:00,87.649
2025-03-22T10:00:00,86.464
2025-03-22T11:00:00,84.571
2025-03-22T12:00:00,82.376
2025-03-22T13:00:00,80.266
2025-03-22T14:00:00,78.517
2025-03-22T15:00:00,77.254
2025-03-22T16:00:00,76.452
2025-03-22T17:00:00,75.984
2025-03-22T18:00:00,75.681
2025-03-22T19:00:00,75.391
2025-03-22T20:00:00,75.011
2025-03-22T21:00:00,74.504
2025-03-22T22:00:00,73.903
2025-03-22T23:00:00,73.303
2025-03-23T00:00:00,72.853
2025-03-23T01:00:00,72.742
2025-03-23T02:00:00,73.167
2025-03-23T03:00:00,74.283
2025-03-23T04:00:00,76.145
2025-03-23T05:00:00,78.656
2025-03-23T06:00:00,81.551
2025-03-23T07:00:00,84.423
2025-03-23T08:00:00,86.806
2025-03-23T09:00:00,88.278
2025-03-23T10:00:00,88.568
2025-03-23T11:00:00,87.63
2025-03-23T12:00:00,85.644
2025-03-23T13:00:00,82.971
2025-03-23T14:00:00,80.057
2025-03-23T15:00:00,77.33
2025-03-23T16:00:00,75.117
2025-03-23T17:00:00,73.599
2025-03-23T18:00:00,72.812
2025-03-23T19:00:00,72.673
2025-03-23T20:00:00,73.023
2025-03-23T21:00:00,73.667
2025-03-23T22:00:00,74.406
2025-03-23T23:00:00,75.072
2025-03-24T00:00:00,75.554
2025-03-24T01:00:00,75.826
2025-03-24T02:00:00,75.968
2025-03-24T03:00:00,76.151
2025-03-24T04:00:00,76.602
2025-03-24T05:00:00,77.528
2025-03-24T06:00:00,79.035
2025-03-24T07:00:00,81.067
2025-03-24T08:00:00,83.377
2025-03-24T09:00:00,85.575
2025-03-24T10:00:00,87.211
2025-03-24T11:00:00,87.897
2025-03-24T12:00:00,87.411
2025-03-24T13:00:00,85.756
2025-03-24T14:00:00,83.162
2025-03-24T15:00:00,80.023
2025-03-24T16:00:00,76.808
2025-03-24T17:00:00,73.962
2025-03-24T18:00:00,71.829
2025-03-24T19:00:00,70.613
2025-03-24T20:00:00,70.363
2025-03-24T21:00:00,70.996
2025-03-24T22:00:00,72.312
2025-03-24T23:00:00,74.038
2025-03-25T00:00:00,75.864
2025-03-25T01:00:00,77.494
2025-03-25T02:00:00,78.71
2025-03-25T03:00:00,79.419
2025-03-25T04:00:00,79.682
2025-03-25T05:00:00,79.7
2025-03-25T06:00:00,79.753
2025-03-25T07:00:00,80.11
2025-03-25T08:00:00,80.928
2025-03-25T09:00:00,82.183
2025-03-25T10:00:00,83.656
2025-03-25T11:00:00,84.988
2025-03-25T12:00:00,85.778
2025-03-25T13:00:00,85.698
2025-03-25T14:00:00,84.591
2025-03-25T15:00:00,82.516
2025-03-25T16:00:00,79.731
2025-03-25T17:00:00,76.631
2025-03-25T18:00:00,73.666
2025-03-25T19:00:00,71.25
2025-03-25T20:00:00,69.701
2025-03-25T21:00:00,69.201
2025-03-25T22:00:00,69.783
2025-03-25T23:00:00,71.328
2025-03-26T00:00:00,73.586
2025-03-26T01:00:00,76.206
2025-03-26T02:00:00,78.786
2025-03-26T03:00:00,80.95
2025-03-26T04:00:00,82.423
2025-03-26T05:00:00,83.095
2025-03-26T06:00:00,83.049
2025-03-26T07:00:00,82.535
2025-03-26T08:00:00,81.891
2025-03-26T09:00:00,81.436
2025-03-26T10:00:00,81.366
2025-03-26T11:00:00,81.693
2025-03-26T12:00:00,82.242
2025-03-26T13:00:00,82.713
2025-03-26T14:00:00,82.78
2025-03-26T15:00:00,82.193
2025-03-26T16:00:00,80.858
2025-03-26T17:00:00,78.858
2025-03-26T18:00:00,76.433
2025-03-26T19:00:00,73.925
2025-03-26T20:00:00,71.705
2025-03-26T21:00:00,70.113
2025-03-26T22:00:00,69.41
2025-03-26T23:00:00,69.739
2025-03-27T00:00:00,71.107
2025-03-27T01:00:00,73.373
2025-03-27T02:00:00,76.251
2025-03-27T03:00:00,79.345
2025-03-27T04:00:00,82.205
2025-03-27T05:00:00,84.419
2025-03-27T06:00:00,85.699
2025-03-27T07:00:00,85.951
2025-03-27T08:00:00,85.297
2025-03-27T09:00:00,84.035
2025-03-27T10:00:00,82.547
2025-03-27T11:00:00,81.192
2025-03-27T12:00:00,80.204
2025-03-27T13:00:00,79.642
2025-03-27T14:00:00,79.396
2025-03-27T15:00:00,79.246
2025-03-27T16:00:00,78.953
2025-03-27T17:00:00,78.331
2025-03-27T18:00:00,77.309
2025-03-27T19:00:00,75.938
2025-03-27T20:00:00,74.377
2025-03-27T21:00:00,72.855
2025-03-27T22:00:00,71.628
2025-03-27T23:00:00,70.945
2025-03-28T00:00:00,71.009
2025-03-28T01:00:00,71.948
2025-03-28T02:00:00,73.768
2025-03-28T03:00:00,76.337
2025-03-28T04:00:00,79.367
2025-03-28T05:00:00,82.451
2025-03-28T06:00:00,85.13
2025-03-28T07:00:00,86.986
2025-03-28T08:00:00,87.746
2025-03-28T09:00:00,87.345
2025-03-28T10:00:00,85.945
2025-03-28T11:00:00,83.881
2025-03-28T12:00:00,81.573
2025-03-28T13:00:00,79.413
2025-03-28T14:00:00,77.679
2025-03-28T15:00:00,76.487
2025-03-28T16:00:00,75.803
2025-03-28T17:00:00,75.485
2025-03-28T18:00:00,75.354
2025-03-28T19:00:00,75.245
2025-03-28T20:00:00,75.047
2025-03-28T21:00:00,74.716
2025-03-28T22:00:00,74.28
2025-03-28T23:00:00,73.825
2025-03-29T00:00:00,73.497
2025-03-29T01:00:00,73.475
2025-03-29T02:00:00,73.947
2025-03-29T03:00:00,75.061
2025-03-29T04:00:00,76.865
2025-03-29T05:00:00,79.261
2025-03-29T06:00:00,81.988
2025-03-29T07:00:00,84.651
2025-03-29T08:00:00,86.798
2025-03-29T09:00:00,88.028
2025-03-29T10:00:00,88.096
2025-03-29T11:00:00,86.973
2025-03-29T12:00:00,84.857
2025-03-29T13:00:00,82.118
2025-03-29T14:00:00,79.204
2025-03-29T15:00:00,76.538
2025-03-29T16:00:00,74.436
2025-03-29T17:00:00,73.067
2025-03-29T18:00:00,72.453
2025-03-29T19:00:00,72.5
2025-03-29T20:00:00,73.038
2025-03-29T21:00:00,73.862
2025-03-29T22:00:00,74.77
2025-03-29T23:00:00,75.584
2025-03-30T00:00:00,76.188
2025-03-30T01:00:00,76.55
2025-03-30T02:00:00,76.741
2025-03-30T03:00:00,76.925
2025-03-30T04:00:00,77.324
2025-03-30T05:00:00,78.144
2025-03-30T06:00:00,79.495
2025-03-30T07:00:00,81.328
2025-03-30T08:00:00,83.412
2025-03-30T09:00:00,85.376
2025-03-30T10:00:00,86.789
2025-03-30T11:00:00,87.285
2025-03-30T12:00:00,86.658
2025-03-30T13:00:00,84.921
2025-03-30T14:00:00,82.309
2025-03-30T15:00:00,79.215
2025-03-30T16:00:00,76.098
2025-03-30T17:00:00,73.393
2025-03-30T18:00:00,71.43
2025-03-30T19:00:00,70.4
2025-03-30T20:00:00,70.343
2025-03-30T21:00:00,71.164
2025-03-30T22:00:00,72.657
2025-03-30T23:00:00,74.54
2025-03-31T00:00:00,76.496
2025-03-31T01:00:00,78.221
2025-03-31T02:00:00,79.49
2025-03-31T03:00:00,80.202
2025-03-31T04:00:00,80.415
2025-03-31T05:00:00,80.328
2025-03-31T06:00:00,80.228
2025-03-31T07:00:00,80.392
2025-03-31T08:00:00,80.99
2025-03-31T09:00:00,82.016
2025-03-31T10:00:00,83.272
2025-03-31T11:00:00,84.415
2025-03-31T12:00:00,85.06
2025-03-31T13:00:00,84.891
2025-03-31T14:00:00,83.755
2025-03-31T15:00:00,81.71
2025-03-31T16:00:00,79.007
2025-03-31T17:00:00,76.035
2025-03-31T18:00:00,73.229
2025-03-31T19:00:00,70.994
2025-03-31T20:00:00,69.636
2025-03-31T21:00:00,69.329
2025-03-31T22:00:00,70.095
2025-03-31T23:00:00,71.808
2025-04-01T00:00:00,83.258
2025-04-01T01:00:00,86.318
2025-04-01T02:00:00,89.283
2025-04-01T03:00:00,91.724
2025-04-01T04:00:00,93.325
2025-04-01T05:00:00,93.963
2025-04-01T06:00:00,93.739
2025-04-01T07:00:00,92.943
2025-04-01T08:00:00,91.972
2025-04-01T09:00:00,91.204
2025-04-01T10:00:00,90.882
2025-04-01T11:00:00,91.038
2025-04-01T12:00:00,91.493
2025-04-01T13:00:00,91.919
2025-04-01T14:00:00,91.956
2025-04-01T15:00:00,91.323
2025-04-01T16:00:00,89.907
2025-04-01T17:00:00,87.792
2025-04-01T18:00:00,85.238
2025-04-01T19:00:00,82.615
2025-04-01T20:00:00,80.331
2025-04-01T21:00:00,78.758
2025-04-01T22:00:00,78.177
2025-04-01T23:00:00,78.741
2025-04-02T00:00:00,80.448
2025-04-02T01:00:00,83.126
2025-04-02T02:00:00,86.443
2025-04-02T03:00:00,89.943
2025-04-02T04:00:00,93.115
2025-04-02T05:00:00,95.492
2025-04-02T06:00:00,96.758
2025-04-02T07:00:00,96.82
2025-04-02T08:00:00,95.832
2025-04-02T09:00:00,94.151
2025-04-02T10:00:00,92.23
2025-04-02T11:00:00,90.492
2025-04-02T12:00:00,89.217
2025-04-02T13:00:00,88.481
2025-04-02T14:00:00,88.164
2025-04-02T15:00:00,88.02
2025-04-02T16:00:00,87.769
2025-04-02T17:00:00,87.195
2025-04-02T18:00:00,86.207
2025-04-02T19:00:00,84.852
2025-04-02T20:00:00,83.299
2025-04-02T21:00:00,81.796
2025-04-02T22:00:00,80.624
2025-04-02T23:00:00,80.052
2025-04-03T00:00:00,80.3
2025-04-03T01:00:00,81.498
2025-04-03T02:00:00,83.643
2025-04-03T03:00:00,86.571
2025-04-03T04:00:00,89.951
2025-04-03T05:00:00,93.323
2025-04-03T06:00:00,96.171
2025-04-03T07:00:00,98.039
2025-04-03T08:00:00,98.637
2025-04-03T09:00:00,97.915
2025-04-03T10:00:00,96.08
2025-04-03T11:00:00,93.533
2025-04-03T12:00:00,90.763
2025-04-03T13:00:00,88.223
2025-04-03T14:00:00,86.23
2025-04-03T15:00:00,84.911
2025-04-03T16:00:00,84.22
2025-04-03T17:00:00,83.988
2025-04-03T18:00:00,83.999
2025-04-03T19:00:00,84.059
2025-04-03T20:00:00,84.031
2025-04-03T21:00:00,83.862
2025-04-03T22:00:00,83.571
2025-04-03T23:00:00,83.253
2025-04-04T00:00:00,83.058
2025-04-04T01:00:00,83.181
2025-04-04T02:00:00,83.819
2025-04-04T03:00:00,85.126
2025-04-04T04:00:00,87.147
2025-04-04T05:00:00,89.764
2025-04-04T06:00:00,92.685
2025-04-04T07:00:00,95.472
2025-04-04T08:00:00,97.635
2025-04-04T09:00:00,98.745
2025-04-04T10:00:00,98.551
2025-04-04T11:00:00,97.046
2025-04-04T12:00:00,94.475
2025-04-04T13:00:00,91.268
2025-04-04T14:00:00,87.935
2025-04-04T15:00:00,84.95
2025-04-04T16:00:00,82.66
2025-04-04T17:00:00,81.245
2025-04-04T18:00:00,80.715
2025-04-04T19:00:00,80.952
2025-04-04T20:00:00,81.754
2025-04-04T21:00:00,82.884
2025-04-04T22:00:00,84.103
2025-04-04T23:00:00,85.208
2025-04-05T00:00:00,86.06
2025-04-05T01:00:00,86.612
2025-04-05T02:00:00,86.935
2025-04-05T03:00:00,87.204
2025-04-05T04:00:00,87.655
2025-04-05T05:00:00,88.515
2025-04-05T06:00:00,89.905
2025-04-05T07:00:00,91.777
2025-04-05T08:00:00,93.884
2025-04-05T09:00:00,95.826
2025-04-05T10:00:00,97.146
2025-04-05T11:00:00,97.454
2025-04-05T12:00:00,96.541
2025-04-05T13:00:00,94.443
2025-04-05T14:00:00,91.429
2025-04-05T15:00:00,87.945
2025-04-05T16:00:00,84.502
2025-04-05T17:00:00,81.576
2025-04-05T18:00:00,79.527
2025-04-05T19:00:00,78.555
2025-04-05T20:00:00,78.693
2025-04-05T21:00:00,79.825
2025-04-05T22:00:00,81.709
2025-04-05T23:00:00,84.021
2025-04-06T00:00:00,86.394
2025-04-06T01:00:00,88.482
2025-04-06T02:00:00,90.017
2025-04-06T03:00:00,90.88
2025-04-06T04:00:00,91.124
2025-04-06T05:00:00,90.97
2025-04-06T06:00:00,90.739
2025-04-06T07:00:00,90.745
2025-04-06T08:00:00,91.194
2025-04-06T09:00:00,92.095
2025-04-06T10:00:00,93.245
2025-04-06T11:00:00,94.284
2025-04-06T12:00:00,94.798
2025-04-06T13:00:00,94.45
2025-04-06T14:00:00,93.08
2025-04-06T15:00:00,90.756
2025-04-06T16:00:00,87.759
2025-04-06T17:00:00,84.517
2025-04-06T18:00:00,81.509
2025-04-06T19:00:00,79.177
2025-04-06T20:00:00,77.852
2025-04-06T21:00:00,77.719
2025-04-06T22:00:00,78.794
2025-04-06T23:00:00,80.925
2025-04-07T00:00:00,83.81
2025-04-07T01:00:00,87.033
2025-04-07T02:00:00,90.121
2025-04-07T03:00:00,92.634
2025-04-07T04:00:00,94.246
2025-04-07T05:00:00,94.83
2025-04-07T06:00:00,94.487
2025-04-07T07:00:00,93.514
2025-04-07T08:00:00,92.322
2025-04-07T09:00:00,91.306
2025-04-07T10:00:00,90.729
2025-04-07T11:00:00,90.644
2025-04-07T12:00:00,90.891
2025-04-07T13:00:00,91.159
2025-04-07T14:00:00,91.096
2025-04-07T15:00:00,90.426
2025-04-07T16:00:00,89.033
2025-04-07T17:00:00,86.997
2025-04-07T18:00:00,84.568
2025-04-07T19:00:00,82.107
2025-04-07T20:00:00,80.012
2025-04-07T21:00:00,78.645
2025-04-07T22:00:00,78.279
2025-04-07T23:00:00,79.057
2025-04-08T00:00:00,80.965
2025-04-08T01:00:00,83.82
2025-04-08T02:00:00,87.276
2025-04-08T03:00:00,90.863
2025-04-08T04:00:00,94.059
2025-04-08T05:00:00,96.393
2025-04-08T06:00:00,97.545
2025-04-08T07:00:00,97.431
2025-04-08T08:00:00,96.218
2025-04-08T09:00:00,94.283
2025-04-08T10:00:00,92.102
2025-04-08T11:00:00,90.119
2025-04-08T12:00:00,88.634
2025-04-08T13:00:00,87.738
2025-04-08T14:00:00,87.32
2025-04-08T15:00:00,87.136
2025-04-08T16:00:00,86.904
2025-04-08T17:00:00,86.403
2025-04-08T18:00:00,85.531
2025-04-08T19:00:00,84.327
2025-04-08T20:00:00,82.952
2025-04-08T21:00:00,81.645
2025-04-08T22:00:00,80.681
2025-04-08T23:00:00,80.319
2025-04-09T00:00:00,80.772
2025-04-09T01:00:00,82.154
2025-04-09T02:00:00,84.451
2025-04-09T03:00:00,87.483
2025-04-09T04:00:00,90.908
2025-04-09T05:00:00,94.253
2025-04-09T06:00:00,97.001
2025-04-09T07:00:00,98.702
2025-04-09T08:00:00,99.077
2025-04-09T09:00:00,98.097
2025-04-09T10:00:00,95.993
2025-04-09T11:00:00,93.189
2025-04-09T12:00:00,90.198
2025-04-09T13:00:00,87.489
2025-04-09T14:00:00,85.388
2025-04-09T15:00:00,84.025
2025-04-09T16:00:00,83.351
2025-04-09T17:00:00,83.189
2025-04-09T18:00:00,83.314
2025-04-09T19:00:00,83.522
2025-04-09T20:00:00,83.668
2025-04-09T21:00:00,83.688
2025-04-09T22:00:00,83.599
2025-04-09T23:00:00,83.485
2025-04-10T00:00:00,83.491
2025-04-10T01:00:00,83.798
2025-04-10T02:00:00,84.593
2025-04-10T03:00:00,86.015
2025-04-10T04:00:00,88.095
2025-04-10T05:00:00,90.704
2025-04-10T06:00:00,93.544
2025-04-10T07:00:00,96.181
2025-04-10T08:00:00,98.132
2025-04-10T09:00:00,98.989
2025-04-10T10:00:00,98.522
2025-04-10T11:00:00,96.751
2025-04-10T12:00:00,93.945
2025-04-10T13:00:00,90.552
2025-04-10T14:00:00,87.096
2025-04-10T15:00:00,84.055
2025-04-10T16:00:00,81.774
2025-04-10T17:00:00,80.425
2025-04-10T18:00:00,80.009
2025-04-10T19:00:00,80.394
2025-04-10T20:00:00,81.371
2025-04-10T21:00:00,82.691
2025-04-10T22:00:00,84.111
2025-04-10T23:00:00,85.419
2025-04-11T00:00:00,86.468
2025-04-11T01:00:00,87.203
2025-04-11T02:00:00,87.683
2025-04-11T03:00:00,88.069
2025-04-11T04:00:00,88.586
2025-04-11T05:00:00,89.449
2025-04-11T06:00:00,90.775
2025-04-11T07:00:00,92.513
2025-04-11T08:00:00,94.425
2025-04-11T09:00:00,96.126
2025-04-11T10:00:00,97.179
2025-04-11T11:00:00,97.22
2025-04-11T12:00:00,96.063
2025-04-11T13:00:00,93.765
2025-04-11T14:00:00,90.611
2025-04-11T15:00:00,87.053
2025-04-11T16:00:00,83.602
2025-04-11T17:00:00,80.731
2025-04-11T18:00:00,78.787
2025-04-11T19:00:00,77.962
2025-04-11T20:00:00,78.276
2025-04-11T21:00:00,79.602
2025-04-11T22:00:00,81.692
2025-04-11T23:00:00,84.212
2025-04-12T00:00:00,86.787
2025-04-12T01:00:00,89.06
2025-04-12T02:00:00,90.753
2025-04-12T03:00:00,91.734
2025-04-12T04:00:00,92.046
2025-04-12T05:00:00,91.9
2025-04-12T06:00:00,91.609
2025-04-12T07:00:00,91.492
2025-04-12T08:00:00,91.758
2025-04-12T09:00:00,92.431
2025-04-12T10:00:00,93.326
2025-04-12T11:00:00,94.104
2025-04-12T12:00:00,94.375
2025-04-12T13:00:00,93.822
2025-04-12T14:00:00,92.299
2025-04-12T15:00:00,89.885
2025-04-12T16:00:00,86.863
2025-04-12T17:00:00,83.658
2025-04-12T18:00:00,80.741
2025-04-12T19:00:00,78.544
2025-04-12T20:00:00,77.391
2025-04-12T21:00:00,77.453
2025-04-12T22:00:00,78.737
2025-04-12T23:00:00,81.084
2025-04-13T00:00:00,84.18
2025-04-13T01:00:00,87.597
2025-04-13T02:00:00,90.853
2025-04-13T03:00:00,93.491
2025-04-13T04:00:00,95.175
2025-04-13T05:00:00,95.77
2025-04-13T06:00:00,95.369
2025-04-13T07:00:00,94.275
2025-04-13T08:00:00,92.904
2025-04-13T09:00:00,91.664
2025-04-13T10:00:00,90.838
2025-04-13T11:00:00,90.5
2025-04-13T12:00:00,90.509
2025-04-13T13:00:00,90.573
2025-04-13T14:00:00,90.354
2025-04-13T15:00:00,89.586
2025-04-13T16:00:00,88.156
2025-04-13T17:00:00,86.142
2025-04-13T18:00:00,83.788
2025-04-13T19:00:00,81.448
2025-04-13T20:00:00,79.511
2025-04-13T21:00:00,78.331
2025-04-13T22:00:00,78.172
2025-04-13T23:00:00,79.168
2025-04-14T00:00:00,81.294
2025-04-14T01:00:00,84.356
2025-04-14T02:00:00,87.993
2025-04-14T03:00:00,91.72
2025-04-14T04:00:00,95.002
2025-04-14T05:00:00,97.355
2025-04-14T06:00:00,98.457
2025-04-14T07:00:00,98.223
2025-04-14T08:00:00,96.83
2025-04-14T09:00:00,94.67
2025-04-14T10:00:00,92.237
2025-04-14T11:00:00,89.999
2025-04-14T12:00:00,88.275
2025-04-14T13:00:00,87.176
2025-04-14T14:00:00,86.603
2025-04-14T15:00:00,86.32
2025-04-14T16:00:00,86.046
2025-04-14T17:00:00,85.559
2025-04-14T18:00:00,84.752
2025-04-14T19:00:00,83.657
2025-04-14T20:00:00,82.428
2025-04-14T21:00:00,81.296
2025-04-14T22:00:00,80.529
2025-04-14T23:00:00,80.381
2025-04-15T00:00:00,81.052
2025-04-15T01:00:00,82.647
2025-04-15T02:00:00,85.136
2025-04-15T03:00:00,88.324
2025-04-15T04:00:00,91.852
2025-04-15T05:00:00,95.234
2025-04-15T06:00:00,97.947
2025-04-15T07:00:00,99.538
2025-04-15T08:00:00,99.736
2025-04-15T09:00:00,98.53
2025-04-15T10:00:00,96.167
2025-04-15T11:00:00,93.1
2025-04-15T12:00:00,89.862
2025-04-15T13:00:00,86.943
2025-04-15T14:00:00,84.681
2025-04-15T15:00:00,83.216
2025-04-15T16:00:00,82.498
2025-04-15T17:00:00,82.349
2025-04-15T18:00:00,82.536
2025-04-15T19:00:00,82.848
2025-04-15T20:00:00,83.132
2025-04-15T21:00:00,83.319
2025-04-15T22:00:00,83.419
2025-04-15T23:00:00,83.509
2025-04-16T00:00:00,83.727
2025-04-16T01:00:00,84.245
2025-04-16T02:00:00,85.236
2025-04-16T03:00:00,86.823
2025-04-16T04:00:00,89.02
2025-04-16T05:00:00,91.686
2025-04-16T06:00:00,94.51
2025-04-16T07:00:00,97.055
2025-04-16T08:00:00,98.844
2025-04-16T09:00:00,99.48
2025-04-16T10:00:00,98.755
2025-04-16T11:00:00,96.714
2025-04-16T12:00:00,93.648
2025-04-16T13:00:00,90.031
2025-04-16T14:00:00,86.401
2025-04-16T15:00:00,83.246
2025-04-16T16:00:00,80.915
2025-04-16T17:00:00,79.574
2025-04-16T18:00:00,79.217
2025-04-16T19:00:00,79.706
2025-04-16T20:00:00,80.82
2025-04-16T21:00:00,82.306
2025-04-16T22:00:00,83.912
2025-04-16T23:00:00,85.421
2025-04-17T00:00:00,86.677
2025-04-17T01:00:00,87.618
2025-04-17T02:00:00,88.291
2025-04-17T03:00:00,88.842
2025-04-17T04:00:00,89.483
2025-04-17T05:00:00,90.414
2025-04-17T06:00:00,91.74
2025-04-17T07:00:00,93.405
2025-04-17T08:00:00,95.173
2025-04-17T09:00:00,96.668
2025-04-17T10:00:00,97.473
2025-04-17T11:00:00,97.245
2025-04-17T12:00:00,95.824
2025-04-17T13:00:00,93.289
2025-04-17T14:00:00,89.945
2025-04-17T15:00:00,86.256
2025-04-17T16:00:00,82.739
2025-04-17T17:00:00,79.863
2025-04-17T18:00:00,77.972
2025-04-17T19:00:00,77.246
2025-04-17T20:00:00,77.697
2025-04-17T21:00:00,79.191
2025-04-17T22:00:00,81.47
2025-04-17T23:00:00,84.192
2025-04-18T00:00:00,86.977
2025-04-18T01:00:00,89.456
2025-04-18T02:00:00,91.342
2025-04-18T03:00:00,92.488
2025-04-18T04:00:00,92.925
2025-04-18T05:00:00,92.849
2025-04-18T06:00:00,92.566
2025-04-18T07:00:00,92.386
2025-04-18T08:00:00,92.522
2025-04-18T09:00:00,93.005
2025-04-18T10:00:00,93.665
2025-04-18T11:00:00,94.184
2025-04-18T12:00:00,94.194
2025-04-18T13:00:00,93.401
2025-04-18T14:00:00,91.679
2025-04-18T15:00:00,89.119
2025-04-18T16:00:00,86.013
2025-04-18T17:00:00,82.786
2025-04-18T18:00:00,79.906
2025-04-18T19:00:00,77.797
2025-04-18T20:00:00,76.774
2025-04-18T21:00:00,77.001
2025-04-18T22:00:00,78.476
2025-04-18T23:00:00,81.031
2025-04-19T00:00:00,84.343
2025-04-19T01:00:00,87.975
2025-04-19T02:00:00,91.43
2025-04-19T03:00:00,94.238
2025-04-19T04:00:00,96.051
2025-04-19T05:00:00,96.718
2025-04-19T06:00:00,96.327
2025-04-19T07:00:00,95.174
2025-04-19T08:00:00,93.677
2025-04-19T09:00:00,92.256
2025-04-19T10:00:00,91.204
2025-04-19T11:00:00,90.616
2025-04-19T12:00:00,90.372
2025-04-19T13:00:00,90.2
2025-04-19T14:00:00,89.781
2025-04-19T15:00:00,88.86
2025-04-19T16:00:00,87.335
2025-04-19T17:00:00,85.283
2025-04-19T18:00:00,82.949
2025-04-19T19:00:00,80.681
2025-04-19T20:00:00,78.861
2025-04-19T21:00:00,77.836
2025-04-19T22:00:00,77.863
2025-04-19T23:00:00,79.068
2025-04-20T00:00:00,81.416
2025-04-20T01:00:00,84.701
2025-04-20T02:00:00,88.549
2025-04-20T03:00:00,92.459
2025-04-20T04:00:00,95.881
2025-04-20T05:00:00,98.316
2025-04-20T06:00:00,99.433
2025-04-20T07:00:00,99.143
2025-04-20T08:00:00,97.626
2025-04-20T09:00:00,95.283
2025-04-20T10:00:00,92.625
2025-04-20T11:00:00,90.139
2025-04-20T12:00:00,88.165
2025-04-20T13:00:00,86.833
2025-04-20T14:00:00,86.062
2025-04-20T15:00:00,85.626
2025-04-20T16:00:00,85.253
2025-04-20T17:00:00,84.722
2025-04-20T18:00:00,83.924
2025-04-20T19:00:00,82.888
2025-04-20T20:00:00,81.761
2025-04-20T21:00:00,80.771
2025-04-20T22:00:00,80.179
2025-04-20T23:00:00,80.231
2025-04-21T00:00:00,81.121
2025-04-21T01:00:00,82.943
2025-04-21T02:00:00,85.652
2025-04-21T03:00:00,89.037
2025-04-21T04:00:00,92.721
2025-04-21T05:00:00,96.204
2025-04-21T06:00:00,98.947
2025-04-21T07:00:00,100.492
2025-04-21T08:00:00,100.571
2025-04-21T09:00:00,99.183
2025-04-21T10:00:00,96.592
2025-04-21T11:00:00,93.271
2025-04-21T12:00:00,89.777
2025-04-21T13:00:00,86.621
2025-04-21T14:00:00,84.157
2025-04-21T15:00:00,82.538
2025-04-21T16:00:00,81.72
2025-04-21T17:00:00,81.524
2025-04-21T18:00:00,81.717
2025-04-21T19:00:00,82.081
2025-04-21T20:00:00,82.461
2025-04-21T21:00:00,82.779
2025-04-21T22:00:00,83.042
2025-04-21T23:00:00,83.323
2025-04-22T00:00:00,83.752
2025-04-22T01:00:00,84.492
2025-04-22T02:00:00,85.703
2025-04-22T03:00:00,87.495
2025-04-22T04:00:00,89.862
2025-04-22T05:00:00,92.645
2025-04-22T06:00:00,95.519
2025-04-22T07:00:00,98.037
2025-04-22T08:00:00,99.722
2025-04-22T09:00:00,100.185
2025-04-22T10:00:00,99.234
2025-04-22T11:00:00,96.935
2025-04-22T12:00:00,93.604
2025-04-22T13:00:00,89.739
2025-04-22T14:00:00,85.896
2025-04-22T15:00:00,82.578
2025-04-22T16:00:00,80.139
2025-04-22T17:00:00,78.747
2025-04-22T18:00:00,78.394
2025-04-22T19:00:00,78.934
2025-04-22T20:00:00,80.142
2025-04-22T21:00:00,81.756
2025-04-22T22:00:00,83.52
2025-04-22T23:00:00,85.213
2025-04-23T00:00:00,86.672
2025-04-23T01:00:00,87.829
2025-04-23T02:00:00,88.717
2025-04-23T03:00:00,89.472
2025-04-23T04:00:00,90.287
2025-04-23T05:00:00,91.345
2025-04-23T06:00:00,92.737
2025-04-23T07:00:00,94.394
2025-04-23T08:00:00,96.078
2025-04-23T09:00:00,97.418
2025-04-23T10:00:00,98.009
2025-04-23T11:00:00,97.527
2025-04-23T12:00:00,95.838
2025-04-23T13:00:00,93.045
2025-04-23T14:00:00,89.475
2025-04-23T15:00:00,85.607
2025-04-23T16:00:00,81.968
2025-04-23T17:00:00,79.03
2025-04-23T18:00:00,77.134
2025-04-23T19:00:00,76.454
2025-04-23T20:00:00,76.997
2025-04-23T21:00:00,78.619
2025-04-23T22:00:00,81.058
2025-04-23T23:00:00,83.965
2025-04-24T00:00:00,86.952
2025-04-24T01:00:00,89.644
2025-04-24T02:00:00,91.743
2025-04-24T03:00:00,93.09
2025-04-24T04:00:00,93.7
2025-04-24T05:00:00,93.754
2025-04-24T06:00:00,93.543
2025-04-24T07:00:00,93.368
2025-04-24T08:00:00,93.435
2025-04-24T09:00:00,93.779
2025-04-24T10:00:00,94.241
2025-04-24T11:00:00,94.52
2025-04-24T12:00:00,94.269
2025-04-24T13:00:00,93.217
2025-04-24T14:00:00,91.261
2025-04-24T15:00:00,88.509
2025-04-24T16:00:00,85.264
2025-04-24T17:00:00,81.958
2025-04-24T18:00:00,79.057
2025-04-24T19:00:00,76.983
2025-04-24T20:00:00,76.043
2025-04-24T21:00:00,76.395
2025-04-24T22:00:00,78.03
2025-04-24T23:00:00,80.772
2025-04-25T00:00:00,84.292
2025-04-25T01:00:00,88.142
2025-04-25T02:00:00,91.814
2025-04-25T03:00:00,94.826
2025-04-25T04:00:00,96.813
2025-04-25T05:00:00,97.612
2025-04-25T06:00:00,97.295
2025-04-25T07:00:00,96.149
2025-04-25T08:00:00,94.59
2025-04-25T09:00:00,93.04
2025-04-25T10:00:00,91.802
2025-04-25T11:00:00,90.985
2025-04-25T12:00:00,90.491
2025-04-25T13:00:00,90.067
2025-04-25T14:00:00,89.415
2025-04-25T15:00:00,88.298
2025-04-25T16:00:00,86.623
2025-04-25T17:00:00,84.478
2025-04-25T18:00:00,82.107
2025-04-25T19:00:00,79.856
2025-04-25T20:00:00,78.105
2025-04-25T21:00:00,77.194
2025-04-25T22:00:00,77.373
2025-04-25T23:00:00,78.763
2025-04-26T00:00:00,81.321
2025-04-26T01:00:00,84.831
2025-04-26T02:00:00,88.907
2025-04-26T03:00:00,93.031
2025-04-26T04:00:00,96.637
2025-04-26T05:00:00,99.212
2025-04-26T06:00:00,100.408
2025-04-26T07:00:00,100.128
2025-04-26T08:00:00,98.551
2025-04-26T09:00:00,96.081
2025-04-26T10:00:00,93.239
2025-04-26T11:00:00,90.529
2025-04-26T12:00:00,88.311
2025-04-26T13:00:00,86.733
2025-04-26T14:00:00,85.734
2025-04-26T15:00:00,85.103
2025-04-26T16:00:00,84.579
2025-04-26T17:00:00,83.947
2025-04-26T18:00:00,83.101
2025-04-26T19:00:00,82.069
2025-04-26T20:00:00,80.996
2025-04-26T21:00:00,80.104
2025-04-26T22:00:00,79.651
2025-04-26T23:00:00,79.88
2025-04-27T00:00:00,80.975
2025-04-27T01:00:00,83.023
2025-04-27T02:00:00,85.966
2025-04-27T03:00:00,89.577
2025-04-27T04:00:00,93.46
2025-04-27T05:00:00,97.097
2025-04-27T06:00:00,99.933
2025-04-27T07:00:00,101.5
2025-04-27T08:00:00,101.526
2025-04-27T09:00:00,100.012
2025-04-27T10:00:00,97.237
2025-04-27T11:00:00,93.69
2025-04-27T12:00:00,89.948
2025-04-27T13:00:00,86.544
2025-04-27T14:00:00,83.852
2025-04-27T15:00:00,82.038
2025-04-27T16:00:00,81.069
2025-04-27T17:00:00,80.772
2025-04-27T18:00:00,80.914
2025-04-27T19:00:00,81.275
2025-04-27T20:00:00,81.698
2025-04-27T21:00:00,82.104
2025-04-27T22:00:00,82.493
2025-04-27T23:00:00,82.937
2025-04-28T00:00:00,83.561
2025-04-28T01:00:00,84.52
2025-04-28T02:00:00,85.964
2025-04-28T03:00:00,87.986
2025-04-28T04:00:00,90.563
2025-04-28T05:00:00,93.517
2025-04-28T06:00:00,96.503
2025-04-28T07:00:00,99.062
2025-04-28T08:00:00,100.709
2025-04-28T09:00:00,101.058
2025-04-28T10:00:00,99.927
2025-04-28T11:00:00,97.399
2025-04-28T12:00:00,93.815
2025-04-28T13:00:00,89.693
2025-04-28T14:00:00,85.613
2025-04-28T15:00:00,82.093
2025-04-28T16:00:00,79.498
2025-04-28T17:00:00,78.002
2025-04-28T18:00:00,77.596
2025-04-28T19:00:00,78.132
2025-04-28T20:00:00,79.38
2025-04-28T21:00:00,81.077
2025-04-28T22:00:00,82.961
2025-04-28T23:00:00,84.808
2025-04-29T00:00:00,86.453
2025-04-29T01:00:00,87.819
2025-04-29T02:00:00,88.933
2025-04-29T03:00:00,89.915
2025-04-29T04:00:00,90.943
2025-04-29T05:00:00,92.181
2025-04-29T06:00:00,93.699
2025-04-29T07:00:00,95.416
2025-04-29T08:00:00,97.083
2025-04-29T09:00:00,98.327
2025-04-29T10:00:00,98.751
2025-04-29T11:00:00,98.049
2025-04-29T12:00:00,96.106
2025-04-29T13:00:00,93.05
2025-04-29T14:00:00,89.232
2025-04-29T15:00:00,85.148
2025-04-29T16:00:00,81.341
2025-04-29T17:00:00,78.287
2025-04-29T18:00:00,76.33
2025-04-29T19:00:00,75.642
2025-04-29T20:00:00,76.223
2025-04-29T21:00:00,77.927
2025-04-29T22:00:00,80.484
2025-04-29T23:00:00,83.545
2025-04-30T00:00:00,86.714
2025-04-30T01:00:00,89.611
2025-04-30T02:00:00,91.93
2025-04-30T03:00:00,93.499
2025-04-30T04:00:00,94.318
2025-04-30T05:00:00,94.552
2025-04-30T06:00:00,94.474
2025-04-30T07:00:00,94.37
2025-04-30T08:00:00,94.436
2025-04-30T09:00:00,94.703
2025-04-30T10:00:00,95.017
2025-04-30T11:00:00,95.09
2025-04-30T12:00:00,94.595
2025-04-30T13:00:00,93.282
2025-04-30T14:00:00,91.072
2025-04-30T15:00:00,88.094
2025-04-30T16:00:00,84.666
2025-04-30T17:00:00,81.228
2025-04-30T18:00:00,78.252
2025-04-30T19:00:00,76.157
2025-04-30T20:00:00,75.247
2025-04-30T21:00:00,75.675
2025-04-30T22:00:00,77.428
2025-04-30T23:00:00,80.324
2025-05-01T00:00:00,100.469
2025-05-01T01:00:00,105.321
2025-05-01T02:00:00,109.977
2025-05-01T03:00:00,113.844
2025-05-01T04:00:00,116.471
2025-05-01T05:00:00,117.64
2025-05-01T06:00:00,117.42
2025-05-01T07:00:00,116.138
2025-05-01T08:00:00,114.281
2025-05-01T09:00:00,112.348
2025-05-01T10:00:00,110.707
2025-05-01T11:00:00,109.503
2025-05-01T12:00:00,108.635
2025-05-01T13:00:00,107.829
2025-05-01T14:00:00,106.751
2025-05-01T15:00:00,105.141
2025-05-01T16:00:00,102.909
2025-05-01T17:00:00,100.171
2025-05-01T18:00:00,97.226
2025-05-01T19:00:00,94.49
2025-05-01T20:00:00,92.414
2025-05-01T21:00:00,91.401
2025-05-01T22:00:00,91.747
2025-05-01T23:00:00,93.589
2025-05-02T00:00:00,96.87
2025-05-02T01:00:00,101.32
2025-05-02T02:00:00,106.466
2025-05-02T03:00:00,111.673
2025-05-02T04:00:00,116.244
2025-05-02T05:00:00,119.543
2025-05-02T06:00:00,121.138
2025-05-02T07:00:00,120.895
2025-05-02T08:00:00,119.019
2025-05-02T09:00:00,115.989
2025-05-02T10:00:00,112.437
2025-05-02T11:00:00,108.976
2025-05-02T12:00:00,106.058
2025-05-02T13:00:00,103.882
2025-05-02T14:00:00,102.398
2025-05-02T15:00:00,101.374
2025-05-02T16:00:00,100.518
2025-05-02T17:00:00,99.583
2025-05-02T18:00:00,98.45
2025-05-02T19:00:00,97.154
2025-05-02T20:00:00,95.87
2025-05-02T21:00:00,94.862
2025-05-02T22:00:00,94.434
2025-05-02T23:00:00,94.874
2025-05-03T00:00:00,96.397
2025-05-03T01:00:00,99.098
2025-05-03T02:00:00,102.894
2025-05-03T03:00:00,107.498
2025-05-03T04:00:00,112.415
2025-05-03T05:00:00,117.001
2025-05-03T06:00:00,120.572
2025-05-03T07:00:00,122.549
2025-05-03T08:00:00,122.597
2025-05-03T09:00:00,120.715
2025-05-03T10:00:00,117.243
2025-05-03T11:00:00,112.781
2025-05-03T12:00:00,108.041
2025-05-03T13:00:00,103.683
2025-05-03T14:00:00,100.177
2025-05-03T15:00:00,97.743
2025-05-03T16:00:00,96.357
2025-05-03T17:00:00,95.822
2025-05-03T18:00:00,95.867
2025-05-03T19:00:00,96.231
2025-05-03T20:00:00,96.724
2025-05-03T21:00:00,97.252
2025-05-03T22:00:00,97.815
2025-05-03T23:00:00,98.495
2025-05-04T00:00:00,99.439
2025-05-04T01:00:00,100.826
2025-05-04T02:00:00,102.826
2025-05-04T03:00:00,105.533
2025-05-04T04:00:00,108.899
2025-05-04T05:00:00,112.685
2025-05-04T06:00:00,116.457
2025-05-04T07:00:00,119.641
2025-05-04T08:00:00,121.647
2025-05-04T09:00:00,122.005
2025-05-04T10:00:00,120.505
2025-05-04T11:00:00,117.264
2025-05-04T12:00:00,112.708
2025-05-04T13:00:00,107.485
2025-05-04T14:00:00,102.313
2025-05-04T15:00:00,97.833
2025-05-04T16:00:00,94.499
2025-05-04T17:00:00,92.529
2025-05-04T18:00:00,91.917
2025-05-04T19:00:00,92.487
2025-05-04T20:00:00,93.964
2025-05-04T21:00:00,96.029
2025-05-04T22:00:00,98.37
2025-05-04T23:00:00,100.716
2025-05-05T00:00:00,102.866
2025-05-05T01:00:00,104.727
2025-05-05T02:00:00,106.32
2025-05-05T03:00:00,107.776
2025-05-05T04:00:00,109.29
2025-05-05T05:00:00,111.033
2025-05-05T06:00:00,113.065
2025-05-05T07:00:00,115.265
2025-05-05T08:00:00,117.318
2025-05-05T09:00:00,118.77
2025-05-05T10:00:00,119.149
2025-05-05T11:00:00,118.1
2025-05-05T12:00:00,115.51
2025-05-05T13:00:00,111.557
2025-05-05T14:00:00,106.688
2025-05-05T15:00:00,101.522
2025-05-05T16:00:00,96.725
2025-05-05T17:00:00,92.881
2025-05-05T18:00:00,90.407
2025-05-05T19:00:00,89.508
2025-05-05T20:00:00,90.185
2025-05-05T21:00:00,92.257
2025-05-05T22:00:00,95.4
2025-05-05T23:00:00,99.193
2025-05-06T00:00:00,103.16
2025-05-06T01:00:00,106.844
2025-05-06T02:00:00,109.868
2025-05-06T03:00:00,112.017
2025-05-06T04:00:00,113.274
2025-05-06T05:00:00,113.815
2025-05-06T06:00:00,113.943
2025-05-06T07:00:00,113.978
2025-05-06T08:00:00,114.136
2025-05-06T09:00:00,114.443
2025-05-06T10:00:00,114.714
2025-05-06T11:00:00,114.613
2025-05-06T12:00:00,113.767
2025-05-06T13:00:00,111.904
2025-05-06T14:00:00,108.955
2025-05-06T15:00:00,105.101
2025-05-06T16:00:00,100.743
2025-05-06T17:00:00,96.423
2025-05-06T18:00:00,92.713
2025-05-06T19:00:00,90.119
2025-05-06T20:00:00,89.002
2025-05-06T21:00:00,89.543
2025-05-06T22:00:00,91.721
2025-05-06T23:00:00,95.317
2025-05-07T00:00:00,99.925
2025-05-07T01:00:00,104.996
2025-05-07T02:00:00,109.903
2025-05-07T03:00:00,114.041
2025-05-07T04:00:00,116.941
2025-05-07T05:00:00,118.368
2025-05-07T06:00:00,118.368
2025-05-07T07:00:00,117.248
2025-05-07T08:00:00,115.478
2025-05-07T09:00:00,113.546
2025-05-07T10:00:00,111.819
2025-05-07T11:00:00,110.447
2025-05-07T12:00:00,109.345
2025-05-07T13:00:00,108.26
2025-05-07T14:00:00,106.883
2025-05-07T15:00:00,104.979
2025-05-07T16:00:00,102.481
2025-05-07T17:00:00,99.519
2025-05-07T18:00:00,96.405
2025-05-07T19:00:00,93.561
2025-05-07T20:00:00,91.437
2025-05-07T21:00:00,90.438
2025-05-07T22:00:00,90.856
2025-05-07T23:00:00,92.824
2025-05-08T00:00:00,96.282
2025-05-08T01:00:00,100.955
2025-05-08T02:00:00,106.357
2025-05-08T03:00:00,111.841
2025-05-08T04:00:00,116.691
2025-05-08T05:00:00,120.253
2025-05-08T06:00:00,122.07
2025-05-08T07:00:00,121.991
2025-05-08T08:00:00,120.203
2025-05-08T09:00:00,117.179
2025-05-08T10:00:00,113.547
2025-05-08T11:00:00,109.93
2025-05-08T12:00:00,106.79
2025-05-08T13:00:00,104.349
2025-05-08T14:00:00,102.578
2025-05-08T15:00:00,101.269
2025-05-08T16:00:00,100.148
2025-05-08T17:00:00,98.985
2025-05-08T18:00:00,97.673
2025-05-08T19:00:00,96.253
2025-05-08T20:00:00,94.903
2025-05-08T21:00:00,93.889
2025-05-08T22:00:00,93.515
2025-05-08T23:00:00,94.066
2025-05-09T00:00:00,95.757
2025-05-09T01:00:00,98.675
2025-05-09T02:00:00,102.73
2025-05-09T03:00:00,107.619
2025-05-09T04:00:00,112.827
2025-05-09T05:00:00,117.688
2025-05-09T06:00:00,121.495
2025-05-09T07:00:00,123.646
2025-05-09T08:00:00,123.79
2025-05-09T09:00:00,121.917
2025-05-09T10:00:00,118.368
2025-05-09T11:00:00,113.75
2025-05-09T12:00:00,108.792
2025-05-09T13:00:00,104.173
2025-05-09T14:00:00,100.387
2025-05-09T15:00:00,97.674
2025-05-09T16:00:00,96.029
2025-05-09T17:00:00,95.269
2025-05-09T18:00:00,95.133
2025-05-09T19:00:00,95.366
2025-05-09T20:00:00,95.783
2025-05-09T21:00:00,96.289
2025-05-09T22:00:00,96.887
2025-05-09T23:00:00,97.66
2025-05-10T00:00:00,98.754
2025-05-10T01:00:00,100.346
2025-05-10T02:00:00,102.597
2025-05-10T03:00:00,105.588
2025-05-10T04:00:00,109.253
2025-05-10T05:00:00,113.329
2025-05-10T06:00:00,117.354
2025-05-10T07:00:00,120.732
2025-05-10T08:00:00,122.851
2025-05-10T09:00:00,123.233
2025-05-10T10:00:00,121.664
2025-05-10T11:00:00,118.27
2025-05-10T12:00:00,113.495
2025-05-10T13:00:00,108.008
2025-05-10T14:00:00,102.552
2025-05-10T15:00:00,97.79
2025-05-10T16:00:00,94.196
2025-05-10T17:00:00,92.001
2025-05-10T18:00:00,91.209
2025-05-10T19:00:00,91.648
2025-05-10T20:00:00,93.045
2025-05-10T21:00:00,95.083
2025-05-10T22:00:00,97.449
2025-05-10T23:00:00,99.873
2025-05-11T00:00:00,102.158
2025-05-11T01:00:00,104.206
2025-05-11T02:00:00,106.035
2025-05-11T03:00:00,107.767
2025-05-11T04:00:00,109.576
2025-05-11T05:00:00,111.613
2025-05-11T06:00:00,113.912
2025-05-11T07:00:00,116.326
2025-05-11T08:00:00,118.517
2025-05-11T09:00:00,120.016
2025-05-11T10:00:00,120.344
2025-05-11T11:00:00,119.156
2025-05-11T12:00:00,116.352
2025-05-11T13:00:00,112.134
2025-05-11T14:00:00,106.973
2025-05-11T15:00:00,101.516
2025-05-11T16:00:00,96.449
2025-05-11T17:00:00,92.372
2025-05-11T18:00:00,89.711
2025-05-11T19:00:00,88.678
2025-05-11T20:00:00,89.272
2025-05-11T21:00:00,91.314
2025-05-11T22:00:00,94.48
2025-05-11T23:00:00,98.347
2025-05-12T00:00:00,102.441
2025-05-12T01:00:00,106.301
2025-05-12T02:00:00,109.55
2025-05-12T03:00:00,111.96
2025-05-12T04:00:00,113.503
2025-05-12T05:00:00,114.333
2025-05-12T06:00:00,114.731
2025-05-12T07:00:00,114.99
2025-05-12T08:00:00,115.304
2025-05-12T09:00:00,115.68
2025-05-12T10:00:00,115.926
2025-05-12T11:00:00,115.708
2025-05-12T12:00:00,114.665
2025-05-12T13:00:00,112.545
2025-05-12T14:00:00,109.306
2025-05-12T15:00:00,105.153
2025-05-12T16:00:00,100.513
2025-05-12T17:00:00,95.945
2025-05-12T18:00:00,92.035
2025-05-12T19:00:00,89.292
2025-05-12T20:00:00,88.084
2025-05-12T21:00:00,88.589
2025-05-12T22:00:00,90.786
2025-05-12T23:00:00,94.454
2025-05-13T00:00:00,99.188
2025-05-13T01:00:00,104.434
2025-05-13T02:00:00,109.561
2025-05-13T03:00:00,113.956
2025-05-13T04:00:00,117.135
2025-05-13T05:00:00,118.844
2025-05-13T06:00:00,119.109
2025-05-13T07:00:00,118.214
2025-05-13T08:00:00,116.606
2025-05-13T09:00:00,114.757
2025-05-13T10:00:00,113.024
2025-05-13T11:00:00,111.556
2025-05-13T12:00:00,110.278
2025-05-13T13:00:00,108.954
2025-05-13T14:00:00,107.298
2025-05-13T15:00:00,105.099
2025-05-13T16:00:00,102.314
2025-05-13T17:00:00,99.093
2025-05-13T18:00:00,95.762
2025-05-13T19:00:00,92.753
2025-05-13T20:00:00,90.52
2025-05-13T21:00:00,89.47
2025-05-13T22:00:00,89.896
2025-05-13T23:00:00,91.93
2025-05-14T00:00:00,95.51
2025-05-14T01:00:00,100.358
2025-05-14T02:00:00,105.983
2025-05-14T03:00:00,111.727
2025-05-14T04:00:00,116.858
2025-05-14T05:00:00,120.704
2025-05-14T06:00:00,122.786
2025-05-14T07:00:00,122.931
2025-05-14T08:00:00,121.306
2025-05-14T09:00:00,118.368
2025-05-14T10:00:00,114.738
2025-05-14T11:00:00,111.037
2025-05-14T12:00:00,107.737
2025-05-14T13:00:00,105.074
2025-05-14T14:00:00,103.039
2025-05-14T15:00:00,101.446
2025-05-14T16:00:00,100.043
2025-05-14T17:00:00,98.62
2025-05-14T18:00:00,97.082
2025-05-14T19:00:00,95.483
2025-05-14T20:00:00,94.006
2025-05-14T21:00:00,92.922
2025-05-14T22:00:00,92.537
2025-05-14T23:00:00,93.138
2025-05-15T00:00:00,94.94
2025-05-15T01:00:00,98.027
2025-05-15T02:00:00,102.305
2025-05-15T03:00:00,107.458
2025-05-15T04:00:00,112.956
2025-05-15T05:00:00,118.111
2025-05-15T06:00:00,122.193
2025-05-15T07:00:00,124.575
2025-05-15T08:00:00,124.888
2025-05-15T09:00:00,123.104
2025-05-15T10:00:00,119.559
2025-05-15T11:00:00,114.861
2025-05-15T12:00:00,109.748
2025-05-15T13:00:00,104.914
2025-05-15T14:00:00,100.873
2025-05-15T15:00:00,97.886
2025-05-15T16:00:00,95.968
2025-05-15T17:00:00,94.953
2025-05-15T18:00:00,94.592
2025-05-15T19:00:00,94.642
2025-05-15T20:00:00,94.921
2025-05-15T21:00:00,95.343
2025-05-15T22:00:00,95.912
2025-05-15T23:00:00,96.715
2025-05-16T00:00:00,97.901
2025-05-16T01:00:00,99.647
2025-05-16T02:00:00,102.11
2025-05-16T03:00:00,105.362
2025-05-16T04:00:00,109.321
2025-05-16T05:00:00,113.701
2025-05-16T06:00:00,118.017
2025-05-16T07:00:00,121.645
2025-05-16T08:00:00,123.949
2025-05-16T09:00:00,124.433
2025-05-16T10:00:00,122.877
2025-05-16T11:00:00,119.406
2025-05-16T12:00:00,114.477
2025-05-16T13:00:00,108.774
2025-05-16T14:00:00,103.063
2025-05-16T15:00:00,98.028
2025-05-16T16:00:00,94.163
2025-05-16T17:00:00,91.715
2025-05-16T18:00:00,90.701
2025-05-16T19:00:00,90.958
2025-05-16T20:00:00,92.216
2025-05-16T21:00:00,94.163
2025-05-16T22:00:00,96.49
2025-05-16T23:00:00,98.93
2025-05-17T00:00:00,101.29
2025-05-17T01:00:00,103.474
2025-05-17T02:00:00,105.498
2025-05-17T03:00:00,107.477
2025-05-17T04:00:00,109.574
2025-05-17T05:00:00,111.918
2025-05-17T06:00:00,114.518
2025-05-17T07:00:00,117.199
2025-05-17T08:00:00,119.595
2025-05-17T09:00:00,121.219
2025-05-17T10:00:00,121.58
2025-05-17T11:00:00,120.329
2025-05-17T12:00:00,117.378
2025-05-17T13:00:00,112.945
2025-05-17T14:00:00,107.526
2025-05-17T15:00:00,101.789
2025-05-17T16:00:00,96.444
2025-05-17T17:00:00,92.11
2025-05-17T18:00:00,89.223
2025-05-17T19:00:00,88.005
2025-05-17T20:00:00,88.46
2025-05-17T21:00:00,90.41
2025-05-17T22:00:00,93.534
2025-05-17T23:00:00,97.411
2025-05-18T00:00:00,101.571
2025-05-18T01:00:00,105.554
2025-05-18T02:00:00,108.982
2025-05-18T03:00:00,111.626
2025-05-18T04:00:00,113.442
2025-05-18T05:00:00,114.572
2025-05-18T06:00:00,115.269
2025-05-18T07:00:00,115.803
2025-05-18T08:00:00,116.339
2025-05-18T09:00:00,116.862
2025-05-18T10:00:00,117.165
2025-05-18T11:00:00,116.908
2025-05-18T12:00:00,115.736
2025-05-18T13:00:00,113.414
2025-05-18T14:00:00,109.918
2025-05-18T15:00:00,105.482
2025-05-18T16:00:00,100.555
2025-05-18T17:00:00,95.718
2025-05-18T18:00:00,91.57
2025-05-18T19:00:00,88.632
2025-05-18T20:00:00,87.276
2025-05-18T21:00:00,87.684
2025-05-18T22:00:00,89.836
2025-05-18T23:00:00,93.512
2025-05-19T00:00:00,98.309
2025-05-19T01:00:00,103.675
2025-05-19T02:00:00,108.976
2025-05-19T03:00:00,113.595
2025-05-19T04:00:00,117.038
2025-05-19T05:00:00,119.036
2025-05-19T06:00:00,119.594
2025-05-19T07:00:00,118.971
2025-05-19T08:00:00,117.589
2025-05-19T09:00:00,115.899
2025-05-19T10:00:00,114.242
2025-05-19T11:00:00,112.758
2025-05-19T12:00:00,111.375
2025-05-19T13:00:00,109.867
2025-05-19T14:00:00,107.969
2025-05-19T15:00:00,105.494
2025-05-19T16:00:00,102.42
2025-05-19T17:00:00,98.921
2025-05-19T18:00:00,95.339
2025-05-19T19:00:00,92.119
2025-05-19T20:00:00,89.723
2025-05-19T21:00:00,88.561
2025-05-19T22:00:00,88.931
2025-05-19T23:00:00,90.965
2025-05-20T00:00:00,94.605
2025-05-20T01:00:00,99.572
2025-05-20T02:00:00,105.371
2025-05-20T03:00:00,111.339
2025-05-20T04:00:00,116.735
2025-05-20T05:00:00,120.867
2025-05-20T06:00:00,123.238
2025-05-20T07:00:00,123.651
2025-05-20T08:00:00,122.251
2025-05-20T09:00:00,119.475
2025-05-20T10:00:00,115.927
2025-05-20T11:00:00,112.223
2025-05-20T12:00:00,108.836
2025-05-20T13:00:00,106.009
2025-05-20T14:00:00,103.75
2025-05-20T15:00:00,101.894
2025-05-20T16:00:00,100.212
2025-05-20T17:00:00,98.511
2025-05-20T18:00:00,96.717
2025-05-20T19:00:00,94.895
2025-05-20T20:00:00,93.238
2025-05-20T21:00:00,92.025
2025-05-20T22:00:00,91.565
2025-05-20T23:00:00,92.151
2025-05-21T00:00:00,93.999
2025-05-21T01:00:00,97.198
2025-05-21T02:00:00,101.647
2025-05-21T03:00:00,107.026
2025-05-21T04:00:00,112.793
2025-05-21T05:00:00,118.242
2025-05-21T06:00:00,122.619
2025-05-21T07:00:00,125.276
2025-05-21T08:00:00,125.817
2025-05-21T09:00:00,124.197
2025-05-21T10:00:00,120.736
2025-05-21T11:00:00,116.039
2025-05-21T12:00:00,110.844
2025-05-21T13:00:00,105.856
2025-05-21T14:00:00,101.604
2025-05-21T15:00:00,98.367
2025-05-21T16:00:00,96.18
2025-05-21T17:00:00,94.896
2025-05-21T18:00:00,94.282
2025-05-21T19:00:00,94.106
2025-05-21T20:00:00,94.198
2025-05-21T21:00:00,94.476
2025-05-21T22:00:00,94.953
2025-05-21T23:00:00,95.722
2025-05-22T00:00:00,96.935
2025-05-22T01:00:00,98.775
2025-05-22T02:00:00,101.398
2025-05-22T03:00:00,104.87
2025-05-22T04:00:00,109.099
2025-05-22T05:00:00,113.781
2025-05-22T06:00:00,118.404
2025-05-22T07:00:00,122.32
2025-05-22T08:00:00,124.866
2025-05-22T09:00:00,125.525
2025-05-22T10:00:00,124.061
2025-05-22T11:00:00,120.595
2025-05-22T12:00:00,115.586
2025-05-22T13:00:00,109.731
2025-05-22T14:00:00,103.81
2025-05-22T15:00:00,98.529
2025-05-22T16:00:00,94.401
2025-05-22T17:00:00,91.691
2025-05-22T18:00:00,90.429
2025-05-22T19:00:00,90.464
2025-05-22T20:00:00,91.534
2025-05-22T21:00:00,93.333
2025-05-22T22:00:00,95.558
2025-05-22T23:00:00,97.95
2025-05-23T00:00:00,100.319
2025-05-23T01:00:00,102.576
2025-05-23T02:00:00,104.741
2025-05-23T03:00:00,106.925
2025-05-23T04:00:00,109.283
2025-05-23T05:00:00,111.926
2025-05-23T06:00:00,114.841
2025-05-23T07:00:00,117.825
2025-05-23T08:00:00,120.483
2025-05-23T09:00:00,122.302
2025-05-23T10:00:00,122.774
2025-05-23T11:00:00,121.543
2025-05-23T12:00:00,118.52
2025-05-23T13:00:00,113.938
2025-05-23T14:00:00,108.308
2025-05-23T15:00:00,102.322
2025-05-23T16:00:00,96.71
2025-05-23T17:00:00,92.11
2025-05-23T18:00:00,88.975
2025-05-23T19:00:00,87.536
2025-05-23T20:00:00,87.803
2025-05-23T21:00:00,89.605
2025-05-23T22:00:00,92.625
2025-05-23T23:00:00,96.447
2025-05-24T00:00:00,100.607
2025-05-24T01:00:00,104.651
2025-05-24T02:00:00,108.203
2025-05-24T03:00:00,111.034
2025-05-24T04:00:00,113.095
2025-05-24T05:00:00,114.513
2025-05-24T06:00:00,115.521
2025-05-24T07:00:00,116.362
2025-05-24T08:00:00,117.172
2025-05-24T09:00:00,117.911
2025-05-24T10:00:00,118.349
2025-05-24T11:00:00,118.134
2025-05-24T12:00:00,116.911
2025-05-24T13:00:00,114.452
2025-05-24T14:00:00,110.752
2025-05-24T15:00:00,106.066
2025-05-24T16:00:00,100.866
2025-05-24T17:00:00,95.755
2025-05-24T18:00:00,91.349
2025-05-24T19:00:00,88.181
2025-05-24T20:00:00,86.632
2025-05-24T21:00:00,86.888
2025-05-24T22:00:00,88.934
2025-05-24T23:00:00,92.554
2025-05-25T00:00:00,97.348
2025-05-25T01:00:00,102.769
2025-05-25T02:00:00,108.186
2025-05-25T03:00:00,112.982
2025-05-25T04:00:00,116.656
2025-05-25T05:00:00,118.929
2025-05-25T06:00:00,119.787
2025-05-25T07:00:00,119.466
2025-05-25T08:00:00,118.361
2025-05-25T09:00:00,116.897
2025-05-25T10:00:00,115.391
2025-05-25T11:00:00,113.973
2025-05-25T12:00:00,112.562
2025-05-25T13:00:00,110.94
2025-05-25T14:00:00,108.854
2025-05-25T15:00:00,106.137
2025-05-25T16:00:00,102.792
2025-05-25T17:00:00,99.013
2025-05-25T18:00:00,95.163
2025-05-25T19:00:00,91.7
2025-05-25T20:00:00,89.097
2025-05-25T21:00:00,87.772
2025-05-25T22:00:00,88.025
2025-05-25T23:00:00,89.996
2025-05-26T00:00:00,93.629
2025-05-26T01:00:00,98.649
2025-05-26T02:00:00,104.563
2025-05-26T03:00:00,110.706
2025-05-26T04:00:00,116.329
2025-05-26T05:00:00,120.731
2025-05-26T06:00:00,123.395
2025-05-26T07:00:00,124.103
2025-05-26T08:00:00,122.975
2025-05-26T09:00:00,120.425
2025-05-26T10:00:00,117.036
2025-05-26T11:00:00,113.41
2025-05-26T12:00:00,110.012
2025-05-26T13:00:00,107.092
2025-05-26T14:00:00,104.665
2025-05-26T15:00:00,102.586
2025-05-26T16:00:00,100.643
2025-05-26T17:00:00,98.667
2025-05-26T18:00:00,96.601
2025-05-26T19:00:00,94.527
2025-05-26T20:00:00,92.65
2025-05-26T21:00:00,91.256
2025-05-26T22:00:00,90.663
2025-05-26T23:00:00,91.17
2025-05-27T00:00:00,92.999
2025-05-27T01:00:00,96.242
2025-05-27T02:00:00,100.802
2025-05-27T03:00:00,106.356
2025-05-27T04:00:00,112.353
2025-05-27T05:00:00,118.075
2025-05-27T06:00:00,122.748
2025-05-27T07:00:00,125.701
2025-05-27T08:00:00,126.514
2025-05-27T09:00:00,125.12
2025-05-27T10:00:00,121.819
2025-05-27T11:00:00,117.203
2025-05-27T12:00:00,112.006
2025-05-27T13:00:00,106.935
2025-05-27T14:00:00,102.529
2025-05-27T15:00:00,99.084
2025-05-27T16:00:00,96.652
2025-05-27T17:00:00,95.104
2025-05-27T18:00:00,94.225
2025-05-27T19:00:00,93.797
2025-05-27T20:00:00,93.661
2025-05-27T21:00:00,93.747
2025-05-27T22:00:00,94.074
2025-05-27T23:00:00,94.745
2025-05-28T00:00:00,95.92
2025-05-28T01:00:00,97.786
2025-05-28T02:00:00,100.506
2025-05-28T03:00:00,104.145
2025-05-28T04:00:00,108.603
2025-05-28T05:00:00,113.562
2025-05-28T06:00:00,118.49
2025-05-28T07:00:00,122.713
2025-05-28T08:00:00,125.543
2025-05-28T09:00:00,126.436
2025-05-28T10:00:00,125.138
2025-05-28T11:00:00,121.757
2025-05-28T12:00:00,116.748
2025-05-28T13:00:00,110.813
2025-05-28T14:00:00,104.744
2025-05-28T15:00:00,99.261
2025-05-28T16:00:00,94.896
2025-05-28T17:00:00,91.931
2025-05-28T18:00:00,90.412
2025-05-28T19:00:00,90.201
2025-05-28T20:00:00,91.046
2025-05-28T21:00:00,92.649
2025-05-28T22:00:00,94.717
2025-05-28T23:00:00,96.996
2025-05-29T00:00:00,99.309
2025-05-29T01:00:00,101.573
2025-05-29T02:00:00,103.814
2025-05-29T03:00:00,106.148
2025-05-29T04:00:00,108.722
2025-05-29T05:00:00,111.639
2025-05-29T06:00:00,114.862
2025-05-29T07:00:00,118.164
2025-05-29T08:00:00,121.122
2025-05-29T09:00:00,123.193
2025-05-29T10:00:00,123.848
2025-05-29T11:00:00,122.715
2025-05-29T12:00:00,119.702
2025-05-29T13:00:00,115.043
2025-05-29T14:00:00,109.265
2025-05-29T15:00:00,103.077
2025-05-29T16:00:00,97.228
2025-05-29T17:00:00,92.374
2025-05-29T18:00:00,88.984
2025-05-29T19:00:00,87.301
2025-05-29T20:00:00,87.347
2025-05-29T21:00:00,88.955
2025-05-29T22:00:00,91.817
2025-05-29T23:00:00,95.523
2025-05-30T00:00:00,99.616
2025-05-30T01:00:00,103.652
2025-05-30T02:00:00,107.263
2025-05-30T03:00:00,110.223
2025-05-30T04:00:00,112.483
2025-05-30T05:00:00,114.159
2025-05-30T06:00:00,115.468
2025-05-30T07:00:00,116.629
2025-05-30T08:00:00,117.75
2025-05-30T09:00:00,118.759
2025-05-30T10:00:00,119.401
2025-05-30T11:00:00,119.307
2025-05-30T12:00:00,118.112
2025-05-30T13:00:00,115.591
2025-05-30T14:00:00,111.751
2025-05-30T15:00:00,106.864
2025-05-30T16:00:00,101.424
2025-05-30T17:00:00,96.052
2025-05-30T18:00:00,91.385
2025-05-30T19:00:00,87.969
2025-05-30T20:00:00,86.194
2025-05-30T21:00:00,86.255
2025-05-30T22:00:00,88.142
2025-05-30T23:00:00,91.645
2025-05-31T00:00:00,118.273
2025-05-31T01:00:00,124.91
2025-05-31T02:00:00,131.62
2025-05-31T03:00:00,137.648
2025-05-31T04:00:00,142.382
2025-05-31T05:00:00,145.468
2025-05-31T06:00:00,146.874
2025-05-31T07:00:00,146.861
2025-05-31T08:00:00,145.884
2025-05-31T09:00:00,144.427
2025-05-31T10:00:00,142.851
2025-05-31T11:00:00,141.284
2025-05-31T12:00:00,139.618
2025-05-31T13:00:00,137.579
2025-05-31T14:00:00,134.869
2025-05-31T15:00:00,131.303
2025-05-31T16:00:00,126.906
2025-05-31T17:00:00,121.947
2025-05-31T18:00:00,116.892
2025-05-31T19:00:00,112.324
2025-05-31T20:00:00,108.839
2025-05-31T21:00:00,106.96
2025-05-31T22:00:00,107.065
2025-05-31T23:00:00,109.334
2025-06-01T00:00:00,113.704
2025-06-01T01:00:00,119.846
2025-06-01T02:00:00,127.163
2025-06-01T03:00:00,134.84
2025-06-01T04:00:00,141.959
2025-06-01T05:00:00,147.647
2025-06-01T06:00:00,151.256
2025-06-01T07:00:00,152.495
2025-06-01T08:00:00,151.48
2025-06-01T09:00:00,148.687
2025-06-01T10:00:00,144.804
2025-06-01T11:00:00,140.542
2025-06-01T12:00:00,136.46
2025-06-01T13:00:00,132.854
2025-06-01T14:00:00,129.754
2025-06-01T15:00:00,126.993
2025-06-01T16:00:00,124.335
2025-06-01T17:00:00,121.596
2025-06-01T18:00:00,118.731
2025-06-01T19:00:00,115.86
2025-06-01T20:00:00,113.251
2025-06-01T21:00:00,111.27
2025-06-01T22:00:00,110.319
2025-06-01T23:00:00,110.772
2025-06-02T00:00:00,112.914
2025-06-02T01:00:00,116.865
2025-06-02T02:00:00,122.514
2025-06-02T03:00:00,129.466
2025-06-02T04:00:00,137.043
2025-06-02T05:00:00,144.353
2025-06-02T06:00:00,150.428
2025-06-02T07:00:00,154.419
2025-06-02T08:00:00,155.783
2025-06-02T09:00:00,154.405
2025-06-02T10:00:00,150.628
2025-06-02T11:00:00,145.154
2025-06-02T12:00:00,138.871
2025-06-02T13:00:00,132.641
2025-06-02T14:00:00,127.131
2025-06-02T15:00:00,122.716
2025-06-02T16:00:00,119.479
2025-06-02T17:00:00,117.283
2025-06-02T18:00:00,115.885
2025-06-02T19:00:00,115.038
2025-06-02T20:00:00,114.562
2025-06-02T21:00:00,114.386
2025-06-02T22:00:00,114.545
2025-06-02T23:00:00,115.178
2025-06-03T00:00:00,116.493
2025-06-03T01:00:00,118.734
2025-06-03T02:00:00,122.107
2025-06-03T03:00:00,126.698
2025-06-03T04:00:00,132.381
2025-06-03T05:00:00,138.756
2025-06-03T06:00:00,145.151
2025-06-03T07:00:00,150.71
2025-06-03T08:00:00,154.557
2025-06-03T09:00:00,155.995
2025-06-03T10:00:00,154.681
2025-06-03T11:00:00,150.725
2025-06-03T12:00:00,144.676
2025-06-03T13:00:00,137.389
2025-06-03T14:00:00,129.844
2025-06-03T15:00:00,122.94
2025-06-03T16:00:00,117.344
2025-06-03T17:00:00,113.424
2025-06-03T18:00:00,111.255
2025-06-03T19:00:00,110.684
2025-06-03T20:00:00,111.418
2025-06-03T21:00:00,113.103
2025-06-03T22:00:00,115.39
2025-06-03T23:00:00,117.982
2025-06-04T00:00:00,120.673
2025-06-04T01:00:00,123.377
2025-06-04T02:00:00,126.137
2025-06-04T03:00:00,129.102
2025-06-04T04:00:00,132.457
2025-06-04T05:00:00,136.317
2025-06-04T06:00:00,140.621
2025-06-04T07:00:00,145.058
2025-06-04T08:00:00,149.078
2025-06-04T09:00:00,151.98
2025-06-04T10:00:00,153.08
2025-06-04T11:00:00,151.898
2025-06-04T12:00:00,148.308
2025-06-04T13:00:00,142.594
2025-06-04T14:00:00,135.409
2025-06-04T15:00:00,127.64
2025-06-04T16:00:00,120.225
2025-06-04T17:00:00,113.99
2025-06-04T18:00:00,109.531
2025-06-04T19:00:00,107.162
2025-06-04T20:00:00,106.922
2025-06-04T21:00:00,108.619
2025-06-04T22:00:00,111.882
2025-06-04T23:00:00,116.221
2025-06-05T00:00:00,121.088
2025-06-05T01:00:00,125.949
2025-06-05T02:00:00,130.367
2025-06-05T03:00:00,134.076
2025-06-05T04:00:00,137.019
2025-06-05T05:00:00,139.335
2025-06-05T06:00:00,141.276
2025-06-05T07:00:00,143.084
2025-06-05T08:00:00,144.857
2025-06-05T09:00:00,146.473
2025-06-05T10:00:00,147.582
2025-06-05T11:00:00,147.701
2025-06-05T12:00:00,146.366
2025-06-05T13:00:00,143.292
2025-06-05T14:00:00,138.497
2025-06-05T15:00:00,132.328
2025-06-05T16:00:00,125.414
2025-06-05T17:00:00,118.541
2025-06-05T18:00:00,112.51
2025-06-05T19:00:00,108.012
2025-06-05T20:00:00,105.536
2025-06-05T21:00:00,105.334
2025-06-05T22:00:00,107.403
2025-06-05T23:00:00,111.493
2025-06-06T00:00:00,117.134
2025-06-06T01:00:00,123.673
2025-06-06T02:00:00,130.359
2025-06-06T03:00:00,136.446
2025-06-06T04:00:00,141.328
2025-06-06T05:00:00,144.65
2025-06-06T06:00:00,146.368
2025-06-06T07:00:00,146.724
2025-06-06T08:00:00,146.139
2025-06-06T09:00:00,145.066
2025-06-06T10:00:00,143.825
2025-06-06T11:00:00,142.518
2025-06-06T12:00:00,141.011
2025-06-06T13:00:00,139.021
2025-06-06T14:00:00,136.252
2025-06-06T15:00:00,132.531
2025-06-06T16:00:00,127.905
2025-06-06T17:00:00,122.665
2025-06-06T18:00:00,117.301
2025-06-06T19:00:00,112.417
2025-06-06T20:00:00,108.625
2025-06-06T21:00:00,106.46
2025-06-06T22:00:00,106.311
2025-06-06T23:00:00,108.366
2025-06-07T00:00:00,112.575
2025-06-07T01:00:00,118.616
2025-06-07T02:00:00,125.905
2025-06-07T03:00:00,133.636
2025-06-07T04:00:00,140.893
2025-06-07T05:00:00,146.803
2025-06-07T06:00:00,150.709
2025-06-07T07:00:00,152.299
2025-06-07T08:00:00,151.663
2025-06-07T09:00:00,149.246
2025-06-07T10:00:00,145.701
2025-06-07T11:00:00,141.711
2025-06-07T12:00:00,137.808
2025-06-07T13:00:00,134.277
2025-06-07T14:00:00,131.146
2025-06-07T15:00:00,128.257
2025-06-07T16:00:00,125.39
2025-06-07T17:00:00,122.382
2025-06-07T18:00:00,119.211
2025-06-07T19:00:00,116.02
2025-06-07T20:00:00,113.093
2025-06-07T21:00:00,110.811
2025-06-07T22:00:00,109.589
2025-06-07T23:00:00,109.814
2025-06-08T00:00:00,111.781
2025-06-08T01:00:00,115.622
2025-06-08T02:00:00,121.237
2025-06-08T03:00:00,128.239
2025-06-08T04:00:00,135.954
2025-06-08T05:00:00,143.483
2025-06-08T06:00:00,149.85
2025-06-08T07:00:00,154.187
2025-06-08T08:00:00,155.921
2025-06-08T09:00:00,154.912
2025-06-08T10:00:00,151.468
2025-06-08T11:00:00,146.265
2025-06-08T12:00:00,140.168
2025-06-08T13:00:00,134.028
2025-06-08T14:00:00,128.508
2025-06-08T15:00:00,123.988
2025-06-08T16:00:00,120.565
2025-06-08T17:00:00,118.121
2025-06-08T18:00:00,116.433
2025-06-08T19:00:00,115.271
2025-06-08T20:00:00,114.476
2025-06-08T21:00:00,113.99
2025-06-08T22:00:00,113.864
2025-06-08T23:00:00,114.249
2025-06-09T00:00:00,115.368
2025-06-09T01:00:00,117.478
2025-06-09T02:00:00,120.8
2025-06-09T03:00:00,125.429
2025-06-09T04:00:00,131.243
2025-06-09T05:00:00,137.837
2025-06-09T06:00:00,144.528
2025-06-09T07:00:00,150.437
2025-06-09T08:00:00,154.66
2025-06-09T09:00:00,156.468
2025-06-09T10:00:00,155.488
2025-06-09T11:00:00,151.804
2025-06-09T12:00:00,145.942
2025-06-09T13:00:00,138.749
2025-06-09T14:00:00,131.202
2025-06-09T15:00:00,124.204
2025-06-09T16:00:00,118.439
2025-06-09T17:00:00,114.289
2025-06-09T18:00:00,111.847
2025-06-09T19:00:00,110.976
2025-06-09T20:00:00,111.399
2025-06-09T21:00:00,112.778
2025-06-09T22:00:00,114.774
2025-06-09T23:00:00,117.106
2025-06-10T00:00:00,119.581
2025-06-10T01:00:00,122.131
2025-06-10T02:00:00,124.815
2025-06-10T03:00:00,127.794
2025-06-10T04:00:00,131.261
2025-06-10T05:00:00,135.329
2025-06-10T06:00:00,139.925
2025-06-10T07:00:00,144.717
2025-06-10T08:00:00,149.125
2025-06-10T09:00:00,152.411
2025-06-10T10:00:00,153.86
2025-06-10T11:00:00,152.961
2025-06-10T12:00:00,149.566
2025-06-10T13:00:00,143.951
2025-06-10T14:00:00,136.767
2025-06-10T15:00:00,128.908
2025-06-10T16:00:00,121.328
2025-06-10T17:00:00,114.87
2025-06-10T18:00:00,110.147
2025-06-10T19:00:00,107.489
2025-06-10T20:00:00,106.95
2025-06-10T21:00:00,108.348
2025-06-10T22:00:00,111.325
2025-06-10T23:00:00,115.403
2025-06-11T00:00:00,120.045
2025-06-11T01:00:00,124.737
2025-06-11T02:00:00,129.056
2025-06-11T03:00:00,132.752
2025-06-11T04:00:00,135.78
2025-06-11T05:00:00,138.281
2025-06-11T06:00:00,140.498
2025-06-11T07:00:00,142.655
2025-06-11T08:00:00,144.82
2025-06-11T09:00:00,146.834
2025-06-11T10:00:00,148.312
2025-06-11T11:00:00,148.736
2025-06-11T12:00:00,147.618
2025-06-11T13:00:00,144.659
2025-06-11T14:00:00,139.875
2025-06-11T15:00:00,133.623
2025-06-11T16:00:00,126.545
2025-06-11T17:00:00,119.448
2025-06-11T18:00:00,113.153
2025-06-11T19:00:00,108.366
2025-06-11T20:00:00,105.593
2025-06-11T21:00:00,105.097
2025-06-11T22:00:00,106.884
2025-06-11T23:00:00,110.717
2025-06-12T00:00:00,116.134
2025-06-12T01:00:00,122.499
2025-06-12T02:00:00,129.075
2025-06-12T03:00:00,135.132
2025-06-12T04:00:00,140.076
2025-06-12T05:00:00,143.558
2025-06-12T06:00:00,145.527
2025-06-12T07:00:00,146.212
2025-06-12T08:00:00,146.009
2025-06-12T09:00:00,145.336
2025-06-12T10:00:00,144.476
2025-06-12T11:00:00,143.495
2025-06-12T12:00:00,142.232
2025-06-12T13:00:00,140.384
2025-06-12T14:00:00,137.65
2025-06-12T15:00:00,133.863
2025-06-12T16:00:00,129.083
2025-06-12T17:00:00,123.621
2025-06-12T18:00:00,117.991
2025-06-12T19:00:00,112.812
2025-06-12T20:00:00,108.716
2025-06-12T21:00:00,106.251
2025-06-12T22:00:00,105.816
2025-06-12T23:00:00,107.611
2025-06-13T00:00:00,111.596
2025-06-13T01:00:00,117.463
2025-06-13T02:00:00,124.639
2025-06-13T03:00:00,132.334
2025-06-13T04:00:00,139.642
2025-06-13T05:00:00,145.696
2025-06-13T06:00:00,149.834
2025-06-13T07:00:00,151.732
2025-06-13T08:00:00,151.46
2025-06-13T09:00:00,149.431
2025-06-13T10:00:00,146.266
2025-06-13T11:00:00,142.611
2025-06-13T12:00:00,138.97
2025-06-13T13:00:00,135.607
2025-06-13T14:00:00,132.54
2025-06-13T15:00:00,129.61
2025-06-13T16:00:00,126.611
2025-06-13T17:00:00,123.397
2025-06-13T18:00:00,119.965
2025-06-13T19:00:00,116.478
2025-06-13T20:00:00,113.24
2025-06-13T21:00:00,110.647
2025-06-13T22:00:00,109.126
2025-06-13T23:00:00,109.079
2025-06-14T00:00:00,110.811
2025-06-14T01:00:00,114.47
2025-06-14T02:00:00,119.967
2025-06-14T03:00:00,126.93
2025-06-14T04:00:00,134.693
2025-06-14T05:00:00,142.361
2025-06-14T06:00:00,148.953
2025-06-14T07:00:00,153.588
2025-06-14T08:00:00,155.674
2025-06-14T09:00:00,155.04
2025-06-14T10:00:00,151.966
2025-06-14T11:00:00,147.095
2025-06-14T12:00:00,141.265
2025-06-14T13:00:00,135.306
2025-06-14T14:00:00,129.87
2025-06-14T15:00:00,125.336
2025-06-14T16:00:00,121.806
2025-06-14T17:00:00,119.178
2025-06-14T18:00:00,117.246
2025-06-14T19:00:00,115.799
2025-06-14T20:00:00,114.695
2025-06-14T21:00:00,113.892
2025-06-14T22:00:00,113.456
2025-06-14T23:00:00,113.551
2025-06-15T00:00:00,114.418
2025-06-15T01:00:00,116.327
2025-06-15T02:00:00,119.515
2025-06-15T03:00:00,124.093
2025-06-15T04:00:00,129.948
2025-06-15T05:00:00,136.678
2025-06-15T06:00:00,143.593
2025-06-15T07:00:00,149.802
2025-06-15T08:00:00,154.377
2025-06-15T09:00:00,156.559
2025-06-15T10:00:00,155.947
2025-06-15T11:00:00,152.591
2025-06-15T12:00:00,146.995
2025-06-15T13:00:00,139.985
2025-06-15T14:00:00,132.529
2025-06-15T15:00:00,125.53
2025-06-15T16:00:00,119.676
2025-06-15T17:00:00,115.362
2025-06-15T18:00:00,112.697
2025-06-15T19:00:00,111.559
2025-06-15T20:00:00,111.686
2025-06-15T21:00:00,112.752
2025-06-15T22:00:00,114.437
2025-06-15T23:00:00,116.469
2025-06-16T00:00:00,118.675
2025-06-16T01:00:00,121.002
2025-06-16T02:00:00,123.528
2025-06-16T03:00:00,126.433
2025-06-16T04:00:00,129.921
2025-06-16T05:00:00,134.112
2025-06-16T06:00:00,138.927
2025-06-16T07:00:00,144.022
2025-06-16T08:00:00,148.788
2025-06-16T09:00:00,152.459
2025-06-16T10:00:00,154.284
2025-06-16T11:00:00,153.722
2025-06-16T12:00:00,150.598
2025-06-16T13:00:00,145.169
2025-06-16T14:00:00,138.079
2025-06-16T15:00:00,130.222
2025-06-16T16:00:00,122.559
2025-06-16T17:00:00,115.948
2025-06-16T18:00:00,111.014
2025-06-16T19:00:00,108.102
2025-06-16T20:00:00,107.281
2025-06-16T21:00:00,108.38
2025-06-16T22:00:00,111.053
2025-06-16T23:00:00,114.833
2025-06-17T00:00:00,119.2
2025-06-17T01:00:00,123.654
2025-06-17T02:00:00,127.795
2025-06-17T03:00:00,131.391
2025-06-17T04:00:00,134.412
2025-06-17T05:00:00,137.01
2025-06-17T06:00:00,139.429
2025-06-17T07:00:00,141.877
2025-06-17T08:00:00,144.401
2025-06-17T09:00:00,146.81
2025-06-17T10:00:00,148.68
2025-06-17T11:00:00,149.46
2025-06-17T12:00:00,148.63
2025-06-17T13:00:00,145.873
2025-06-17T14:00:00,141.193
2025-06-17T15:00:00,134.948
2025-06-17T16:00:00,127.791
2025-06-17T17:00:00,120.542
2025-06-17T18:00:00,114.037
2025-06-17T19:00:00,109.0
2025-06-17T20:00:00,105.951
2025-06-17T21:00:00,105.164
2025-06-17T22:00:00,106.655
2025-06-17T23:00:00,110.197
2025-06-18T00:00:00,115.341
2025-06-18T01:00:00,121.468
2025-06-18T02:00:00,127.855
2025-06-18T03:00:00,133.795
2025-06-18T04:00:00,138.709
2025-06-18T05:00:00,142.261
2025-06-18T06:00:00,144.405
2025-06-18T07:00:00,145.359
2025-06-18T08:00:00,145.501
2025-06-18T09:00:00,145.219
2025-06-18T10:00:00,144.76
2025-06-18T11:00:00,144.153
2025-06-18T12:00:00,143.201
2025-06-18T13:00:00,141.58
2025-06-18T14:00:00,138.973
2025-06-18T15:00:00,135.21
2025-06-18T16:00:00,130.361
2025-06-18T17:00:00,124.752
2025-06-18T18:00:00,118.913
2025-06-18T19:00:00,113.482
2025-06-18T20:00:00,109.106
2025-06-18T21:00:00,106.347
2025-06-18T22:00:00,105.615
2025-06-18T23:00:00,107.12
2025-06-19T00:00:00,110.835
2025-06-19T01:00:00,116.464
2025-06-19T02:00:00,123.452
2025-06-19T03:00:00,131.024
2025-06-19T04:00:00,138.292
2025-06-19T05:00:00,144.399
2025-06-19T06:00:00,148.688
2025-06-19T07:00:00,150.832
2025-06-19T08:00:00,150.883
2025-06-19T09:00:00,149.229
2025-06-19T10:00:00,146.459
2025-06-19T11:00:00,143.182
2025-06-19T12:00:00,139.869
2025-06-19T13:00:00,136.756
2025-06-19T14:00:00,133.842
2025-06-19T15:00:00,130.965
2025-06-19T16:00:00,127.92
2025-06-19T17:00:00,124.574
2025-06-19T18:00:00,120.942
2025-06-19T19:00:00,117.204
2025-06-19T20:00:00,113.682
2025-06-19T21:00:00,110.787
2025-06-19T22:00:00,108.96
2025-06-19T23:00:00,108.613
2025-06-20T00:00:00,110.068
2025-06-20T01:00:00,113.484
2025-06-20T02:00:00,118.79
2025-06-20T03:00:00,125.628
2025-06-20T04:00:00,133.347
2025-06-20T05:00:00,141.062
2025-06-20T06:00:00,147.797
2025-06-20T07:00:00,152.663
2025-06-20T08:00:00,155.056
2025-06-20T09:00:00,154.781
2025-06-20T10:00:00,152.089
2025-06-20T11:00:00,147.589
2025-06-20T12:00:00,142.088
2025-06-20T13:00:00,136.39
2025-06-20T14:00:00,131.127
2025-06-20T15:00:00,126.669
2025-06-20T16:00:00,123.12
2025-06-20T17:00:00,120.385
2025-06-20T18:00:00,118.273
2025-06-20T19:00:00,116.588
2025-06-20T20:00:00,115.206
2025-06-20T21:00:00,114.098
2025-06-20T22:00:00,113.347
2025-06-20T23:00:00,113.131
2025-06-21T00:00:00,113.703
2025-06-21T01:00:00,115.354
2025-06-21T02:00:00,118.336
2025-06-21T03:00:00,122.778
2025-06-21T04:00:00,128.582
2025-06-21T05:00:00,135.356
2025-06-21T06:00:00,142.412
2025-06-21T07:00:00,148.85
2025-06-21T08:00:00,153.729
2025-06-21T09:00:00,156.265
2025-06-21T10:00:00,156.026
2025-06-21T11:00:00,153.034
2025-06-21T12:00:00,147.762
2025-06-21T13:00:00,141.013
2025-06-21T14:00:00,133.736
2025-06-21T15:00:00,126.826
2025-06-21T16:00:00,120.971
2025-06-21T17:00:00,116.573
2025-06-21T18:00:00,113.75
2025-06-21T19:00:00,112.394
2025-06-21T20:00:00,112.259
2025-06-21T21:00:00,113.031
2025-06-21T22:00:00,114.401
2025-06-21T23:00:00,116.116
2025-06-22T00:00:00,118.014
2025-06-22T01:00:00,120.063
2025-06-22T02:00:00,122.361
2025-06-22T03:00:00,125.108
2025-06-22T04:00:00,128.526
2025-06-22T05:00:00,132.747
2025-06-22T06:00:00,137.695
2025-06-22T07:00:00,143.018
2025-06-22T08:00:00,148.091
2025-06-22T09:00:00,152.121
2025-06-22T10:00:00,154.326
2025-06-22T11:00:00,154.132
2025-06-22T12:00:00,151.334
2025-06-22T13:00:00,146.166
2025-06-22T14:00:00,139.256
2025-06-22T15:00:00,131.492
2025-06-22T16:00:00,123.835
2025-06-22T17:00:00,117.15
2025-06-22T18:00:00,112.073
2025-06-22T19:00:00,108.961
2025-06-22T20:00:00,107.894
2025-06-22T21:00:00,108.714
2025-06-22T22:00:00,111.084
2025-06-22T23:00:00,114.55
2025-06-23T00:00:00,118.607
2025-06-23T01:00:00,122.773
2025-06-23T02:00:00,126.667
2025-06-23T03:00:00,130.08
2025-06-23T04:00:00,133.005
2025-06-23T05:00:00,135.607
2025-06-23T06:00:00,138.138
2025-06-23T07:00:00,140.802
2025-06-23T08:00:00,143.63
2025-06-23T09:00:00,146.403
2025-06-23T10:00:00,148.664
2025-06-23T11:00:00,149.826
2025-06-23T12:00:00,149.337
2025-06-23T13:00:00,146.853
2025-06-23T14:00:00,142.362
2025-06-23T15:00:00,136.215
2025-06-23T16:00:00,129.067
2025-06-23T17:00:00,121.746
2025-06-23T18:00:00,115.103
2025-06-23T19:00:00,109.872
2025-06-23T20:00:00,106.586
2025-06-23T21:00:00,105.53
2025-06-23T22:00:00,106.73
2025-06-23T23:00:00,109.969
2025-06-24T00:00:00,114.81
2025-06-24T01:00:00,120.648
2025-06-24T02:00:00,126.782
2025-06-24T03:00:00,132.524
2025-06-24T04:00:00,137.318
2025-06-24T05:00:00,140.847
2025-06-24T06:00:00,143.074
2025-06-24T07:00:00,144.219
2025-06-24T08:00:00,144.648
2025-06-24T09:00:00,144.722
2025-06-24T10:00:00,144.659
2025-06-24T11:00:00,144.447
2025-06-24T12:00:00,143.856
2025-06-24T13:00:00,142.53
2025-06-24T14:00:00,140.132
2025-06-24T15:00:00,136.484
2025-06-24T16:00:00,131.656
2025-06-24T17:00:00,125.981
2025-06-24T18:00:00,120.004
2025-06-24T19:00:00,114.379
2025-06-24T20:00:00,109.766
2025-06-24T21:00:00,106.739
2025-06-24T22:00:00,105.719
2025-06-24T23:00:00,106.926
2025-06-25T00:00:00,110.343
2025-06-25T01:00:00,115.688
2025-06-25T02:00:00,122.424
2025-06-25T03:00:00,129.795
2025-06-25T04:00:00,136.932
2025-06-25T05:00:00,142.998
2025-06-25T06:00:00,147.347
2025-06-25T07:00:00,149.655
2025-06-25T08:00:00,149.967
2025-06-25T09:00:00,148.651
2025-06-25T10:00:00,146.266
2025-06-25T11:00:00,143.386
2025-06-25T12:00:00,140.445
2025-06-25T13:00:00,137.647
2025-06-25T14:00:00,134.968
2025-06-25T15:00:00,132.231
2025-06-25T16:00:00,129.229
2025-06-25T17:00:00,125.835
2025-06-25T18:00:00,122.076
2025-06-25T19:00:00,118.148
2025-06-25T20:00:00,114.388
2025-06-25T21:00:00,111.221
2025-06-25T22:00:00,109.1
2025-06-25T23:00:00,108.449
2025-06-26T00:00:00,109.601
2025-06-26T01:00:00,112.732
2025-06-26T02:00:00,117.784
2025-06-26T03:00:00,124.421
2025-06-26T04:00:00,132.007
2025-06-26T05:00:00,139.676
2025-06-26T06:00:00,146.46
2025-06-26T07:00:00,151.475
2025-06-26T08:00:00,154.109
2025-06-26T09:00:00,154.151
2025-06-26T10:00:00,151.825
2025-06-26T11:00:00,147.711
2025-06-26T12:00:00,142.58
2025-06-26T13:00:00,137.205
2025-06-26T14:00:00,132.194
2025-06-26T15:00:00,127.9
2025-06-26T16:00:00,124.42
2025-06-26T17:00:00,121.663
2025-06-26T18:00:00,119.445
2025-06-26T19:00:00,117.586
2025-06-26T20:00:00,115.973
2025-06-26T21:00:00,114.595
2025-06-26T22:00:00,113.544
2025-06-26T23:00:00,113.013
2025-06-27T00:00:00,113.271
2025-06-27T01:00:00,114.623
2025-06-27T02:00:00,117.342
2025-06-27T03:00:00,121.573
2025-06-27T04:00:00,127.239
2025-06-27T05:00:00,133.962
2025-06-27T06:00:00,141.064
2025-06-27T07:00:00,147.647
2025-06-27T08:00:00,152.76
2025-06-27T09:00:00,155.603
2025-06-27T10:00:00,155.719
2025-06-27T11:00:00,153.102
2025-06-27T12:00:00,148.19
2025-06-27T13:00:00,141.761
2025-06-27T14:00:00,134.74
2025-06-27T15:00:00,128.006
2025-06-27T16:00:00,122.239
2025-06-27T17:00:00,117.841
2025-06-27T18:00:00,114.937
2025-06-27T19:00:00,113.429
2025-06-27T20:00:00,113.082
2025-06-27T21:00:00,113.594
2025-06-27T22:00:00,114.67
2025-06-27T23:00:00,116.067
2025-06-28T00:00:00,117.641
2025-06-28T01:00:00,119.376
2025-06-28T02:00:00,121.39
2025-06-28T03:00:00,123.907
2025-06-28T04:00:00,127.169
2025-06-28T05:00:00,131.325
2025-06-28T06:00:00,136.312
2025-06-28T07:00:00,141.777
2025-06-28T08:00:00,147.084
2025-06-28T09:00:00,151.423
2025-06-28T10:00:00,153.984
2025-06-28T11:00:00,154.163
2025-06-28T12:00:00,151.724
2025-06-28T13:00:00,146.874
2025-06-28T14:00:00,140.218
2025-06-28T15:00:00,132.631
2025-06-28T16:00:00,125.069
2025-06-28T17:00:00,118.395
2025-06-28T18:00:00,113.253
2025-06-28T19:00:00,110.008
2025-06-28T20:00:00,108.749
2025-06-28T21:00:00,109.328
2025-06-28T22:00:00,111.418
2025-06-28T23:00:00,114.576
2025-06-29T00:00:00,118.309
2025-06-29T01:00:00,122.152
2025-06-29T02:00:00,125.747
2025-06-29T03:00:00,128.907
2025-06-29T04:00:00,131.65
2025-06-29T05:00:00,134.163
2025-06-29T06:00:00,136.711
2025-06-29T07:00:00,139.502
2025-06-29T08:00:00,142.558
2025-06-29T09:00:00,145.641
2025-06-29T10:00:00,148.266
2025-06-29T11:00:00,149.812
2025-06-29T12:00:00,149.693
2025-06-29T13:00:00,147.535
2025-06-29T14:00:00,143.303
2025-06-29T15:00:00,137.337
2025-06-29T16:00:00,130.286
2025-06-29T17:00:00,122.98
2025-06-29T18:00:00,116.277
2025-06-29T19:00:00,110.922
2025-06-29T20:00:00,107.456
2025-06-29T21:00:00,106.172
2025-06-29T22:00:00,107.107
2025-06-29T23:00:00,110.051
2025-06-30T00:00:00,123.065
2025-06-30T01:00:00,128.993
2025-06-30T02:00:00,135.255
2025-06-30T03:00:00,141.137
2025-06-30T04:00:00,146.069
2025-06-30T05:00:00,149.733
2025-06-30T06:00:00,152.113
2025-06-30T07:00:00,153.45
2025-06-30T08:00:00,154.134
2025-06-30T09:00:00,154.536
2025-06-30T10:00:00,154.859
2025-06-30T11:00:00,155.054
2025-06-30T12:00:00,154.833
2025-06-30T13:00:00,153.779
2025-06-30T14:00:00,151.502
2025-06-30T15:00:00,147.793
2025-06-30T16:00:00,142.722
2025-06-30T17:00:00,136.65
2025-06-30T18:00:00,130.169
2025-06-30T19:00:00,123.995
2025-06-30T20:00:00,118.849
2025-06-30T21:00:00,115.357
2025-06-30T22:00:00,113.983
2025-06-30T23:00:00,114.971
2025-07-01T00:00:00,118.313
2025-07-01T01:00:00,123.722
2025-07-01T02:00:00,130.635
2025-07-01T03:00:00,138.266
2025-07-01T04:00:00,145.704
2025-07-01T05:00:00,152.075
2025-07-01T06:00:00,156.708
2025-07-01T07:00:00,159.265
2025-07-01T08:00:00,159.794
2025-07-01T09:00:00,158.678
2025-07-01T10:00:00,156.491
2025-07-01T11:00:00,153.815
2025-07-01T12:00:00,151.079
2025-07-01T13:00:00,148.462
2025-07-01T14:00:00,145.907
2025-07-01T15:00:00,143.203
2025-07-01T16:00:00,140.117
2025-07-01T17:00:00,136.513
2025-07-01T18:00:00,132.427
2025-07-01T19:00:00,128.081
2025-07-01T20:00:00,123.852
2025-07-01T21:00:00,120.208
2025-07-01T22:00:00,117.648
2025-07-01T23:00:00,116.638
2025-07-02T00:00:00,117.548
2025-07-02T01:00:00,120.578
2025-07-02T02:00:00,125.687
2025-07-02T03:00:00,132.531
2025-07-02T04:00:00,140.452
2025-07-02T05:00:00,148.54
2025-07-02T06:00:00,155.776
2025-07-02T07:00:00,161.221
2025-07-02T08:00:00,164.22
2025-07-02T09:00:00,164.537
2025-07-02T10:00:00,162.39
2025-07-02T11:00:00,158.373
2025-07-02T12:00:00,153.277
2025-07-02T13:00:00,147.897
2025-07-02T14:00:00,142.852
2025-07-02T15:00:00,138.499
2025-07-02T16:00:00,134.927
2025-07-02T17:00:00,132.035
2025-07-02T18:00:00,129.628
2025-07-02T19:00:00,127.522
2025-07-02T20:00:00,125.61
2025-07-02T21:00:00,123.891
2025-07-02T22:00:00,122.479
2025-07-02T23:00:00,121.591
2025-07-03T00:00:00,121.531
2025-07-03T01:00:00,122.641
2025-07-03T02:00:00,125.234
2025-07-03T03:00:00,129.488
2025-07-03T04:00:00,135.342
2025-07-03T05:00:00,142.412
2025-07-03T06:00:00,149.986
2025-07-03T07:00:00,157.11
2025-07-03T08:00:00,162.762
2025-07-03T09:00:00,166.073
2025-07-03T10:00:00,166.533
2025-07-03T11:00:00,164.105
2025-07-03T12:00:00,159.232
2025-07-03T13:00:00,152.711
2025-07-03T14:00:00,145.509
2025-07-03T15:00:00,138.545
2025-07-03T16:00:00,132.535
2025-07-03T17:00:00,127.904
2025-07-03T18:00:00,124.786
2025-07-03T19:00:00,123.085
2025-07-03T20:00:00,122.553
2025-07-03T21:00:00,122.882
2025-07-03T22:00:00,123.761
2025-07-03T23:00:00,124.945
2025-07-04T00:00:00,126.29
2025-07-04T01:00:00,127.798
2025-07-04T02:00:00,129.618
2025-07-04T03:00:00,132.012
2025-07-04T04:00:00,135.267
2025-07-04T05:00:00,139.567
2025-07-04T06:00:00,144.861
2025-07-04T07:00:00,150.779
2025-07-04T08:00:00,156.638
2025-07-04T09:00:00,161.555
2025-07-04T10:00:00,164.637
2025-07-04T11:00:00,165.209
2025-07-04T12:00:00,162.983
2025-07-04T13:00:00,158.151
2025-07-04T14:00:00,151.336
2025-07-04T15:00:00,143.456
2025-07-04T16:00:00,135.523
2025-07-04T17:00:00,128.459
2025-07-04T18:00:00,122.956
2025-07-04T19:00:00,119.41
2025-07-04T20:00:00,117.923
2025-07-04T21:00:00,118.345
2025-07-04T22:00:00,120.333
2025-07-04T23:00:00,123.42
2025-07-05T00:00:00,127.089
2025-07-05T01:00:00,130.857
2025-07-05T02:00:00,134.361
2025-07-05T03:00:00,137.426
2025-07-05T04:00:00,140.099
2025-07-05T05:00:00,142.608
2025-07-05T06:00:00,145.259
2025-07-05T07:00:00,148.289
2025-07-05T08:00:00,151.722
2025-07-05T09:00:00,155.288
2025-07-05T10:00:00,158.443
2025-07-05T11:00:00,160.489
2025-07-05T12:00:00,160.762
2025-07-05T13:00:00,158.827
2025-07-05T14:00:00,154.618
2025-07-05T15:00:00,148.479
2025-07-05T16:00:00,141.096
2025-07-05T17:00:00,133.357
2025-07-05T18:00:00,126.183
2025-07-05T19:00:00,120.38
2025-07-05T20:00:00,116.538
2025-07-05T21:00:00,114.977
2025-07-05T22:00:00,115.743
2025-07-05T23:00:00,118.618
2025-07-06T00:00:00,123.155
2025-07-06T01:00:00,128.731
2025-07-06T02:00:00,134.635
2025-07-06T03:00:00,140.176
2025-07-06T04:00:00,144.814
2025-07-06T05:00:00,148.261
2025-07-06T06:00:00,150.525
2025-07-06T07:00:00,151.865
2025-07-06T08:00:00,152.675
2025-07-06T09:00:00,153.318
2025-07-06T10:00:00,153.973
2025-07-06T11:00:00,154.558
2025-07-06T12:00:00,154.751
2025-07-06T13:00:00,154.095
2025-07-06T14:00:00,152.17
2025-07-06T15:00:00,148.744
2025-07-06T16:00:00,143.872
2025-07-06T17:00:00,137.913
2025-07-06T18:00:00,131.461
2025-07-06T19:00:00,125.239
2025-07-06T20:00:00,119.977
2025-07-06T21:00:00,116.31
2025-07-06T22:00:00,114.707
2025-07-06T23:00:00,115.421
2025-07-07T00:00:00,118.45
2025-07-07T01:00:00,123.519
2025-07-07T02:00:00,130.083
2025-07-07T03:00:00,137.376
2025-07-07T04:00:00,144.514
2025-07-07T05:00:00,150.652
2025-07-07T06:00:00,155.144
2025-07-07T07:00:00,157.672
2025-07-07T08:00:00,158.296
2025-07-07T09:00:00,157.392
2025-07-07T10:00:00,155.518
2025-07-07T11:00:00,153.226
2025-07-07T12:00:00,150.906
2025-07-07T13:00:00,148.702
2025-07-07T14:00:00,146.519
2025-07-07T15:00:00,144.12
2025-07-07T16:00:00,141.255
2025-07-07T17:00:00,137.781
2025-07-07T18:00:00,133.736
2025-07-07T19:00:00,129.35
2025-07-07T20:00:00,125.007
2025-07-07T21:00:00,121.188
2025-07-07T22:00:00,118.4
2025-07-07T23:00:00,117.116
2025-07-08T00:00:00,117.716
2025-07-08T01:00:00,120.413
2025-07-08T02:00:00,125.179
2025-07-08T03:00:00,131.69
2025-07-08T04:00:00,139.314
2025-07-08T05:00:00,147.165
2025-07-08T06:00:00,154.249
2025-07-08T07:00:00,159.648
2025-07-08T08:00:00,162.716
2025-07-08T09:00:00,163.216
2025-07-08T10:00:00,161.355
2025-07-08T11:00:00,157.7
2025-07-08T12:00:00,153.01
2025-07-08T13:00:00,148.042
2025-07-08T14:00:00,143.381
2025-07-08T15:00:00,139.353
2025-07-08T16:00:00,136.028
2025-07-08T17:00:00,133.291
2025-07-08T18:00:00,130.949
2025-07-08T19:00:00,128.821
2025-07-08T20:00:00,126.809
2025-07-08T21:00:00,124.921
2025-07-08T22:00:00,123.28
2025-07-08T23:00:00,122.115
2025-07-09T00:00:00,121.74
2025-07-09T01:00:00,122.51
2025-07-09T02:00:00,124.755
2025-07-09T03:00:00,128.675
2025-07-09T04:00:00,134.23
2025-07-09T05:00:00,141.063
2025-07-09T06:00:00,148.483
2025-07-09T07:00:00,155.554
2025-07-09T08:00:00,161.264
2025-07-09T09:00:00,164.742
2025-07-09T10:00:00,165.467
2025-07-09T11:00:00,163.38
2025-07-09T12:00:00,158.894
2025-07-09T13:00:00,152.774
2025-07-09T14:00:00,145.952
2025-07-09T15:00:00,139.32
2025-07-09T16:00:00,133.573
2025-07-09T17:00:00,129.121
2025-07-09T18:00:00,126.094
2025-07-09T19:00:00,124.397
2025-07-09T20:00:00,123.788
2025-07-09T21:00:00,123.965
2025-07-09T22:00:00,124.627
2025-07-09T23:00:00,125.537
2025-07-10T00:00:00,126.564
2025-07-10T01:00:00,127.723
2025-07-10T02:00:00,129.181
2025-07-10T03:00:00,131.226
2025-07-10T04:00:00,134.17
2025-07-10T05:00:00,138.222
2025-07-10T06:00:00,143.355
2025-07-10T07:00:00,149.215
2025-07-10T08:00:00,155.129
2025-07-10T09:00:00,160.209
2025-07-10T10:00:00,163.55
2025-07-10T11:00:00,164.452
2025-07-10T12:00:00,162.603
2025-07-10T13:00:00,158.159
2025-07-10T14:00:00,151.716
2025-07-10T15:00:00,144.164
2025-07-10T16:00:00,136.497
2025-07-10T17:00:00,129.623
2025-07-10T18:00:00,124.228
2025-07-10T19:00:00,120.708
2025-07-10T20:00:00,119.169
2025-07-10T21:00:00,119.464
2025-07-10T22:00:00,121.256
2025-07-10T23:00:00,124.084
2025-07-11T00:00:00,127.443
2025-07-11T01:00:00,130.861
2025-07-11T02:00:00,133.994
2025-07-11T03:00:00,136.693
2025-07-11T04:00:00,139.032
2025-07-11T05:00:00,141.27
2025-07-11T06:00:00,143.74
2025-07-11T07:00:00,146.697
2025-07-11T08:00:00,150.174
2025-07-11T09:00:00,153.9
2025-07-11T10:00:00,157.314
2025-07-11T11:00:00,159.694
2025-07-11T12:00:00,160.344
2025-07-11T13:00:00,158.798
2025-07-11T14:00:00,154.96
2025-07-11T15:00:00,149.147
2025-07-11T16:00:00,142.027
2025-07-11T17:00:00,134.479
2025-07-11T18:00:00,127.418
2025-07-11T19:00:00,121.653
2025-07-11T20:00:00,117.773
2025-07-11T21:00:00,116.105
2025-07-11T22:00:00,116.697
2025-07-11T23:00:00,119.335
2025-07-12T00:00:00,123.579
2025-07-12T01:00:00,128.817
2025-07-12T02:00:00,134.353
2025-07-12T03:00:00,139.521
2025-07-12T04:00:00,143.809
2025-07-12T05:00:00,146.96
2025-07-12T06:00:00,149.013
2025-07-12T07:00:00,150.251
2025-07-12T08:00:00,151.082
2025-07-12T09:00:00,151.868
2025-07-12T10:00:00,152.774
2025-07-12T11:00:00,153.695
2025-07-12T12:00:00,154.273
2025-07-12T13:00:00,154.018
2025-07-12T14:00:00,152.474
2025-07-12T15:00:00,149.383
2025-07-12T16:00:00,144.782
2025-07-12T17:00:00,139.017
2025-07-12T18:00:00,132.682
2025-07-12T19:00:00,126.5
2025-07-12T20:00:00,121.205
2025-07-12T21:00:00,117.439
2025-07-12T22:00:00,115.673
2025-07-12T23:00:00,116.165
2025-07-13T00:00:00,118.919
2025-07-13T01:00:00,123.666
2025-07-13T02:00:00,129.876
2025-07-13T03:00:00,136.801
2025-07-13T04:00:00,143.586
2025-07-13T05:00:00,149.414
2025-07-13T06:00:00,153.672
2025-07-13T07:00:00,156.068
2025-07-13T08:00:00,156.68
2025-07-13T09:00:00,155.89
2025-07-13T10:00:00,154.245
2025-07-13T11:00:00,152.277
2025-07-13T12:00:00,150.342
2025-07-13T13:00:00,148.548
2025-07-13T14:00:00,146.762
2025-07-13T15:00:00,144.717
2025-07-13T16:00:00,142.141
2025-07-13T17:00:00,138.877
2025-07-13T18:00:00,134.959
2025-07-13T19:00:00,130.62
2025-07-13T20:00:00,126.249
2025-07-13T21:00:00,122.332
2025-07-13T22:00:00,119.384
2025-07-13T23:00:00,117.882
2025-07-14T00:00:00,118.213
2025-07-14T01:00:00,120.597
2025-07-14T02:00:00,125.019
2025-07-14T03:00:00,131.174
2025-07-14T04:00:00,138.45
2025-07-14T05:00:00,145.992
2025-07-14T06:00:00,152.832
2025-07-14T07:00:00,158.081
2025-07-14T08:00:00,161.111
2025-07-14T09:00:00,161.694
2025-07-14T10:00:00,160.033
2025-07-14T11:00:00,156.676
2025-07-14T12:00:00,152.356
2025-07-14T13:00:00,147.794
2025-07-14T14:00:00,143.537
2025-07-14T15:00:00,139.879
2025-07-14T16:00:00,136.865
2025-07-14T17:00:00,134.363
2025-07-14T18:00:00,132.17
2025-07-14T19:00:00,130.108
2025-07-14T20:00:00,128.08
2025-07-14T21:00:00,126.102
2025-07-14T22:00:00,124.303
2025-07-14T23:00:00,122.92
2025-07-15T00:00:00,122.273
2025-07-15T01:00:00,122.728
2025-07-15T02:00:00,124.629
2025-07-15T03:00:00,128.192
2025-07-15T04:00:00,133.403
2025-07-15T05:00:00,139.929
2025-07-15T06:00:00,147.106
2025-07-15T07:00:00,154.023
2025-07-15T08:00:00,159.682
2025-07-15T09:00:00,163.226
2025-07-15T10:00:00,164.127
2025-07-15T11:00:00,162.314
2025-07-15T12:00:00,158.174
2025-07-15T13:00:00,152.443
2025-07-15T14:00:00,146.018
2025-07-15T15:00:00,139.761
2025-07-15T16:00:00,134.337
2025-07-15T17:00:00,130.14
2025-07-15T18:00:00,127.288
2025-07-15T19:00:00,125.682
2025-07-15T20:00:00,125.082
2025-07-15T21:00:00,125.187
2025-07-15T22:00:00,125.705
2025-07-15T23:00:00,126.402
2025-07-16T00:00:00,127.157
2025-07-16T01:00:00,127.995
2025-07-16T02:00:00,129.1
2025-07-16T03:00:00,130.778
2025-07-16T04:00:00,133.368
2025-07-16T05:00:00,137.106
2025-07-16T06:00:00,141.991
2025-07-16T07:00:00,147.693
2025-07-16T08:00:00,153.554
2025-07-16T09:00:00,158.693
2025-07-16T10:00:00,162.202
2025-07-16T11:00:00,163.365
2025-07-16T12:00:00,161.846
2025-07-16T13:00:00,157.776
2025-07-16T14:00:00,151.717
2025-07-16T15:00:00,144.531
2025-07-16T16:00:00,137.187
2025-07-16T17:00:00,130.576
2025-07-16T18:00:00,125.372
2025-07-16T19:00:00,121.965
2025-07-16T20:00:00,120.459
2025-07-16T21:00:00,120.709
2025-07-16T22:00:00,122.379
2025-07-16T23:00:00,125.013
2025-07-17T00:00:00,128.111
2025-07-17T01:00:00,131.211
2025-07-17T02:00:00,133.984
2025-07-17T03:00:00,136.304
2025-07-17T04:00:00,138.272
2025-07-17T05:00:00,140.176
2025-07-17T06:00:00,142.379
2025-07-17T07:00:00,145.164
2025-07-17T08:00:00,148.579
2025-07-17T09:00:00,152.359
2025-07-17T10:00:00,155.939
2025-07-17T11:00:00,158.578
2025-07-17T12:00:00,159.558
2025-07-17T13:00:00,158.38
2025-07-17T14:00:00,154.92
2025-07-17T15:00:00,149.466
2025-07-17T16:00:00,142.666
2025-07-17T17:00:00,135.379
2025-07-17T18:00:00,128.513
2025-07-17T19:00:00,122.871
2025-07-17T20:00:00,119.04
2025-07-17T21:00:00,117.347
2025-07-17T22:00:00,117.84
2025-07-17T23:00:00,120.307
2025-07-18T00:00:00,124.311
2025-07-18T01:00:00,129.247
2025-07-18T02:00:00,134.43
2025-07-18T03:00:00,139.216
2025-07-18T04:00:00,143.119
2025-07-18T05:00:00,145.916
2025-07-18T06:00:00,147.676
2025-07-18T07:00:00,148.714
2025-07-18T08:00:00,149.459
2025-07-18T09:00:00,150.282
2025-07-18T10:00:00,151.345
2025-07-18T11:00:00,152.524
2025-07-18T12:00:00,153.435
2025-07-18T13:00:00,153.555
2025-07-18T14:00:00,152.396
2025-07-18T15:00:00,149.67
2025-07-18T16:00:00,145.39
2025-07-18T17:00:00,139.888
2025-07-18T18:00:00,133.748
2025-07-18T19:00:00,127.691
2025-07-18T20:00:00,122.45
2025-07-18T21:00:00,118.668
2025-07-18T22:00:00,116.817
2025-07-18T23:00:00,117.156
2025-07-19T00:00:00,119.689
2025-07-19T01:00:00,124.154
2025-07-19T02:00:00,130.028
2025-07-19T03:00:00,136.582
2025-07-19T04:00:00,142.982
2025-07-19T05:00:00,148.445
2025-07-19T06:00:00,152.39
2025-07-19T07:00:00,154.559
2025-07-19T08:00:00,155.052
2025-07-19T09:00:00,154.269
2025-07-19T10:00:00,152.756
2025-07-19T11:00:00,151.031
2025-07-19T12:00:00,149.425
2025-07-19T13:00:00,148.011
2025-07-19T14:00:00,146.622
2025-07-19T15:00:00,144.957
2025-07-19T16:00:00,142.717
2025-07-19T17:00:00,139.729
2025-07-19T18:00:00,136.016
2025-07-19T19:00:00,131.807
2025-07-19T20:00:00,127.493
2025-07-19T21:00:00,123.563
2025-07-19T22:00:00,120.533
2025-07-19T23:00:00,118.885
2025-07-20T00:00:00,119.005
2025-07-20T01:00:00,121.119
2025-07-20T02:00:00,125.22
2025-07-20T03:00:00,131.016
2025-07-20T04:00:00,137.919
2025-07-20T05:00:00,145.099
2025-07-20T06:00:00,151.621
2025-07-20T07:00:00,156.625
2025-07-20T08:00:00,159.512
2025-07-20T09:00:00,160.071
2025-07-20T10:00:00,158.51
2025-07-20T11:00:00,155.368
2025-07-20T12:00:00,151.357
2025-07-20T13:00:00,147.167
2025-07-20T14:00:00,143.31
2025-07-20T15:00:00,140.045
2025-07-20T16:00:00,137.385
2025-07-20T17:00:00,135.18
2025-07-20T18:00:00,133.212
2025-07-20T19:00:00,131.297
2025-07-20T20:00:00,129.339
2025-07-20T21:00:00,127.355
2025-07-20T22:00:00,125.479
2025-07-20T23:00:00,123.95
2025-07-21T00:00:00,123.093
2025-07-21T01:00:00,123.279
2025-07-21T02:00:00,124.862
2025-07-21T03:00:00,128.073
2025-07-21T04:00:00,132.918
2025-07-21T05:00:00,139.088
2025-07-21T06:00:00,145.95
2025-07-21T07:00:00,152.619
2025-07-21T08:00:00,158.125
2025-07-21T09:00:00,161.626
2025-07-21T10:00:00,162.601
2025-07-21T11:00:00,160.976
2025-07-21T12:00:00,157.119
2025-07-21T13:00:00,151.739
2025-07-21T14:00:00,145.703
2025-07-21T15:00:00,139.837
2025-07-21T16:00:00,134.778
2025-07-21T17:00:00,130.895
2025-07-21T18:00:00,128.291
2025-07-21T19:00:00,126.856
2025-07-21T20:00:00,126.349
2025-07-21T21:00:00,126.468
2025-07-21T22:00:00,126.922
2025-07-21T23:00:00,127.482
2025-07-22T00:00:00,128.028
2025-07-22T01:00:00,128.595
2025-07-22T02:00:00,129.377
2025-07-22T03:00:00,130.697
2025-07-22T04:00:00,132.915
2025-07-22T05:00:00,136.294
2025-07-22T06:00:00,140.862
2025-07-22T07:00:00,146.316
2025-07-22T08:00:00,152.022
2025-07-22T09:00:00,157.112
2025-07-22T10:00:00,160.685
2025-07-22T11:00:00,162.02
2025-07-22T12:00:00,160.765
2025-07-22T13:00:00,157.025
2025-07-22T14:00:00,151.336
2025-07-22T15:00:00,144.53
2025-07-22T16:00:00,137.547
2025-07-22T17:00:00,131.256
2025-07-22T18:00:00,126.313
2025-07-22T19:00:00,123.098
2025-07-22T20:00:00,121.71
2025-07-22T21:00:00,121.999
2025-07-22T22:00:00,123.629
2025-07-22T23:00:00,126.145
2025-07-23T00:00:00,129.048
2025-07-23T01:00:00,131.883
2025-07-23T02:00:00,134.332
2025-07-23T03:00:00,136.284
2025-07-23T04:00:00,137.866
2025-07-23T05:00:00,139.396
2025-07-23T06:00:00,141.268
2025-07-23T07:00:00,143.792
2025-07-23T08:00:00,147.043
2025-07-23T09:00:00,150.77
2025-07-23T10:00:00,154.411
2025-07-23T11:00:00,157.219
2025-07-23T12:00:00,158.456
2025-07-23T13:00:00,157.601
2025-07-23T14:00:00,154.501
2025-07-23T15:00:00,149.416
2025-07-23T16:00:00,142.968
2025-07-23T17:00:00,135.996
2025-07-23T18:00:00,129.393
2025-07-23T19:00:00,123.951
2025-07-23T20:00:00,120.252
2025-07-23T21:00:00,118.619
2025-07-23T22:00:00,119.097
2025-07-23T23:00:00,121.472
2025-07-24T00:00:00,125.304
2025-07-24T01:00:00,129.993
2025-07-24T02:00:00,134.862
2025-07-24T03:00:00,139.282
2025-07-24T04:00:00,142.791
2025-07-24T05:00:00,145.195
2025-07-24T06:00:00,146.601
2025-07-24T07:00:00,147.355
2025-07-24T08:00:00,147.914
2025-07-24T09:00:00,148.666
2025-07-24T10:00:00,149.78
2025-07-24T11:00:00,151.123
2025-07-24T12:00:00,152.292
2025-07-24T13:00:00,152.738
2025-07-24T14:00:00,151.942
2025-07-24T15:00:00,149.585
2025-07-24T16:00:00,145.656
2025-07-24T17:00:00,140.467
2025-07-24T18:00:00,134.588
2025-07-24T19:00:00,128.731
2025-07-24T20:00:00,123.627
2025-07-24T21:00:00,119.913
2025-07-24T22:00:00,118.062
2025-07-24T23:00:00,118.327
2025-07-25T00:00:00,120.711
2025-07-25T01:00:00,124.952
2025-07-25T02:00:00,130.532
2025-07-25T03:00:00,136.734
2025-07-25T04:00:00,142.745
2025-07-25T05:00:00,147.81
2025-07-25T06:00:00,151.384
2025-07-25T07:00:00,153.242
2025-07-25T08:00:00,153.52
2025-07-25T09:00:00,152.636
2025-07-25T10:00:00,151.149
2025-07-25T11:00:00,149.571
2025-07-25T12:00:00,148.216
2025-07-25T13:00:00,147.129
2025-07-25T14:00:00,146.11
2025-07-25T15:00:00,144.825
2025-07-25T16:00:00,142.947
2025-07-25T17:00:00,140.281
2025-07-25T18:00:00,136.835
2025-07-25T19:00:00,132.83
2025-07-25T20:00:00,128.655
2025-07-25T21:00:00,124.796
2025-07-25T22:00:00,121.769
2025-07-25T23:00:00,120.055
2025-07-26T00:00:00,120.038
2025-07-26T01:00:00,121.943
2025-07-26T02:00:00,125.769
2025-07-26T03:00:00,131.231
2025-07-26T04:00:00,137.759
2025-07-26T05:00:00,144.549
2025-07-26T06:00:00,150.697
2025-07-26T07:00:00,155.378
2025-07-26T08:00:00,158.025
2025-07-26T09:00:00,158.454
2025-07-26T10:00:00,156.885
2025-07-26T11:00:00,153.861
2025-07-26T12:00:00,150.079
2025-07-26T13:00:00,146.204
2025-07-26T14:00:00,142.715
2025-07-26T15:00:00,139.838
2025-07-26T16:00:00,137.556
2025-07-26T17:00:00,135.689
2025-07-26T18:00:00,134.006
2025-07-26T19:00:00,132.311
2025-07-26T20:00:00,130.502
2025-07-26T21:00:00,128.597
2025-07-26T22:00:00,126.728
2025-07-26T23:00:00,125.135
2025-07-27T00:00:00,124.143
2025-07-27T01:00:00,124.126
2025-07-27T02:00:00,125.439
2025-07-27T03:00:00,128.326
2025-07-27T04:00:00,132.807
2025-07-27T05:00:00,138.598
2025-07-27T06:00:00,145.093
2025-07-27T07:00:00,151.439
2025-07-27T08:00:00,156.697
2025-07-27T09:00:00,160.049
2025-07-27T10:00:00,160.992
2025-07-27T11:00:00,159.454
2025-07-27T12:00:00,155.797
2025-07-27T13:00:00,150.707
2025-07-27T14:00:00,145.024
2025-07-27T15:00:00,139.541
2025-07-27T16:00:00,134.865
2025-07-27T17:00:00,131.335
2025-07-27T18:00:00,129.036
2025-07-27T19:00:00,127.843
2025-07-27T20:00:00,127.507
2025-07-27T21:00:00,127.724
2025-07-27T22:00:00,128.199
2025-07-27T23:00:00,128.704
2025-07-28T00:00:00,129.119
2025-07-28T01:00:00,129.482
2025-07-28T02:00:00,129.993
2025-07-28T03:00:00,130.987
2025-07-28T04:00:00,132.84
2025-07-28T05:00:00,135.841
2025-07-28T06:00:00,140.044
2025-07-28T07:00:00,145.178
2025-07-28T08:00:00,150.635
2025-07-28T09:00:00,155.573
2025-07-28T10:00:00,159.102
2025-07-28T11:00:00,160.507
2025-07-28T12:00:00,159.429
2025-07-28T13:00:00,155.956
2025-07-28T14:00:00,150.598
2025-07-28T15:00:00,144.159
2025-07-28T16:00:00,137.551
2025-07-28T17:00:00,131.615
2025-07-28T18:00:00,126.987
2025-07-28T19:00:00,124.032
2025-07-28T20:00:00,122.838
2025-07-28T21:00:00,123.249
2025-07-28T22:00:00,124.925
2025-07-28T23:00:00,127.407
2025-07-29T00:00:00,130.194
2025-07-29T01:00:00,132.833
2025-07-29T02:00:00,135.012
2025-07-29T03:00:00,136.633
2025-07-29T04:00:00,137.841
2025-07-29T05:00:00,138.981
2025-07-29T06:00:00,140.478
2025-07-29T07:00:00,142.673
2025-07-29T08:00:00,145.671
2025-07-29T09:00:00,149.241
2025-07-29T10:00:00,152.836
2025-07-29T11:00:00,155.709
2025-07-29T12:00:00,157.115
2025-07-29T13:00:00,156.515
2025-07-29T14:00:00,153.731
2025-07-29T15:00:00,148.999
2025-07-29T16:00:00,142.911
2025-07-29T17:00:00,136.286
2025-07-29T18:00:00,129.997
2025-07-29T19:00:00,124.82
2025-07-29T20:00:00,121.329
2025-07-29T21:00:00,119.838
2025-07-29T22:00:00,120.385
2025-07-29T23:00:00,122.752
2025-07-30T00:00:00,109.046
2025-07-30T01:00:00,112.937
2025-07-30T02:00:00,116.914
2025-07-30T03:00:00,120.442
2025-07-30T04:00:00,123.141
2025-07-30T05:00:00,124.867
2025-07-30T06:00:00,125.739
2025-07-30T07:00:00,126.088
2025-07-30T08:00:00,126.334
2025-07-30T09:00:00,126.834
2025-07-30T10:00:00,127.746
2025-07-30T11:00:00,128.955
2025-07-30T12:00:00,130.107
2025-07-30T13:00:00,130.711
2025-07-30T14:00:00,130.296
2025-07-30T15:00:00,128.565
2025-07-30T16:00:00,125.485
2025-07-30T17:00:00,121.306
2025-07-30T18:00:00,116.503
2025-07-30T19:00:00,111.681
2025-07-30T20:00:00,107.461
2025-07-30T21:00:00,104.389
2025-07-30T22:00:00,102.865
2025-07-30T23:00:00,103.103
2025-07-31T00:00:00,105.101
2025-07-31T01:00:00,108.628
2025-07-31T02:00:00,113.238
2025-07-31T03:00:00,118.318
2025-07-31T04:00:00,123.181
2025-07-31T05:00:00,127.2
2025-07-31T06:00:00,129.93
2025-07-31T07:00:00,131.212
2025-07-31T08:00:00,131.191
2025-07-31T09:00:00,130.257
2025-07-31T10:00:00,128.905
2025-07-31T11:00:00,127.581
2025-07-31T12:00:00,126.549
2025-07-31T13:00:00,125.829
2025-07-31T14:00:00,125.226
2025-07-31T15:00:00,124.425
2025-07-31T16:00:00,123.118
2025-07-31T17:00:00,121.118
2025-07-31T18:00:00,118.415
2025-07-31T19:00:00,115.191
2025-07-31T20:00:00,111.772
2025-07-31T21:00:00,108.575
2025-07-31T22:00:00,106.041
2025-07-31T23:00:00,104.58
2025-08-01T00:00:00,104.519
2025-08-01T01:00:00,106.048
2025-08-01T02:00:00,109.163
2025-08-01T03:00:00,113.625
2025-08-01T04:00:00,118.95
2025-08-01T05:00:00,124.466
2025-08-01T06:00:00,129.417
2025-08-01T07:00:00,133.123
2025-08-01T08:00:00,135.128
2025-08-01T09:00:00,135.3
2025-08-01T10:00:00,133.85
2025-08-01T11:00:00,131.254
2025-08-01T12:00:00,128.108
2025-08-01T13:00:00,124.971
2025-08-01T14:00:00,122.235
2025-08-01T15:00:00,120.065
2025-08-01T16:00:00,118.419
2025-08-01T17:00:00,117.12
2025-08-01T18:00:00,115.949
2025-08-01T19:00:00,114.726
2025-08-01T20:00:00,113.355
2025-08-01T21:00:00,111.848
2025-08-01T22:00:00,110.315
2025-08-01T23:00:00,108.961
2025-08-02T00:00:00,108.062
2025-08-02T01:00:00,107.939
2025-08-02T02:00:00,108.897
2025-08-02T03:00:00,111.15
2025-08-02T04:00:00,114.724
2025-08-02T05:00:00,119.391
2025-08-02T06:00:00,124.651
2025-08-02T07:00:00,129.797
2025-08-02T08:00:00,134.047
2025-08-02T09:00:00,136.726
2025-08-02T10:00:00,137.42
2025-08-02T11:00:00,136.078
2025-08-02T12:00:00,133.012
2025-08-02T13:00:00,128.806
2025-08-02T14:00:00,124.161
2025-08-02T15:00:00,119.737
2025-08-02T16:00:00,116.028
2025-08-02T17:00:00,113.305
2025-08-02T18:00:00,111.616
2025-08-02T19:00:00,110.843
2025-08-02T20:00:00,110.759
2025-08-02T21:00:00,111.095
2025-08-02T22:00:00,111.595
2025-08-02T23:00:00,112.057
2025-08-03T00:00:00,112.376
2025-08-03T01:00:00,112.582
2025-08-03T02:00:00,112.849
2025-08-03T03:00:00,113.47
2025-08-03T04:00:00,114.782
2025-08-03T05:00:00,117.048
2025-08-03T06:00:00,120.339
2025-08-03T07:00:00,124.445
2025-08-03T08:00:00,128.87
2025-08-03T09:00:00,132.914
2025-08-03T10:00:00,135.828
2025-08-03T11:00:00,137.008
2025-08-03T12:00:00,136.145
2025-08-03T13:00:00,133.309
2025-08-03T14:00:00,128.923
2025-08-03T15:00:00,123.657
2025-08-03T16:00:00,118.273
2025-08-03T17:00:00,113.472
2025-08-03T18:00:00,109.783
2025-08-03T19:00:00,107.504
2025-08-03T20:00:00,106.697
2025-08-03T21:00:00,107.222
2025-08-03T22:00:00,108.776
2025-08-03T23:00:00,110.96
2025-08-04T00:00:00,113.338
2025-08-04T01:00:00,115.515
2025-08-04T02:00:00,117.223
2025-08-04T03:00:00,118.383
2025-08-04T04:00:00,119.134
2025-08-04T05:00:00,119.791
2025-08-04T06:00:00,120.743
2025-08-04T07:00:00,122.312
2025-08-04T08:00:00,124.616
2025-08-04T09:00:00,127.479
2025-08-04T10:00:00,130.448
2025-08-04T11:00:00,132.888
2025-08-04T12:00:00,134.159
2025-08-04T13:00:00,133.787
2025-08-04T14:00:00,131.605
2025-08-04T15:00:00,127.794
2025-08-04T16:00:00,122.844
2025-08-04T17:00:00,117.439
2025-08-04T18:00:00,112.313
2025-08-04T19:00:00,108.121
2025-08-04T20:00:00,105.344
2025-08-04T21:00:00,104.243
2025-08-04T22:00:00,104.845
2025-08-04T23:00:00,106.952
2025-08-05T00:00:00,110.174
2025-08-05T01:00:00,113.986
2025-08-05T02:00:00,117.806
2025-08-05T03:00:00,121.105
2025-08-05T04:00:00,123.512
2025-08-05T05:00:00,124.904
2025-08-05T06:00:00,125.426
2025-08-05T07:00:00,125.437
2025-08-05T08:00:00,125.388
2025-08-05T09:00:00,125.663
2025-08-05T10:00:00,126.437
2025-08-05T11:00:00,127.606
2025-08-05T12:00:00,128.814
2025-08-05T13:00:00,129.561
2025-08-05T14:00:00,129.359
2025-08-05T15:00:00,127.89
2025-08-05T16:00:00,125.1
2025-08-05T17:00:00,121.218
2025-08-05T18:00:00,116.704
2025-08-05T19:00:00,112.147
2025-08-05T20:00:00,108.16
2025-08-05T21:00:00,105.278
2025-08-05T22:00:00,103.895
2025-08-05T23:00:00,104.216
2025-08-06T00:00:00,106.231
2025-08-06T01:00:00,109.702
2025-08-06T02:00:00,114.178
2025-08-06T03:00:00,119.046
2025-08-06T04:00:00,123.629
2025-08-06T05:00:00,127.316
2025-08-06T06:00:00,129.688
2025-08-06T07:00:00,130.617
2025-08-06T08:00:00,130.282
2025-08-06T09:00:00,129.1
2025-08-06T10:00:00,127.59
2025-08-06T11:00:00,126.211
2025-08-06T12:00:00,125.226
2025-08-06T13:00:00,124.645
2025-08-06T14:00:00,124.255
2025-08-06T15:00:00,123.719
2025-08-06T16:00:00,122.705
2025-08-06T17:00:00,121.003
2025-08-06T18:00:00,118.587
2025-08-06T19:00:00,115.626
2025-08-06T20:00:00,112.437
2025-08-06T21:00:00,109.43
2025-08-06T22:00:00,107.039
2025-08-06T23:00:00,105.668
2025-08-07T00:00:00,105.636
2025-08-07T01:00:00,107.125
2025-08-07T02:00:00,110.126
2025-08-07T03:00:00,114.398
2025-08-07T04:00:00,119.462
2025-08-07T05:00:00,124.66
2025-08-07T06:00:00,129.258
2025-08-07T07:00:00,132.607
2025-08-07T08:00:00,134.282
2025-08-07T09:00:00,134.184
2025-08-07T10:00:00,132.551
2025-08-07T11:00:00,129.873
2025-08-07T12:00:00,126.752
2025-08-07T13:00:00,123.74
2025-08-07T14:00:00,121.21
2025-08-07T15:00:00,119.305
2025-08-07T16:00:00,117.957
2025-08-07T17:00:00,116.965
2025-08-07T18:00:00,116.091
2025-08-07T19:00:00,115.138
2025-08-07T20:00:00,114.003
2025-08-07T21:00:00,112.688
2025-08-07T22:00:00,111.3
2025-08-07T23:00:00,110.037
2025-08-08T00:00:00,109.171
2025-08-08T01:00:00,109.013
2025-08-08T02:00:00,109.868
2025-08-08T03:00:00,111.944
2025-08-08T04:00:00,115.274
2025-08-08T05:00:00,119.64
2025-08-08T06:00:00,124.561
2025-08-08T07:00:00,129.357
2025-08-08T08:00:00,133.276
2025-08-08T09:00:00,135.673
2025-08-08T10:00:00,136.163
2025-08-08T11:00:00,134.714
2025-08-08T12:00:00,131.646
2025-08-08T13:00:00,127.539
2025-08-08T14:00:00,123.082
2025-08-08T15:00:00,118.912
2025-08-08T16:00:00,115.499
2025-08-08T17:00:00,113.088
2025-08-08T18:00:00,111.707
2025-08-08T19:00:00,111.218
2025-08-08T20:00:00,111.383
2025-08-08T21:00:00,111.925
2025-08-08T22:00:00,112.58
2025-08-08T23:00:00,113.14
2025-08-09T00:00:00,113.495
2025-08-09T01:00:00,113.67
2025-08-09T02:00:00,113.835
2025-08-09T03:00:00,114.284
2025-08-09T04:00:00,115.357
2025-08-09T05:00:00,117.33
2025-08-09T06:00:00,120.292
2025-08-09T07:00:00,124.058
2025-08-09T08:00:00,128.158
2025-08-09T09:00:00,131.921
2025-08-09T10:00:00,134.624
2025-08-09T11:00:00,135.682
2025-08-09T12:00:00,134.796
2025-08-09T13:00:00,132.035
2025-08-09T14:00:00,127.812
2025-08-09T15:00:00,122.78
2025-08-09T16:00:00,117.678
2025-08-09T17:00:00,113.185
2025-08-09T18:00:00,109.806
2025-08-09T19:00:00,107.821
2025-08-09T20:00:00,107.278
2025-08-09T21:00:00,108.026
2025-08-09T22:00:00,109.754
2025-08-09T23:00:00,112.053
2025-08-10T00:00:00,114.48
2025-08-10T01:00:00,116.635
2025-08-10T02:00:00,118.246
2025-08-10T03:00:00,119.235
2025-08-10T04:00:00,119.746
2025-08-10T05:00:00,120.107
2025-08-10T06:00:00,120.728
2025-08-10T07:00:00,121.958
2025-08-10T08:00:00,123.938
2025-08-10T09:00:00,126.522
2025-08-10T10:00:00,129.28
2025-08-10T11:00:00,131.595
2025-08-10T12:00:00,132.833
2025-08-10T13:00:00,132.523
2025-08-10T14:00:00,130.485
2025-08-10T15:00:00,126.889
2025-08-10T16:00:00,122.204
2025-08-10T17:00:00,117.092
2025-08-10T18:00:00,112.268
2025-08-10T19:00:00,108.37
2025-08-10T20:00:00,105.864
2025-08-10T21:00:00,105.0
2025-08-10T22:00:00,105.793
2025-08-10T23:00:00,108.036
2025-08-11T00:00:00,111.33
2025-08-11T01:00:00,115.139
2025-08-11T02:00:00,118.878
2025-08-11T03:00:00,122.014
2025-08-11T04:00:00,124.183
2025-08-11T05:00:00,125.276
2025-08-11T06:00:00,125.459
2025-08-11T07:00:00,125.119
2025-08-11T08:00:00,124.737
2025-08-11T09:00:00,124.725
2025-08-11T10:00:00,125.282
2025-08-11T11:00:00,126.322
2025-08-11T12:00:00,127.495
2025-08-11T13:00:00,128.299
2025-08-11T14:00:00,128.236
2025-08-11T15:00:00,126.973
2025-08-11T16:00:00,124.436
2025-08-11T17:00:00,120.835
2025-08-11T18:00:00,116.612
2025-08-11T19:00:00,112.341
2025-08-11T20:00:00,108.622
2025-08-11T21:00:00,105.979
2025-08-11T22:00:00,104.797
2025-08-11T23:00:00,105.27
2025-08-12T00:00:00,107.377
2025-08-12T01:00:00,110.869
2025-08-12T02:00:00,115.286
2025-08-12T03:00:00,120.011
2025-08-12T04:00:00,124.371
2025-08-12T05:00:00,127.764
2025-08-12T06:00:00,129.793
2025-08-12T07:00:00,130.36
2025-08-12T08:00:00,129.675
2025-08-12T09:00:00,128.187
2025-08-12T10:00:00,126.443
2025-08-12T11:00:00,124.921
2025-08-12T12:00:00,123.891
2025-08-12T13:00:00,123.363
2025-08-12T14:00:00,123.111
2025-08-12T15:00:00,122.78
2025-08-12T16:00:00,122.018
2025-08-12T17:00:00,120.595
2025-08-12T18:00:00,118.466
2025-08-12T19:00:00,115.786
2025-08-12T20:00:00,112.86
2025-08-12T21:00:00,110.089
2025-08-12T22:00:00,107.899
2025-08-12T23:00:00,106.685
2025-08-13T00:00:00,106.755
2025-08-13T01:00:00,108.282
2025-08-13T02:00:00,111.246
2025-08-13T03:00:00,115.398
2025-08-13T04:00:00,120.261
2025-08-13T05:00:00,125.182
2025-08-13T06:00:00,129.447
2025-08-13T07:00:00,132.433
2025-08-13T08:00:00,133.747
2025-08-13T09:00:00,133.324
2025-08-13T10:00:00,131.432
2025-08-13T11:00:00,128.586
2025-08-13T12:00:00,125.4
2025-08-13T13:00:00,122.425
2025-08-13T14:00:00,120.025
2025-08-13T15:00:00,118.323
2025-08-13T16:00:00,117.23
2025-08-13T17:00:00,116.521
2025-08-13T18:00:00,115.939
2025-08-13T19:00:00,115.271
2025-08-13T20:00:00,114.401
2025-08-13T21:00:00,113.323
2025-08-13T22:00:00,112.136
2025-08-13T23:00:00,111.031
2025-08-14T00:00:00,110.269
2025-08-14T01:00:00,110.156
2025-08-14T02:00:00,110.984
2025-08-14T03:00:00,112.956
2025-08-14T04:00:00,116.104
2025-08-14T05:00:00,120.213
2025-08-14T06:00:00,124.819
2025-08-14T07:00:00,129.262
2025-08-14T08:00:00,132.822
2025-08-14T09:00:00,134.887
2025-08-14T10:00:00,135.101
2025-08-14T11:00:00,133.46
2025-08-14T12:00:00,130.299
2025-08-14T13:00:00,126.203
2025-08-14T14:00:00,121.855
2025-08-14T15:00:00,117.875
2025-08-14T16:00:00,114.712
2025-08-14T17:00:00,112.587
2025-08-14T18:00:00,111.506
2025-08-14T19:00:00,111.312
2025-08-14T20:00:00,111.753
2025-08-14T21:00:00,112.542
2025-08-14T22:00:00,113.405
2025-08-14T23:00:00,114.128
2025-08-15T00:00:00,114.592
2025-08-15T01:00:00,114.813
2025-08-15T02:00:00,114.955
2025-08-15T03:00:00,115.305
2025-08-15T04:00:00,116.204
2025-08-15T05:00:00,117.932
2025-08-15T06:00:00,120.592
2025-08-15T07:00:00,124.019
2025-08-15T08:00:00,127.771
2025-08-15T09:00:00,131.204
2025-08-15T10:00:00,133.628
2025-08-15T11:00:00,134.48
2025-08-15T12:00:00,133.48
2025-08-15T13:00:00,130.705
2025-08-15T14:00:00,126.565
2025-08-15T15:00:00,121.701
2025-08-15T16:00:00,116.832
2025-08-15T17:00:00,112.616
2025-08-15T18:00:00,109.536
2025-08-15T19:00:00,107.854
2025-08-15T20:00:00,107.6
2025-08-15T21:00:00,108.609
2025-08-15T22:00:00,110.562
2025-08-15T23:00:00,113.039
2025-08-16T00:00:00,115.587
2025-08-16T01:00:00,117.798
2025-08-16T02:00:00,119.39
2025-08-16T03:00:00,120.283
2025-08-16T04:00:00,120.62
2025-08-16T05:00:00,120.737
2025-08-16T06:00:00,121.059
2025-08-16T07:00:00,121.954
2025-08-16T08:00:00,123.591
2025-08-16T09:00:00,125.851
2025-08-16T10:00:00,128.332
2025-08-16T11:00:00,130.439
2025-08-16T12:00:00,131.556
2025-08-16T13:00:00,131.217
2025-08-16T14:00:00,129.244
2025-08-16T15:00:00,125.794
2025-08-16T16:00:00,121.321
2025-08-16T17:00:00,116.469
2025-08-16T18:00:00,111.934
2025-08-16T19:00:00,108.333
2025-08-16T20:00:00,106.12
2025-08-16T21:00:00,105.529
2025-08-16T22:00:00,106.563
2025-08-16T23:00:00,109.003
2025-08-17T00:00:00,112.438
2025-08-17T01:00:00,116.322
2025-08-17T02:00:00,120.058
2025-08-17T03:00:00,123.108
2025-08-17T04:00:00,125.108
2025-08-17T05:00:00,125.956
2025-08-17T06:00:00,125.834
2025-08-17T07:00:00,125.153
2025-08-17T08:00:00,124.422
2025-08-17T09:00:00,124.081
2025-08-17T10:00:00,124.359
2025-08-17T11:00:00,125.19
2025-08-17T12:00:00,126.24
2025-08-17T13:00:00,127.011
2025-08-17T14:00:00,127.005
2025-08-17T15:00:00,125.876
2025-08-17T16:00:00,123.538
2025-08-17T17:00:00,120.182
2025-08-17T18:00:00,116.232
2025-08-17T19:00:00,112.249
2025-08-17T20:00:00,108.815
2025-08-17T21:00:00,106.445
2025-08-17T22:00:00,105.511
2025-08-17T23:00:00,106.195
2025-08-18T00:00:00,108.463
2025-08-18T01:00:00,112.052
2025-08-18T02:00:00,116.49
2025-08-18T03:00:00,121.151
2025-08-18T04:00:00,125.357
2025-08-18T05:00:00,128.513
2025-08-18T06:00:00,130.238
2025-08-18T07:00:00,130.456
2025-08-18T08:00:00,129.409
2025-08-18T09:00:00,127.577
2025-08-18T10:00:00,125.54
2025-08-18T11:00:00,123.796
2025-08-18T12:00:00,122.635
2025-08-18T13:00:00,122.07
2025-08-18T14:00:00,121.871
2025-08-18T15:00:00,121.673
2025-08-18T16:00:00,121.106
2025-08-18T17:00:00,119.922
2025-08-18T18:00:00,118.06
2025-08-18T19:00:00,115.658
2025-08-18T20:00:00,113.01
2025-08-18T21:00:00,110.506
2025-08-18T22:00:00,108.562
2025-08-18T23:00:00,107.562
2025-08-19T00:00:00,107.803
2025-08-19T01:00:00,109.443
2025-08-19T02:00:00,112.449
2025-08-19T03:00:00,116.561
2025-08-19T04:00:00,121.294
2025-08-19T05:00:00,125.999
2025-08-19T06:00:00,129.972
2025-08-19T07:00:00,132.612
2025-08-19T08:00:00,133.556
2025-08-19T09:00:00,132.775
2025-08-19T10:00:00,130.568
2025-08-19T11:00:00,127.479
2025-08-19T12:00:00,124.142
2025-08-19T13:00:00,121.114
2025-08-19T14:00:00,118.758
2025-08-19T15:00:00,117.184
2025-08-19T16:00:00,116.286
2025-08-19T17:00:00,115.819
2025-08-19T18:00:00,115.506
2025-08-19T19:00:00,115.117
2025-08-19T20:00:00,114.524
2025-08-19T21:00:00,113.71
2025-08-19T22:00:00,112.766
2025-08-19T23:00:00,111.873
2025-08-20T00:00:00,111.284
2025-08-20T01:00:00,111.289
2025-08-20T02:00:00,112.17
2025-08-20T03:00:00,114.119
2025-08-20T04:00:00,117.158
2025-08-20T05:00:00,121.074
2025-08-20T06:00:00,125.408
2025-08-20T07:00:00,129.521
2025-08-20T08:00:00,132.718
2025-08-20T09:00:00,134.419
2025-08-20T10:00:00,134.304
2025-08-20T11:00:00,132.397
2025-08-20T12:00:00,129.059
2025-08-20T13:00:00,124.886
2025-08-20T14:00:00,120.56
2025-08-20T15:00:00,116.694
2025-08-20T16:00:00,113.718
2025-08-20T17:00:00,111.834
2025-08-20T18:00:00,111.026
2025-08-20T19:00:00,111.119
2025-08-20T20:00:00,111.845
2025-08-20T21:00:00,112.906
2025-08-20T22:00:00,114.017
2025-08-20T23:00:00,114.955
2025-08-21T00:00:00,115.593
2025-08-21T01:00:00,115.934
2025-08-21T02:00:00,116.132
2025-08-21T03:00:00,116.464
2025-08-21T04:00:00,117.265
2025-08-21T05:00:00,118.813
2025-08-21T06:00:00,121.219
2025-08-21T07:00:00,124.333
2025-08-21T08:00:00,127.735
2025-08-21T09:00:00,130.813
2025-08-21T10:00:00,132.906
2025-08-21T11:00:00,133.482
2025-08-21T12:00:00,132.286
2025-08-21T13:00:00,129.409
2025-08-21T14:00:00,125.265
2025-08-21T15:00:00,120.49
2025-08-21T16:00:00,115.79
2025-08-21T17:00:00,111.804
2025-08-21T18:00:00,108.994
2025-08-21T19:00:00,107.601
2025-08-21T20:00:00,107.641
2025-08-21T21:00:00,108.935
2025-08-21T22:00:00,111.149
2025-08-21T23:00:00,113.854
2025-08-22T00:00:00,116.586
2025-08-22T01:00:00,118.925
2025-08-22T02:00:00,120.578
2025-08-22T03:00:00,121.456
2025-08-22T04:00:00,121.697
2025-08-22T05:00:00,121.638
2025-08-22T06:00:00,121.712
2025-08-22T07:00:00,122.301
2025-08-22T08:00:00,123.598
2025-08-22T09:00:00,125.512
2025-08-22T10:00:00,127.668
2025-08-22T11:00:00,129.501
2025-08-22T12:00:00,130.414
2025-08-22T13:00:00,129.959
2025-08-22T14:00:00,127.963
2025-08-22T15:00:00,124.579
2025-08-22T16:00:00,120.252
2025-08-22T17:00:00,115.611
2025-08-22T18:00:00,111.331
2025-08-22T19:00:00,108.013
2025-08-22T20:00:00,106.094
2025-08-22T21:00:00,105.795
2025-08-22T22:00:00,107.103
2025-08-22T23:00:00,109.789
2025-08-23T00:00:00,113.426
2025-08-23T01:00:00,117.456
2025-08-23T02:00:00,121.268
2025-08-23T03:00:00,124.314
2025-08-23T04:00:00,126.224
2025-08-23T05:00:00,126.897
2025-08-23T06:00:00,126.525
2025-08-23T07:00:00,125.536
2025-08-23T08:00:00,124.463
2025-08-23T09:00:00,123.775
2025-08-23T10:00:00,123.729
2025-08-23T11:00:00,124.287
2025-08-23T12:00:00,125.133
2025-08-23T13:00:00,125.785
2025-08-23T14:00:00,125.747
2025-08-23T15:00:00,124.673
2025-08-23T16:00:00,122.465
2025-08-23T17:00:00,119.3
2025-08-23T18:00:00,115.589
2025-08-23T19:00:00,111.874
2025-08-23T20:00:00,108.726
2025-08-23T21:00:00,106.645
2025-08-23T22:00:00,105.989
2025-08-23T23:00:00,106.93
2025-08-24T00:00:00,109.418
2025-08-24T01:00:00,113.175
2025-08-24T02:00:00,117.711
2025-08-24T03:00:00,122.389
2025-08-24T04:00:00,126.522
2025-08-24T05:00:00,129.514
2025-08-24T06:00:00,130.992
2025-08-24T07:00:00,130.898
2025-08-24T08:00:00,129.5
2025-08-24T09:00:00,127.31
2025-08-24T10:00:00,124.938
2025-08-24T11:00:00,122.912
2025-08-24T12:00:00,121.542
2025-08-24T13:00:00,120.853
2025-08-24T14:00:00,120.621
2025-08-24T15:00:00,120.473
2025-08-24T16:00:00,120.031
2025-08-24T17:00:00,119.03
2025-08-24T18:00:00,117.396
2025-08-24T19:00:00,115.251
2025-08-24T20:00:00,112.877
2025-08-24T21:00:00,110.652
2025-08-24T22:00:00,108.982
2025-08-24T23:00:00,108.239
2025-08-25T00:00:00,108.708
2025-08-25T01:00:00,110.53
2025-08-25T02:00:00,113.656
2025-08-25T03:00:00,117.81
2025-08-25T04:00:00,122.495
2025-08-25T05:00:00,127.057
2025-08-25T06:00:00,130.799
2025-08-25T07:00:00,133.133
2025-08-25T08:00:00,133.724
2025-08-25T09:00:00,132.572
2025-08-25T10:00:00,130.014
2025-08-25T11:00:00,126.623
2025-08-25T12:00:00,123.058
2025-08-25T13:00:00,119.894
2025-08-25T14:00:00,117.494
2025-08-25T15:00:00,115.966
2025-08-25T16:00:00,115.191
2025-08-25T17:00:00,114.907
2025-08-25T18:00:00,114.821
2025-08-25T19:00:00,114.687
2025-08-25T20:00:00,114.364
2025-08-25T21:00:00,113.824
2025-08-25T22:00:00,113.148
2025-08-25T23:00:00,112.508
2025-08-26T00:00:00,112.144
2025-08-26T01:00:00,112.336
2025-08-26T02:00:00,113.347
2025-08-26T03:00:00,115.355
2025-08-26T04:00:00,118.368
2025-08-26T05:00:00,122.166
2025-08-26T06:00:00,126.292
2025-08-26T07:00:00,130.117
2025-08-26T08:00:00,132.971
2025-08-26T09:00:00,134.301
2025-08-26T10:00:00,133.823
2025-08-26T11:00:00,131.596
2025-08-26T12:00:00,128.007
2025-08-26T13:00:00,123.673
2025-08-26T14:00:00,119.282
2025-08-26T15:00:00,115.446
2025-08-26T16:00:00,112.585
2025-08-26T17:00:00,110.881
2025-08-26T18:00:00,110.302
2025-08-26T19:00:00,110.654
2025-08-26T20:00:00,111.655
2025-08-26T21:00:00,112.993
2025-08-26T22:00:00,114.374
2025-08-26T23:00:00,115.566
2025-08-27T00:00:00,116.429
2025-08-27T01:00:00,116.956
2025-08-27T02:00:00,117.286
2025-08-27T03:00:00,117.683
2025-08-27T04:00:00,118.468
2025-08-27T05:00:00,119.915
2025-08-27T06:00:00,122.132
2025-08-27T07:00:00,124.98
2025-08-27T08:00:00,128.056
2025-08-27T09:00:00,130.775
2025-08-27T10:00:00,132.508
2025-08-27T11:00:00,132.756
2025-08-27T12:00:00,131.292
2025-08-27T13:00:00,128.23
2025-08-27T14:00:00,123.996
2025-08-27T15:00:00,119.226
2025-08-27T16:00:00,114.621
2025-08-27T17:00:00,110.801
2025-08-27T18:00:00,108.213
2025-08-27T19:00:00,107.081
2025-08-27T20:00:00,107.401
2025-08-27T21:00:00,108.981
2025-08-27T22:00:00,111.476
2025-08-27T23:00:00,114.445
2025-08-28T00:00:00,117.41
2025-08-28T01:00:00,119.94
2025-08-28T02:00:00,121.73
2025-08-28T03:00:00,122.675
2025-08-28T04:00:00,122.904
2025-08-28T05:00:00,122.749
2025-08-28T06:00:00,122.641
2025-08-28T07:00:00,122.976
2025-08-28T08:00:00,123.961
2025-08-28T09:00:00,125.529
2025-08-28T10:00:00,127.335
2025-08-28T11:00:00,128.843
2025-08-28T12:00:00,129.485
2025-08-28T13:00:00,128.833
2025-08-28T14:00:00,126.727
2025-08-28T15:00:00,123.325
2025-08-28T16:00:00,119.068
2025-08-28T17:00:00,114.572
2025-08-28T18:00:00,110.497
2025-08-28T19:00:00,107.43
2025-08-28T20:00:00,105.789
2025-08-28T21:00:00,105.78
2025-08-28T22:00:00,107.38
2025-08-28T23:00:00,110.343
2025-08-29T00:00:00,95.953
2025-08-29T01:00:00,99.513
2025-08-29T02:00:00,102.841
2025-08-29T03:00:00,105.464
2025-08-29T04:00:00,107.064
2025-08-29T05:00:00,107.55
2025-08-29T06:00:00,107.087
2025-08-29T07:00:00,106.042
2025-08-29T08:00:00,104.879
2025-08-29T09:00:00,104.014
2025-08-29T10:00:00,103.686
2025-08-29T11:00:00,103.886
2025-08-29T12:00:00,104.371
2025-08-29T13:00:00,104.751
2025-08-29T14:00:00,104.622
2025-08-29T15:00:00,103.694
2025-08-29T16:00:00,101.882
2025-08-29T17:00:00,99.329
2025-08-29T18:00:00,96.368
2025-08-29T19:00:00,93.443
2025-08-29T20:00:00,91.021
2025-08-29T21:00:00,89.513
2025-08-29T22:00:00,89.208
2025-08-29T23:00:00,90.238
2025-08-30T00:00:00,92.55
2025-08-30T01:00:00,95.896
2025-08-30T02:00:00,99.851
2025-08-30T03:00:00,103.863
2025-08-30T04:00:00,107.344
2025-08-30T05:00:00,109.788
2025-08-30T06:00:00,110.884
2025-08-30T07:00:00,110.59
2025-08-30T08:00:00,109.15
2025-08-30T09:00:00,107.017
2025-08-30T10:00:00,104.729
2025-08-30T11:00:00,102.754
2025-08-30T12:00:00,101.375
2025-08-30T13:00:00,100.628
2025-08-30T14:00:00,100.333
2025-08-30T15:00:00,100.18
2025-08-30T16:00:00,99.846
2025-08-30T17:00:00,99.103
2025-08-30T18:00:00,97.876
2025-08-30T19:00:00,96.257
2025-08-30T20:00:00,94.474
2025-08-30T21:00:00,92.834
2025-08-30T22:00:00,91.67
2025-08-30T23:00:00,91.284
2025-08-31T00:00:00,91.904
2025-08-31T01:00:00,93.636
2025-08-31T02:00:00,96.421
2025-08-31T03:00:00,100.013
2025-08-31T04:00:00,103.98
2025-08-31T05:00:00,107.762
2025-08-31T06:00:00,110.774
2025-08-31T07:00:00,112.528
2025-08-31T08:00:00,112.759
2025-08-31T09:00:00,111.492
2025-08-31T10:00:00,109.036
2025-08-31T11:00:00,105.902
2025-08-31T12:00:00,102.666
2025-08-31T13:00:00,99.829
2025-08-31T14:00:00,97.707
2025-08-31T15:00:00,96.391
2025-08-31T16:00:00,95.775
2025-08-31T17:00:00,95.632
2025-08-31T18:00:00,95.702
2025-08-31T19:00:00,95.769
2025-08-31T20:00:00,95.702
2025-08-31T21:00:00,95.47
2025-08-31T22:00:00,95.134
2025-08-31T23:00:00,94.828
2025-09-01T00:00:00,94.746
2025-09-01T01:00:00,95.109
2025-09-01T02:00:00,96.126
2025-09-01T03:00:00,97.928
2025-09-01T04:00:00,100.508
2025-09-01T05:00:00,103.671
2025-09-01T06:00:00,107.027
2025-09-01T07:00:00,110.051
2025-09-01T08:00:00,112.195
2025-09-01T09:00:00,113.015
2025-09-01T10:00:00,112.301
2025-09-01T11:00:00,110.132
2025-09-01T12:00:00,106.858
2025-09-01T13:00:00,103.02
2025-09-01T14:00:00,99.209
2025-09-01T15:00:00,95.942
2025-09-01T16:00:00,93.565
2025-09-01T17:00:00,92.226
2025-09-01T18:00:00,91.881
2025-09-01T19:00:00,92.357
2025-09-01T20:00:00,93.404
2025-09-01T21:00:00,94.75
2025-09-01T22:00:00,96.141
2025-09-01T23:00:00,97.371
2025-09-02T00:00:00,98.317
2025-09-02T01:00:00,98.96
2025-09-02T02:00:00,99.404
2025-09-02T03:00:00,99.857
2025-09-02T04:00:00,100.576
2025-09-02T05:00:00,101.778
2025-09-02T06:00:00,103.548
2025-09-02T07:00:00,105.771
2025-09-02T08:00:00,108.119
2025-09-02T09:00:00,110.12
2025-09-02T10:00:00,111.268
2025-09-02T11:00:00,111.174
2025-09-02T12:00:00,109.675
2025-09-02T13:00:00,106.888
2025-09-02T14:00:00,103.187
2025-09-02T15:00:00,99.115
2025-09-02T16:00:00,95.256
2025-09-02T17:00:00,92.126
2025-09-02T18:00:00,90.088
2025-09-02T19:00:00,89.315
2025-09-02T20:00:00,89.793
2025-09-02T21:00:00,91.348
2025-09-02T22:00:00,93.68
2025-09-02T23:00:00,96.409
2025-09-03T00:00:00,99.125
2025-09-03T01:00:00,101.453
2025-09-03T02:00:00,103.125
2025-09-03T03:00:00,104.039
2025-09-03T04:00:00,104.293
2025-09-03T05:00:00,104.153
2025-09-03T06:00:00,103.98
2025-09-03T07:00:00,104.103
2025-09-03T08:00:00,104.71
2025-09-03T09:00:00,105.758
2025-09-03T10:00:00,106.98
2025-09-03T11:00:00,107.951
2025-09-03T12:00:00,108.219
2025-09-03T13:00:00,107.448
2025-09-03T14:00:00,105.52
2025-09-03T15:00:00,102.577
2025-09-03T16:00:00,98.991
2025-09-03T17:00:00,95.273
2025-09-03T18:00:00,91.97
2025-09-03T19:00:00,89.562
2025-09-03T20:00:00,88.388
2025-09-03T21:00:00,88.609
2025-09-03T22:00:00,90.195
2025-09-03T23:00:00,92.928
2025-09-04T00:00:00,96.43
2025-09-04T01:00:00,100.203
2025-09-04T02:00:00,103.709
2025-09-04T03:00:00,106.461
2025-09-04T04:00:00,108.127
2025-09-04T05:00:00,108.607
2025-09-04T06:00:00,108.062
2025-09-04T07:00:00,106.863
2025-09-04T08:00:00,105.483
2025-09-04T09:00:00,104.355
2025-09-04T10:00:00,103.739
2025-09-04T11:00:00,103.65
2025-09-04T12:00:00,103.87
2025-09-04T13:00:00,104.028
2025-09-04T14:00:00,103.735
2025-09-04T15:00:00,102.711
2025-09-04T16:00:00,100.873
2025-09-04T17:00:00,98.362
2025-09-04T18:00:00,95.502
2025-09-04T19:00:00,92.729
2025-09-04T20:00:00,90.499
2025-09-04T21:00:00,89.211
2025-09-04T22:00:00,89.147
2025-09-04T23:00:00,90.426
2025-09-05T00:00:00,92.984
2025-09-05T01:00:00,96.558
2025-09-05T02:00:00,100.708
2025-09-05T03:00:00,104.864
2025-09-05T04:00:00,108.425
2025-09-05T05:00:00,110.874
2025-09-05T06:00:00,111.893
2025-09-05T07:00:00,111.446
2025-09-05T08:00:00,109.787
2025-09-05T09:00:00,107.389
2025-09-05T10:00:00,104.81
2025-09-05T11:00:00,102.546
2025-09-05T12:00:00,100.901
2025-09-05T13:00:00,99.933
2025-09-05T14:00:00,99.474
2025-09-05T15:00:00,99.223
2025-09-05T16:00:00,98.858
2025-09-05T17:00:00,98.147
2025-09-05T18:00:00,97.009
2025-09-05T19:00:00,95.527
2025-09-05T20:00:00,93.921
2025-09-05T21:00:00,92.489
2025-09-05T22:00:00,91.556
2025-09-05T23:00:00,91.415
2025-09-06T00:00:00,92.283
2025-09-06T01:00:00,94.251
2025-09-06T02:00:00,97.245
2025-09-06T03:00:00,101.0
2025-09-06T04:00:00,105.067
2025-09-06T05:00:00,108.874
2025-09-06T06:00:00,111.825
2025-09-06T07:00:00,113.436
2025-09-06T08:00:00,113.451
2025-09-06T09:00:00,111.915
2025-09-06T10:00:00,109.161
2025-09-06T11:00:00,105.727
2025-09-06T12:00:00,102.217
2025-09-06T13:00:00,99.15
2025-09-06T14:00:00,96.859
2025-09-06T15:00:00,95.441
2025-09-06T16:00:00,94.792
2025-09-06T17:00:00,94.679
2025-09-06T18:00:00,94.834
2025-09-06T19:00:00,95.032
2025-09-06T20:00:00,95.134
2025-09-06T21:00:00,95.101
2025-09-06T22:00:00,94.985
2025-09-06T23:00:00,94.915
2025-09-07T00:00:00,95.074
2025-09-07T01:00:00,95.673
2025-09-07T02:00:00,96.904
2025-09-07T03:00:00,98.881
2025-09-07T04:00:00,101.58
2025-09-07T05:00:00,104.788
2025-09-07T06:00:00,108.106
2025-09-07T07:00:00,111.007
2025-09-07T08:00:00,112.948
2025-09-07T09:00:00,113.505
2025-09-07T10:00:00,112.491
2025-09-07T11:00:00,110.012
2025-09-07T12:00:00,106.45
2025-09-07T13:00:00,102.366
2025-09-07T14:00:00,98.371
2025-09-07T15:00:00,94.99
2025-09-07T16:00:00,92.573
2025-09-07T17:00:00,91.259
2025-09-07T18:00:00,90.998
2025-09-07T19:00:00,91.604
2025-09-07T20:00:00,92.819
2025-09-07T21:00:00,94.362
2025-09-07T22:00:00,95.97
2025-09-07T23:00:00,97.431
2025-09-08T00:00:00,98.612
2025-09-08T01:00:00,99.486
2025-09-08T02:00:00,100.143
2025-09-08T03:00:00,100.773
2025-09-08T04:00:00,101.618
2025-09-08T05:00:00,102.88
2025-09-08T06:00:00,104.631
2025-09-08T07:00:00,106.752
2025-09-08T08:00:00,108.919
2025-09-08T09:00:00,110.672
2025-09-08T10:00:00,111.529
2025-09-08T11:00:00,111.126
2025-09-08T12:00:00,109.328
2025-09-08T13:00:00,106.281
2025-09-08T14:00:00,102.378
2025-09-08T15:00:00,98.172
2025-09-08T16:00:00,94.255
2025-09-08T17:00:00,91.138
2025-09-08T18:00:00,89.175
2025-09-08T19:00:00,88.53
2025-09-08T20:00:00,89.176
2025-09-08T21:00:00,90.93
2025-09-08T22:00:00,93.483
2025-09-08T23:00:00,96.445
2025-09-09T00:00:00,99.399
2025-09-09T01:00:00,101.958
2025-09-09T02:00:00,103.841
2025-09-09T03:00:00,104.933
2025-09-09T04:00:00,105.314
2025-09-09T05:00:00,105.239
2025-09-09T06:00:00,105.056
2025-09-09T07:00:00,105.091
2025-09-09T08:00:00,105.532
2025-09-09T09:00:00,106.351
2025-09-09T10:00:00,107.296
2025-09-09T11:00:00,107.967
2025-09-09T12:00:00,107.941
2025-09-09T13:00:00,106.903
2025-09-09T14:00:00,104.759
2025-09-09T15:00:00,101.666
2025-09-09T16:00:00,98.0
2025-09-09T17:00:00,94.275
2025-09-09T18:00:00,91.031
2025-09-09T19:00:00,88.738
2025-09-09T20:00:00,87.726
2025-09-09T21:00:00,88.145
2025-09-09T22:00:00,89.955
2025-09-09T23:00:00,92.929
2025-09-10T00:00:00,96.677
2025-09-10T01:00:00,100.689
2025-09-10T02:00:00,104.414
2025-09-10T03:00:00,107.349
2025-09-10T04:00:00,109.145
2025-09-10T05:00:00,109.693
2025-09-10T06:00:00,109.14
2025-09-10T07:00:00,107.856
2025-09-10T08:00:00,106.319
2025-09-10T09:00:00,104.97
2025-09-10T10:00:00,104.088
2025-09-10T11:00:00,103.711
2025-09-10T12:00:00,103.643
2025-09-10T13:00:00,103.538
2025-09-10T14:00:00,103.026
2025-09-10T15:00:00,101.842
2025-09-10T16:00:00,99.911
2025-09-10T17:00:00,97.375
2025-09-10T18:00:00,94.554
2025-09-10T19:00:00,91.879
2025-09-10T20:00:00,89.796
2025-09-10T21:00:00,88.697
2025-09-10T22:00:00,88.852
2025-09-10T23:00:00,90.374
2025-09-11T00:00:00,93.185
2025-09-11T01:00:00,97.01
2025-09-11T02:00:00,101.392
2025-09-11T03:00:00,105.745
2025-09-11T04:00:00,109.451
2025-09-11T05:00:00,111.975
2025-09-11T06:00:00,112.993
2025-09-11T07:00:00,112.465
2025-09-11T08:00:00,110.648
2025-09-11T09:00:00,108.029
2025-09-11T10:00:00,105.185
2025-09-11T11:00:00,102.635
2025-09-11T12:00:00,100.706
2025-09-11T13:00:00,99.478
2025-09-11T14:00:00,98.803
2025-09-11T15:00:00,98.391
2025-09-11T16:00:00,97.927
2025-09-11T17:00:00,97.181
2025-09-11T18:00:00,96.069
2025-09-11T19:00:00,94.67
2025-09-11T20:00:00,93.195
2025-09-11T21:00:00,91.937
2025-09-11T22:00:00,91.211
2025-09-11T23:00:00,91.306
2025-09-12T00:00:00,92.425
2025-09-12T01:00:00,94.65
2025-09-12T02:00:00,97.889
2025-09-12T03:00:00,101.857
2025-09-12T04:00:00,106.088
2025-09-12T05:00:00,109.989
2025-09-12T06:00:00,112.955
2025-09-12T07:00:00,114.495
2025-09-12T08:00:00,114.357
2025-09-12T09:00:00,112.6
2025-09-12T10:00:00,109.576
2025-09-12T11:00:00,105.85
2025-09-12T12:00:00,102.049
2025-09-12T13:00:00,98.718
2025-09-12T14:00:00,96.207
2025-09-12T15:00:00,94.627
2025-09-12T16:00:00,93.878
2025-09-12T17:00:00,93.728
2025-09-12T18:00:00,93.904
2025-09-12T19:00:00,94.177
2025-09-12T20:00:00,94.4
2025-09-12T21:00:00,94.528
2025-09-12T22:00:00,94.607
2025-09-12T23:00:00,94.761
2025-09-13T00:00:00,95.164
2025-09-13T01:00:00,96.015
2025-09-13T02:00:00,97.493
2025-09-13T03:00:00,99.694
2025-09-13T04:00:00,102.573
2025-09-13T05:00:00,105.897
2025-09-13T06:00:00,109.252
2025-09-13T07:00:00,112.102
2025-09-13T08:00:00,113.907
2025-09-13T09:00:00,114.251
2025-09-13T10:00:00,112.968
2025-09-13T11:00:00,110.19
2025-09-13T12:00:00,106.326
2025-09-13T13:00:00,101.965
2025-09-13T14:00:00,97.738
2025-09-13T15:00:00,94.185
2025-09-13T16:00:00,91.66
2025-09-13T17:00:00,90.304
2025-09-13T18:00:00,90.063
2025-09-13T19:00:00,90.742
2025-09-13T20:00:00,92.076
2025-09-13T21:00:00,93.776
2025-09-13T22:00:00,95.573
2025-09-13T23:00:00,97.25
2025-09-14T00:00:00,98.667
2025-09-14T01:00:00,99.786
2025-09-14T02:00:00,100.685
2025-09-14T03:00:00,101.539
2025-09-14T04:00:00,102.571
2025-09-14T05:00:00,103.962
2025-09-14T06:00:00,105.77
2025-09-14T07:00:00,107.862
2025-09-14T08:00:00,109.915
2025-09-14T09:00:00,111.473
2025-09-14T10:00:00,112.073
2025-09-14T11:00:00,111.374
2025-09-14T12:00:00,109.27
2025-09-14T13:00:00,105.933
2025-09-14T14:00:00,101.781
2025-09-14T15:00:00,97.385
2025-09-14T16:00:00,93.344
2025-09-14T17:00:00,90.173
2025-09-14T18:00:00,88.222
2025-09-14T19:00:00,87.644
2025-09-14T20:00:00,88.409
2025-09-14T21:00:00,90.32
2025-09-14T22:00:00,93.063
2025-09-14T23:00:00,96.242
2025-09-15T00:00:00,99.43
2025-09-15T01:00:00,102.232
2025-09-15T02:00:00,104.354
2025-09-15T03:00:00,105.667
2025-09-15T04:00:00,106.234
2025-09-15T05:00:00,106.292
2025-09-15T06:00:00,106.174
2025-09-15T07:00:00,106.195
2025-09-15T08:00:00,106.54
2025-09-15T09:00:00,107.184
2025-09-15T10:00:00,107.89
2025-09-15T11:00:00,108.279
2025-09-15T12:00:00,107.951
2025-09-15T13:00:00,106.622
2025-09-15T14:00:00,104.219
2025-09-15T15:00:00,100.918
2025-09-15T16:00:00,97.11
2025-09-15T17:00:00,93.311
2025-09-15T18:00:00,90.061
2025-09-15T19:00:00,87.824
2025-09-15T20:00:00,86.922
2025-09-15T21:00:00,87.496
2025-09-15T22:00:00,89.497
2025-09-15T23:00:00,92.691
2025-09-16T00:00:00,96.679
2025-09-16T01:00:00,100.94
2025-09-16T02:00:00,104.909
2025-09-16T03:00:00,108.067
2025-09-16T04:00:00,110.052
2025-09-16T05:00:00,110.733
2025-09-16T06:00:00,110.248
2025-09-16T07:00:00,108.955
2025-09-16T08:00:00,107.329
2025-09-16T09:00:00,105.818
2025-09-16T10:00:00,104.71
2025-09-16T11:00:00,104.064
2025-09-16T12:00:00,103.707
2025-09-16T13:00:00,103.316
2025-09-16T14:00:00,102.545
2025-09-16T15:00:00,101.147
2025-09-16T16:00:00,99.06
2025-09-16T17:00:00,96.433
2025-09-16T18:00:00,93.587
2025-09-16T19:00:00,90.948
2025-09-16T20:00:00,88.959
2025-09-16T21:00:00,88.003
2025-09-16T22:00:00,88.344
2025-09-16T23:00:00,90.085
2025-09-17T00:00:00,93.14
2025-09-17T01:00:00,97.222
2025-09-17T02:00:00,101.859
2025-09-17T03:00:00,106.449
2025-09-17T04:00:00,110.353
2025-09-17T05:00:00,113.02
2025-09-17T06:00:00,114.111
2025-09-17T07:00:00,113.576
2025-09-17T08:00:00,111.673
2025-09-17T09:00:00,108.893
2025-09-17T10:00:00,105.828
2025-09-17T11:00:00,103.014
2025-09-17T12:00:00,100.802
2025-09-17T13:00:00,99.295
2025-09-17T14:00:00,98.366
2025-09-17T15:00:00,97.741
2025-09-17T16:00:00,97.118
2025-09-17T17:00:00,96.272
2025-09-17T18:00:00,95.121
2025-09-17T19:00:00,93.742
2025-09-17T20:00:00,92.343
2025-09-17T21:00:00,91.211
2025-09-17T22:00:00,90.657
2025-09-17T23:00:00,90.961
2025-09-18T00:00:00,92.322
2025-09-18T01:00:00,94.806
2025-09-18T02:00:00,98.309
2025-09-18T03:00:00,102.528
2025-09-18T04:00:00,106.974
2025-09-18T05:00:00,111.036
2025-09-18T06:00:00,114.089
2025-09-18T07:00:00,115.634
2025-09-18T08:00:00,115.417
2025-09-18T09:00:00,113.5
2025-09-18T10:00:00,110.253
2025-09-18T11:00:00,106.26
2025-09-18T12:00:00,102.173
2025-09-18T13:00:00,98.562
2025-09-18T14:00:00,95.796
2025-09-18T15:00:00,94.004
2025-09-18T16:00:00,93.095
2025-09-18T17:00:00,92.843
2025-09-18T18:00:00,92.976
2025-09-18T19:00:00,93.261
2025-09-18T20:00:00,93.548
2025-09-18T21:00:00,93.789
2025-09-18T22:00:00,94.025
2025-09-18T23:00:00,94.375
2025-09-19T00:00:00,95.007
2025-09-19T01:00:00,96.112
2025-09-19T02:00:00,97.854
2025-09-19T03:00:00,100.313
2025-09-19T04:00:00,103.421
2025-09-19T05:00:00,106.925
2025-09-19T06:00:00,110.39
2025-09-19T07:00:00,113.266
2025-09-19T08:00:00,115.007
2025-09-19T09:00:00,115.203
2025-09-19T10:00:00,113.699
2025-09-19T11:00:00,110.652
2025-09-19T12:00:00,106.494
2025-09-19T13:00:00,101.843
2025-09-19T14:00:00,97.351
2025-09-19T15:00:00,93.577
2025-09-19T16:00:00,90.888
2025-09-19T17:00:00,89.427
2025-09-19T18:00:00,89.14
2025-09-19T19:00:00,89.83
2025-09-19T20:00:00,91.224
2025-09-19T21:00:00,93.031
2025-09-19T22:00:00,94.977
2025-09-19T23:00:00,96.84
2025-09-20T00:00:00,98.475
2025-09-20T01:00:00,99.837
2025-09-20T02:00:00,100.993
2025-09-20T03:00:00,102.103
2025-09-20T04:00:00,103.368
2025-09-20T05:00:00,104.951
2025-09-20T06:00:00,106.887
2025-09-20T07:00:00,109.028
2025-09-20T08:00:00,111.04
2025-09-20T09:00:00,112.47
2025-09-20T10:00:00,112.864
2025-09-20T11:00:00,111.901
2025-09-20T12:00:00,109.502
2025-09-20T13:00:00,105.865
2025-09-20T14:00:00,101.435
2025-09-20T15:00:00,96.804
2025-09-20T16:00:00,92.584
2025-09-20T17:00:00,89.296
2025-09-20T18:00:00,87.291
2025-09-20T19:00:00,86.719
2025-09-20T20:00:00,87.542
2025-09-20T21:00:00,89.56
2025-09-20T22:00:00,92.451
2025-09-20T23:00:00,95.813
2025-09-21T00:00:00,99.216
2025-09-21T01:00:00,102.255
2025-09-21T02:00:00,104.628
2025-09-21T03:00:00,106.191
2025-09-21T04:00:00,106.99
2025-09-21T05:00:00,107.241
2025-09-21T06:00:00,107.259
2025-09-21T07:00:00,107.343
2025-09-21T08:00:00,107.667
2025-09-21T09:00:00,108.204
2025-09-21T10:00:00,108.725
2025-09-21T11:00:00,108.866
2025-09-21T12:00:00,108.251
2025-09-21T13:00:00,106.623
2025-09-21T14:00:00,103.934
2025-09-21T15:00:00,100.384
2025-09-21T16:00:00,96.378
2025-09-21T17:00:00,92.445
2025-09-21T18:00:00,89.125
2025-09-21T19:00:00,86.88
2025-09-21T20:00:00,86.028
2025-09-21T21:00:00,86.704
2025-09-21T22:00:00,88.852
2025-09-21T23:00:00,92.232
2025-09-22T00:00:00,96.437
2025-09-22T01:00:00,100.939
2025-09-22T02:00:00,105.16
2025-09-22T03:00:00,108.569
2025-09-22T04:00:00,110.784
2025-09-22T05:00:00,111.658
2025-09-22T06:00:00,111.311
2025-09-22T07:00:00,110.085
2025-09-22T08:00:00,108.447
2025-09-22T09:00:00,106.841
2025-09-22T10:00:00,105.565
2025-09-22T11:00:00,104.688
2025-09-22T12:00:00,104.059
2025-09-22T13:00:00,103.378
2025-09-22T14:00:00,102.324
2025-09-22T15:00:00,100.672
2025-09-22T16:00:00,98.377
2025-09-22T17:00:00,95.598
2025-09-22T18:00:00,92.663
2025-09-22T19:00:00,89.998
2025-09-22T20:00:00,88.042
2025-09-22T21:00:00,87.175
2025-09-22T22:00:00,87.655
2025-09-22T23:00:00,89.579
2025-09-23T00:00:00,92.854
2025-09-23T01:00:00,97.182
2025-09-23T02:00:00,102.08
2025-09-23T03:00:00,106.929
2025-09-23T04:00:00,111.071
2025-09-23T05:00:00,113.938
2025-09-23T06:00:00,115.17
2025-09-23T07:00:00,114.705
2025-09-23T08:00:00,112.793
2025-09-23T09:00:00,109.923
2025-09-23T10:00:00,106.694
2025-09-23T11:00:00,103.658
2025-09-23T12:00:00,101.184
2025-09-23T13:00:00,99.398
2025-09-23T14:00:00,98.193
2025-09-23T15:00:00,97.317
2025-09-23T16:00:00,96.484
2025-09-23T17:00:00,95.479
2025-09-23T18:00:00,94.227
2025-09-23T19:00:00,92.805
2025-09-23T20:00:00,91.421
2025-09-23T21:00:00,90.36
2025-09-23T22:00:00,89.929
2025-09-23T23:00:00,90.405
2025-09-24T00:00:00,91.978
2025-09-24T01:00:00,94.709
2025-09-24T02:00:00,98.48
2025-09-24T03:00:00,102.969
2025-09-24T04:00:00,107.668
2025-09-24T05:00:00,111.944
2025-09-24T06:00:00,115.154
2025-09-24T07:00:00,116.779
2025-09-24T08:00:00,116.558
2025-09-24T09:00:00,114.554
2025-09-24T10:00:00,111.145
2025-09-24T11:00:00,106.929
2025-09-24T12:00:00,102.581
2025-09-24T13:00:00,98.691
2025-09-24T14:00:00,95.653
2025-09-24T15:00:00,93.613
2025-09-24T16:00:00,92.496
2025-09-24T17:00:00,92.085
2025-09-24T18:00:00,92.112
2025-09-24T19:00:00,92.346
2025-09-24T20:00:00,92.637
2025-09-24T21:00:00,92.933
2025-09-24T22:00:00,93.276
2025-09-24T23:00:00,93.781
2025-09-25T00:00:00,94.613
2025-09-25T01:00:00,95.956
2025-09-25T02:00:00,97.962
2025-09-25T03:00:00,100.696
2025-09-25T04:00:00,104.069
2025-09-25T05:00:00,107.804
2025-09-25T06:00:00,111.445
2025-09-25T07:00:00,114.423
2025-09-25T08:00:00,116.177
2025-09-25T09:00:00,116.297
2025-09-25T10:00:00,114.636
2025-09-25T11:00:00,111.365
2025-09-25T12:00:00,106.942
2025-09-25T13:00:00,102.005
2025-09-25T14:00:00,97.235
2025-09-25T15:00:00,93.209
2025-09-25T16:00:00,90.308
2025-09-25T17:00:00,88.686
2025-09-25T18:00:00,88.292
2025-09-25T19:00:00,88.929
2025-09-25T20:00:00,90.323
2025-09-25T21:00:00,92.179
2025-09-25T22:00:00,94.222
2025-09-25T23:00:00,96.228
2025-09-26T00:00:00,98.049
2025-09-26T01:00:00,99.636
2025-09-26T02:00:00,101.046
2025-09-26T03:00:00,102.426
2025-09-26T04:00:00,103.958
2025-09-26T05:00:00,105.782
2025-09-26T06:00:00,107.91
2025-09-26T07:00:00,110.174
2025-09-26T08:00:00,112.223
2025-09-26T09:00:00,113.599
2025-09-26T10:00:00,113.851
2025-09-26T11:00:00,112.674
2025-09-26T12:00:00,110.009
2025-09-26T13:00:00,106.082
2025-09-26T14:00:00,101.362
2025-09-26T15:00:00,96.466
2025-09-26T16:00:00,92.023
2025-09-26T17:00:00,88.564
2025-09-26T18:00:00,86.445
2025-09-26T19:00:00,85.816
2025-09-26T20:00:00,86.636
2025-09-26T21:00:00,88.701
2025-09-26T22:00:00,91.687
2025-09-26T23:00:00,95.189
2025-09-27T00:00:00,98.771
2025-09-27T01:00:00,102.027
2025-09-27T02:00:00,104.645
2025-09-27T03:00:00,106.469
2025-09-27T04:00:00,107.529
2025-09-27T05:00:00,108.021
2025-09-27T06:00:00,108.238
2025-09-27T07:00:00,108.458
2025-09-27T08:00:00,108.838
2025-09-27T09:00:00,109.344
2025-09-27T10:00:00,109.745
2025-09-27T11:00:00,109.691
2025-09-27T12:00:00,108.822
2025-09-27T13:00:00,106.907
2025-09-27T14:00:00,103.924
2025-09-27T15:00:00,100.098
2025-09-27T16:00:00,95.854
2025-09-27T17:00:00,91.733
2025-09-27T18:00:00,88.283
2025-09-27T19:00:00,85.969
2025-09-27T20:00:00,85.105
2025-09-27T21:00:00,85.823
2025-09-27T22:00:00,88.064
2025-09-27T23:00:00,91.583
2025-09-28T00:00:00,80.431
2025-09-28T01:00:00,84.386
2025-09-28T02:00:00,88.128
2025-09-28T03:00:00,91.201
2025-09-28T04:00:00,93.274
2025-09-28T05:00:00,94.206
2025-09-28T06:00:00,94.08
2025-09-28T07:00:00,93.17
2025-09-28T08:00:00,91.851
2025-09-28T09:00:00,90.491
2025-09-28T10:00:00,89.337
2025-09-28T11:00:00,88.454
2025-09-28T12:00:00,87.729
2025-09-28T13:00:00,86.929
2025-09-28T14:00:00,85.804
2025-09-28T15:00:00,84.186
2025-09-28T16:00:00,82.055
2025-09-28T17:00:00,79.557
2025-09-28T18:00:00,76.973
2025-09-28T19:00:00,74.666
2025-09-28T20:00:00,73.003
2025-09-28T21:00:00,72.3
2025-09-28T22:00:00,72.773
2025-09-28T23:00:00,74.498
2025-09-29T00:00:00,77.394
2025-09-29T01:00:00,81.206
2025-09-29T02:00:00,85.52
2025-09-29T03:00:00,89.805
2025-09-29T04:00:00,93.497
2025-09-29T05:00:00,96.102
2025-09-29T06:00:00,97.303
2025-09-29T07:00:00,97.031
2025-09-29T08:00:00,95.485
2025-09-29T09:00:00,93.068
2025-09-29T10:00:00,90.284
2025-09-29T11:00:00,87.601
2025-09-29T12:00:00,85.341
2025-09-29T13:00:00,83.625
2025-09-29T14:00:00,82.383
2025-09-29T15:00:00,81.421
2025-09-29T16:00:00,80.516
2025-09-29T17:00:00,79.499
2025-09-29T18:00:00,78.317
2025-09-29T19:00:00,77.038
2025-09-29T20:00:00,75.839
2025-09-29T21:00:00,74.958
2025-09-29T22:00:00,74.653
2025-09-29T23:00:00,75.153
2025-09-30T00:00:00,76.617
2025-09-30T01:00:00,79.088
2025-09-30T02:00:00,82.46
2025-09-30T03:00:00,86.451
2025-09-30T04:00:00,90.619
2025-09-30T05:00:00,94.416
2025-09-30T06:00:00,97.284
2025-09-30T07:00:00,98.772
2025-09-30T08:00:00,98.648
2025-09-30T09:00:00,96.96
2025-09-30T10:00:00,94.026
2025-09-30T11:00:00,90.356
2025-09-30T12:00:00,86.527
2025-09-30T13:00:00,83.052
2025-09-30T14:00:00,80.279
2025-09-30T15:00:00,78.347
2025-09-30T16:00:00,77.208
2025-09-30T17:00:00,76.69
2025-09-30T18:00:00,76.578
2025-09-30T19:00:00,76.681
2025-09-30T20:00:00,76.875
2025-09-30T21:00:00,77.119
2025-09-30T22:00:00,77.448
2025-09-30T23:00:00,77.958
2025-10-01T00:00:00,78.787
2025-10-01T01:00:00,80.085
2025-10-01T02:00:00,81.974
2025-10-01T03:00:00,84.495
2025-10-01T04:00:00,87.559
2025-10-01T05:00:00,90.915
2025-10-01T06:00:00,94.159
2025-10-01T07:00:00,96.796
2025-10-01T08:00:00,98.341
2025-10-01T09:00:00,98.444
2025-10-01T10:00:00,96.981
2025-10-01T11:00:00,94.103
2025-10-01T12:00:00,90.21
2025-10-01T13:00:00,85.855
2025-10-01T14:00:00,81.628
2025-10-01T15:00:00,78.029
2025-10-01T16:00:00,75.394
2025-10-01T17:00:00,73.862
2025-10-01T18:00:00,73.397
2025-10-01T19:00:00,73.837
2025-10-01T20:00:00,74.953
2025-10-01T21:00:00,76.498
2025-10-01T22:00:00,78.243
2025-10-01T23:00:00,80.0
2025-10-02T00:00:00,81.645
2025-10-02T01:00:00,83.134
2025-10-02T02:00:00,84.512
2025-10-02T03:00:00,85.892
2025-10-02T04:00:00,87.412
2025-10-02T05:00:00,89.172
2025-10-02T06:00:00,91.161
2025-10-02T07:00:00,93.216
2025-10-02T08:00:00,95.027
2025-10-02T09:00:00,96.2
2025-10-02T10:00:00,96.355
2025-10-02T11:00:00,95.242
2025-10-02T12:00:00,92.825
2025-10-02T13:00:00,89.313
2025-10-02T14:00:00,85.122
2025-10-02T15:00:00,80.787
2025-10-02T16:00:00,76.852
2025-10-02T17:00:00,73.774
2025-10-02T18:00:00,71.858
2025-10-02T19:00:00,71.234
2025-10-02T20:00:00,71.868
2025-10-02T21:00:00,73.587
2025-10-02T22:00:00,76.119
2025-10-02T23:00:00,79.125
2025-10-03T00:00:00,82.239
2025-10-03T01:00:00,85.119
2025-10-03T02:00:00,87.499
2025-10-03T03:00:00,89.242
2025-10-03T04:00:00,90.359
2025-10-03T05:00:00,91.0
2025-10-03T06:00:00,91.389
2025-10-03T07:00:00,91.742
2025-10-03T08:00:00,92.17
2025-10-03T09:00:00,92.633
2025-10-03T10:00:00,92.932
2025-10-03T11:00:00,92.777
2025-10-03T12:00:00,91.878
2025-10-03T13:00:00,90.058
2025-10-03T14:00:00,87.321
2025-10-03T15:00:00,83.875
2025-10-03T16:00:00,80.096
2025-10-03T17:00:00,76.452
2025-10-03T18:00:00,73.41
2025-10-03T19:00:00,71.364
2025-10-03T20:00:00,70.579
2025-10-03T21:00:00,71.165
2025-10-03T22:00:00,73.071
2025-10-03T23:00:00,76.09
2025-10-04T00:00:00,79.876
2025-10-04T01:00:00,83.98
2025-10-04T02:00:00,87.905
2025-10-04T03:00:00,91.188
2025-10-04T04:00:00,93.484
2025-10-04T05:00:00,94.639
2025-10-04T06:00:00,94.719
2025-10-04T07:00:00,93.977
2025-10-04T08:00:00,92.775
2025-10-04T09:00:00,91.466
2025-10-04T10:00:00,90.29
2025-10-04T11:00:00,89.316
2025-10-04T12:00:00,88.436
2025-10-04T13:00:00,87.434
2025-10-04T14:00:00,86.08
2025-10-04T15:00:00,84.224
2025-10-04T16:00:00,81.866
2025-10-04T17:00:00,79.166
2025-10-04T18:00:00,76.419
2025-10-04T19:00:00,73.991
2025-10-04T20:00:00,72.253
2025-10-04T21:00:00,71.523
2025-10-04T22:00:00,72.015
2025-10-04T23:00:00,73.806
2025-10-05T00:00:00,76.811
2025-10-05T01:00:00,80.773
2025-10-05T02:00:00,85.272
2025-10-05T03:00:00,89.769
2025-10-05T04:00:00,93.687
2025-10-05T05:00:00,96.515
2025-10-05T06:00:00,97.921
2025-10-05T07:00:00,97.818
2025-10-05T08:00:00,96.388
2025-10-05T09:00:00,94.026
2025-10-05T10:00:00,91.228
2025-10-05T11:00:00,88.463
2025-10-05T12:00:00,86.062
2025-10-05T13:00:00,84.158
2025-10-05T14:00:00,82.698
2025-10-05T15:00:00,81.507
2025-10-05T16:00:00,80.377
2025-10-05T17:00:00,79.157
2025-10-05T18:00:00,77.802
2025-10-05T19:00:00,76.39
2025-10-05T20:00:00,75.102
2025-10-05T21:00:00,74.178
2025-10-05T22:00:00,73.878
2025-10-05T23:00:00,74.432
2025-10-06T00:00:00,75.997
2025-10-06T01:00:00,78.614
2025-10-06T02:00:00,82.171
2025-10-06T03:00:00,86.378
2025-10-06T04:00:00,90.78
2025-10-06T05:00:00,94.809
2025-10-06T06:00:00,97.889
2025-10-06T07:00:00,99.551
2025-10-06T08:00:00,99.549
2025-10-06T09:00:00,97.918
2025-10-06T10:00:00,94.971
2025-10-06T11:00:00,91.222
2025-10-06T12:00:00,87.257
2025-10-06T13:00:00,83.601
2025-10-06T14:00:00,80.617
2025-10-06T15:00:00,78.463
2025-10-06T16:00:00,77.106
2025-10-06T17:00:00,76.388
2025-10-06T18:00:00,76.103
2025-10-06T19:00:00,76.068
2025-10-06T20:00:00,76.164
2025-10-06T21:00:00,76.353
2025-10-06T22:00:00,76.672
2025-10-06T23:00:00,77.219
2025-10-07T00:00:00,78.135
2025-10-07T01:00:00,79.568
2025-10-07T02:00:00,81.635
2025-10-07T03:00:00,84.372
2025-10-07T04:00:00,87.673
2025-10-07T05:00:00,91.271
2025-10-07T06:00:00,94.74
2025-10-07T07:00:00,97.565
2025-10-07T08:00:00,99.244
2025-10-07T09:00:00,99.413
2025-10-07T10:00:00,97.944
2025-10-07T11:00:00,94.99
2025-10-07T12:00:00,90.96
2025-10-07T13:00:00,86.424
2025-10-07T14:00:00,81.985
2025-10-07T15:00:00,78.166
2025-10-07T16:00:00,75.315
2025-10-07T17:00:00,73.585
2025-10-07T18:00:00,72.949
2025-10-07T19:00:00,73.251
2025-10-07T20:00:00,74.267
2025-10-07T21:00:00,75.751
2025-10-07T22:00:00,77.477
2025-10-07T23:00:00,79.259
2025-10-08T00:00:00,80.976
2025-10-08T01:00:00,82.586
2025-10-08T02:00:00,84.131
2025-10-08T03:00:00,85.716
2025-10-08T04:00:00,87.47
2025-10-08T05:00:00,89.475
2025-10-08T06:00:00,91.699
2025-10-08T07:00:00,93.957
2025-10-08T08:00:00,95.92
2025-10-08T09:00:00,97.177
2025-10-08T10:00:00,97.34
2025-10-08T11:00:00,96.161
2025-10-08T12:00:00,93.612
2025-10-08T13:00:00,89.918
2025-10-08T14:00:00,85.513
2025-10-08T15:00:00,80.951
2025-10-08T16:00:00,76.794
2025-10-08T17:00:00,73.514
2025-10-08T18:00:00,71.425
2025-10-08T19:00:00,70.663
2025-10-08T20:00:00,71.194
2025-10-08T21:00:00,72.851
2025-10-08T22:00:00,75.362
2025-10-08T23:00:00,78.388
2025-10-09T00:00:00,81.567
2025-10-09T01:00:00,84.556
2025-10-09T02:00:00,87.091
2025-10-09T03:00:00,89.027
2025-10-09T04:00:00,90.369
2025-10-09T05:00:00,91.249
2025-10-09T06:00:00,91.875
2025-10-09T07:00:00,92.438
2025-10-09T08:00:00,93.032
2025-10-09T09:00:00,93.597
2025-10-09T10:00:00,93.925
2025-10-09T11:00:00,93.721
2025-10-09T12:00:00,92.704
2025-10-09T13:00:00,90.709
2025-10-09T14:00:00,87.759
2025-10-09T15:00:00,84.082
2025-10-09T16:00:00,80.075
2025-10-09T17:00:00,76.218
2025-10-09T18:00:00,72.994
2025-10-09T19:00:00,70.801
2025-10-09T20:00:00,69.908
2025-10-09T21:00:00,70.428
2025-10-09T22:00:00,72.31
2025-10-09T23:00:00,75.348
2025-10-10T00:00:00,79.197
2025-10-10T01:00:00,83.407
2025-10-10T02:00:00,87.481
2025-10-10T03:00:00,90.95
2025-10-10T04:00:00,93.462
2025-10-10T05:00:00,94.85
2025-10-10T06:00:00,95.161
2025-10-10T07:00:00,94.63
2025-10-10T08:00:00,93.598
2025-10-10T09:00:00,92.401
2025-10-10T10:00:00,91.27
2025-10-10T11:00:00,90.266
2025-10-10T12:00:00,89.286
2025-10-10T13:00:00,88.125
2025-10-10T14:00:00,86.568
2025-10-10T15:00:00,84.485
2025-10-10T16:00:00,81.895
2025-10-10T17:00:00,78.975
2025-10-10T18:00:00,76.033
2025-10-10T19:00:00,73.445
2025-10-10T20:00:00,71.588
2025-10-10T21:00:00,70.781
2025-10-10T22:00:00,71.241
2025-10-10T23:00:00,73.045
2025-10-11T00:00:00,76.111
2025-10-11T01:00:00,80.179
2025-10-11T02:00:00,84.827
2025-10-11T03:00:00,89.511
2025-10-11T04:00:00,93.644
2025-10-11T05:00:00,96.702
2025-10-11T06:00:00,98.336
2025-10-11T07:00:00,98.441
2025-10-11T08:00:00,97.181
2025-10-11T09:00:00,94.935
2025-10-11T10:00:00,92.188
2025-10-11T11:00:00,89.405
2025-10-11T12:00:00,86.918
2025-10-11T13:00:00,84.87
2025-10-11T14:00:00,83.221
2025-10-11T15:00:00,81.813
2025-10-11T16:00:00,80.456
2025-10-11T17:00:00,79.016
2025-10-11T18:00:00,77.46
2025-10-11T19:00:00,75.878
2025-10-11T20:00:00,74.456
2025-10-11T21:00:00,73.442
2025-10-11T22:00:00,73.095
2025-10-11T23:00:00,73.65
2025-10-12T00:00:00,75.266
2025-10-12T01:00:00,77.985
2025-10-12T02:00:00,81.69
2025-10-12T03:00:00,86.087
2025-10-12T04:00:00,90.707
2025-10-12T05:00:00,94.972
2025-10-12T06:00:00,98.285
2025-10-12T07:00:00,100.159
2025-10-12T08:00:00,100.328
2025-10-12T09:00:00,98.815
2025-10-12T10:00:00,95.921
2025-10-12T11:00:00,92.157
2025-10-12T12:00:00,88.112
2025-10-12T13:00:00,84.32
2025-10-12T14:00:00,81.158
2025-10-12T15:00:00,78.798
2025-10-12T16:00:00,77.223
2025-10-12T17:00:00,76.29
2025-10-12T18:00:00,75.806
2025-10-12T19:00:00,75.597
2025-10-12T20:00:00,75.552
2025-10-12T21:00:00,75.637
2025-10-12T22:00:00,75.895
2025-10-12T23:00:00,76.429
2025-10-13T00:00:00,77.38
2025-10-13T01:00:00,78.901
2025-10-13T02:00:00,81.109
2025-10-13T03:00:00,84.031
2025-10-13T04:00:00,87.555
2025-10-13T05:00:00,91.395
2025-10-13T06:00:00,95.107
2025-10-13T07:00:00,98.155
2025-10-13T08:00:00,100.017
2025-10-13T09:00:00,100.312
2025-10-13T10:00:00,98.901
2025-10-13T11:00:00,95.936
2025-10-13T12:00:00,91.827
2025-10-13T13:00:00,87.156
2025-10-13T14:00:00,82.541
2025-10-13T15:00:00,78.518
2025-10-13T16:00:00,75.454
2025-10-13T17:00:00,73.515
2025-10-13T18:00:00,72.684
2025-10-13T19:00:00,72.814
2025-10-13T20:00:00,73.687
2025-10-13T21:00:00,75.064
2025-10-13T22:00:00,76.72
2025-10-13T23:00:00,78.476
2025-10-14T00:00:00,80.214
2025-10-14T01:00:00,81.896
2025-10-14T02:00:00,83.566
2025-10-14T03:00:00,85.326
2025-10-14T04:00:00,87.296
2025-10-14T05:00:00,89.544
2025-10-14T06:00:00,92.018
2025-10-14T07:00:00,94.512
2025-10-14T08:00:00,96.673
2025-10-14T09:00:00,98.072
2025-10-14T10:00:00,98.308
2025-10-14T11:00:00,97.127
2025-10-14T12:00:00,94.506
2025-10-14T13:00:00,90.679
2025-10-14T14:00:00,86.095
2025-10-14T15:00:00,81.327
2025-10-14T16:00:00,76.955
2025-10-14T17:00:00,73.464
2025-10-14T18:00:00,71.179
2025-10-14T19:00:00,70.245
2025-10-14T20:00:00,70.635
2025-10-14T21:00:00,72.184
2025-10-14T22:00:00,74.622
2025-10-14T23:00:00,77.617
2025-10-15T00:00:00,80.808
2025-10-15T01:00:00,83.859
2025-10-15T02:00:00,86.505
2025-10-15T03:00:00,88.602
2025-10-15T04:00:00,90.147
2025-10-15T05:00:00,91.263
2025-10-15T06:00:00,92.137
2025-10-15T07:00:00,92.942
2025-10-15T08:00:00,93.746
2025-10-15T09:00:00,94.47
2025-10-15T10:00:00,94.889
2025-10-15T11:00:00,94.702
2025-10-15T12:00:00,93.627
2025-10-15T13:00:00,91.508
2025-10-15T14:00:00,88.383
2025-10-15T15:00:00,84.499
2025-10-15T16:00:00,80.27
2025-10-15T17:00:00,76.195
2025-10-15T18:00:00,72.767
2025-10-15T19:00:00,70.397
2025-10-15T20:00:00,69.358
2025-10-15T21:00:00,69.767
2025-10-15T22:00:00,71.575
2025-10-15T23:00:00,74.58
2025-10-16T00:00:00,78.439
2025-10-16T01:00:00,82.706
2025-10-16T02:00:00,86.885
2025-10-16T03:00:00,90.506
2025-10-16T04:00:00,93.211
2025-10-16T05:00:00,94.823
2025-10-16T06:00:00,95.375
2025-10-16T07:00:00,95.082
2025-10-16T08:00:00,94.263
2025-10-16T09:00:00,93.236
2025-10-16T10:00:00,92.212
2025-10-16T11:00:00,91.243
2025-10-16T12:00:00,90.225
2025-10-16T13:00:00,88.956
2025-10-16T14:00:00,87.236
2025-10-16T15:00:00,84.951
2025-10-16T16:00:00,82.139
2025-10-16T17:00:00,78.995
2025-10-16T18:00:00,75.841
2025-10-16T19:00:00,73.065
2025-10-16T20:00:00,71.05
2025-10-16T21:00:00,70.123
2025-10-16T22:00:00,70.502
2025-10-16T23:00:00,72.268
2025-10-17T00:00:00,75.341
2025-10-17T01:00:00,79.464
2025-10-17T02:00:00,84.216
2025-10-17T03:00:00,89.049
2025-10-17T04:00:00,93.372
2025-10-17T05:00:00,96.651
2025-10-17T06:00:00,98.519
2025-10-17T07:00:00,98.857
2025-10-17T08:00:00,97.808
2025-10-17T09:00:00,95.732
2025-10-17T10:00:00,93.098
2025-10-17T11:00:00,90.362
2025-10-17T12:00:00,87.852
2025-10-17T13:00:00,85.713
2025-10-17T14:00:00,83.918
2025-10-17T15:00:00,82.32
2025-10-17T16:00:00,80.75
2025-10-17T17:00:00,79.087
2025-10-17T18:00:00,77.315
2025-10-17T19:00:00,75.536
2025-10-17T20:00:00,73.945
2025-10-17T21:00:00,72.796
2025-10-17T22:00:00,72.356
2025-10-17T23:00:00,72.861
2025-10-18T00:00:00,74.475
2025-10-18T01:00:00,77.242
2025-10-18T02:00:00,81.049
2025-10-18T03:00:00,85.596
2025-10-18T04:00:00,90.409
2025-10-18T05:00:00,94.896
2025-10-18T06:00:00,98.447
2025-10-18T07:00:00,100.554
2025-10-18T08:00:00,100.935
2025-10-18T09:00:00,99.591
2025-10-18T10:00:00,96.812
2025-10-18T11:00:00,93.098
2025-10-18T12:00:00,89.036
2025-10-18T13:00:00,85.163
2025-10-18T14:00:00,81.866
2025-10-18T15:00:00,79.329
2025-10-18T16:00:00,77.551
2025-10-18T17:00:00,76.404
2025-10-18T18:00:00,75.708
2025-10-18T19:00:00,75.301
2025-10-18T20:00:00,75.08
2025-10-18T21:00:00,75.021
2025-10-18T22:00:00,75.17
2025-10-18T23:00:00,75.638
2025-10-19T00:00:00,76.573
2025-10-19T01:00:00,78.13
2025-10-19T02:00:00,80.429
2025-10-19T03:00:00,83.496
2025-10-19T04:00:00,87.212
2025-10-19T05:00:00,91.279
2025-10-19T06:00:00,95.237
2025-10-19T07:00:00,98.528
2025-10-19T08:00:00,100.609
2025-10-19T09:00:00,101.079
2025-10-19T10:00:00,99.787
2025-10-19T11:00:00,96.875
2025-10-19T12:00:00,92.752
2025-10-19T13:00:00,88.002
2025-10-19T14:00:00,83.256
2025-10-19T15:00:00,79.063
2025-10-19T16:00:00,75.803
2025-10-19T17:00:00,73.657
2025-10-19T18:00:00,72.62
2025-10-19T19:00:00,72.556
2025-10-19T20:00:00,73.255
2025-10-19T21:00:00,74.482
2025-10-19T22:00:00,76.022
2025-10-19T23:00:00,77.701
2025-10-20T00:00:00,79.407
2025-10-20T01:00:00,81.109
2025-10-20T02:00:00,82.854
2025-10-20T03:00:00,84.747
2025-10-20T04:00:00,86.901
2025-10-20T05:00:00,89.374
2025-10-20T06:00:00,92.098
2025-10-20T07:00:00,94.844
2025-10-20T08:00:00,97.238
2025-10-20T09:00:00,98.827
2025-10-20T10:00:00,99.195
2025-10-20T11:00:00,98.077
2025-10-20T12:00:00,95.447
2025-10-20T13:00:00,91.544
2025-10-20T14:00:00,86.83
2025-10-20T15:00:00,81.891
2025-10-20T16:00:00,77.322
2025-10-20T17:00:00,73.624
2025-10-20T18:00:00,71.136
2025-10-20T19:00:00,70.011
2025-10-20T20:00:00,70.229
2025-10-20T21:00:00,71.63
2025-10-20T22:00:00,73.951
2025-10-20T23:00:00,76.863
2025-10-21T00:00:00,80.014
2025-10-21T01:00:00,83.072
2025-10-21T02:00:00,85.779
2025-10-21T03:00:00,87.992
2025-10-21T04:00:00,89.708
2025-10-21T05:00:00,91.038
2025-10-21T06:00:00,92.158
2025-10-21T07:00:00,93.218
2025-10-21T08:00:00,94.264
2025-10-21T09:00:00,95.194
2025-10-21T10:00:00,95.763
2025-10-21T11:00:00,95.657
2025-10-21T12:00:00,94.588
2025-10-21T13:00:00,92.403
2025-10-21T14:00:00,89.152
2025-10-21T15:00:00,85.097
2025-10-21T16:00:00,80.668
2025-10-21T17:00:00,76.382
2025-10-21T18:00:00,72.746
2025-10-21T19:00:00,70.18
2025-10-21T20:00:00,68.966
2025-10-21T21:00:00,69.226
2025-10-21T22:00:00,70.917
2025-10-21T23:00:00,73.838
2025-10-22T00:00:00,77.655
2025-10-22T01:00:00,81.925
2025-10-22T02:00:00,86.156
2025-10-22T03:00:00,89.883
2025-10-22T04:00:00,92.745
2025-10-22T05:00:00,94.559
2025-10-22T06:00:00,95.346
2025-10-22T07:00:00,95.302
2025-10-22T08:00:00,94.727
2025-10-22T09:00:00,93.913
2025-10-22T10:00:00,93.052
2025-10-22T11:00:00,92.182
2025-10-22T12:00:00,91.189
2025-10-22T13:00:00,89.873
2025-10-22T14:00:00,88.04
2025-10-22T15:00:00,85.592
2025-10-22T16:00:00,82.582
2025-10-22T17:00:00,79.223
2025-10-22T18:00:00,75.854
2025-10-22T19:00:00,72.874
2025-10-22T20:00:00,70.676
2025-10-22T21:00:00,69.592
2025-10-22T22:00:00,69.846
2025-10-22T23:00:00,71.526
2025-10-23T00:00:00,74.553
2025-10-23T01:00:00,78.677
2025-10-23T02:00:00,83.48
2025-10-23T03:00:00,88.416
2025-10-23T04:00:00,92.891
2025-10-23T05:00:00,96.364
2025-10-23T06:00:00,98.459
2025-10-23T07:00:00,99.038
2025-10-23T08:00:00,98.227
2025-10-23T09:00:00,96.363
2025-10-23T10:00:00,93.898
2025-10-23T11:00:00,91.271
2025-10-23T12:00:00,88.801
2025-10-23T13:00:00,86.633
2025-10-23T14:00:00,84.743
2025-10-23T15:00:00,82.997
2025-10-23T16:00:00,81.238
2025-10-23T17:00:00,79.365
2025-10-23T18:00:00,77.376
2025-10-23T19:00:00,75.387
2025-10-23T20:00:00,73.602
2025-10-23T21:00:00,72.284
2025-10-23T22:00:00,71.708
2025-10-23T23:00:00,72.114
2025-10-24T00:00:00,73.674
2025-10-24T01:00:00,76.437
2025-10-24T02:00:00,80.291
2025-10-24T03:00:00,84.939
2025-10-24T04:00:00,89.905
2025-10-24T05:00:00,94.587
2025-10-24T06:00:00,98.364
2025-10-24T07:00:00,100.711
2025-10-24T08:00:00,101.326
2025-10-24T09:00:00,100.193
2025-10-24T10:00:00,97.581
2025-10-24T11:00:00,93.979
2025-10-24T12:00:00,89.964
2025-10-24T13:00:00,86.072
2025-10-24T14:00:00,82.694
2025-10-24T15:00:00,80.023
2025-10-24T16:00:00,78.071
2025-10-24T17:00:00,76.724
2025-10-24T18:00:00,75.817
2025-10-24T19:00:00,75.2
2025-10-24T20:00:00,74.781
2025-10-24T21:00:00,74.544
2025-10-24T22:00:00,74.545
2025-10-24T23:00:00,74.9
2025-10-25T00:00:00,75.766
2025-10-25T01:00:00,77.304
2025-10-25T02:00:00,79.641
2025-10-25T03:00:00,82.803
2025-10-25T04:00:00,86.669
2025-10-25T05:00:00,90.934
2025-10-25T06:00:00,95.122
2025-10-25T07:00:00,98.659
2025-10-25T08:00:00,100.98
2025-10-25T09:00:00,101.666
2025-10-25T10:00:00,100.544
2025-10-25T11:00:00,97.745
2025-10-25T12:00:00,93.67
2025-10-25T13:00:00,88.905
2025-10-25T14:00:00,84.083
2025-10-25T15:00:00,79.762
2025-10-25T16:00:00,76.338
2025-10-25T17:00:00,74.001
2025-10-25T18:00:00,72.762
2025-10-25T19:00:00,72.495
2025-10-25T20:00:00,72.998
2025-10-25T21:00:00,74.047
2025-10-25T22:00:00,75.431
2025-10-25T23:00:00,76.986
2025-10-26T00:00:00,78.609
2025-10-26T01:00:00,80.277
2025-10-26T02:00:00,82.042
2025-10-26T03:00:00,84.016
2025-10-26T04:00:00,86.311
2025-10-26T05:00:00,88.977
2025-10-26T06:00:00,91.933
2025-10-26T07:00:00,94.933
2025-10-26T08:00:00,97.578
2025-10-26T09:00:00,99.394
2025-10-26T10:00:00,99.943
2025-10-26T11:00:00,98.947
2025-10-26T12:00:00,96.372
2025-10-26T13:00:00,92.456
2025-10-26T14:00:00,87.667
2025-10-26T15:00:00,82.602
2025-10-26T16:00:00,77.87
2025-10-26T17:00:00,73.986
2025-10-26T18:00:00,71.299
2025-10-26T19:00:00,69.975
2025-10-26T20:00:00,70.002
2025-10-26T21:00:00,71.227
2025-10-26T22:00:00,73.393
2025-10-26T23:00:00,76.178
2025-10-27T00:00:00,79.238
2025-10-27T01:00:00,82.249
2025-10-27T02:00:00,84.961
2025-10-27T03:00:00,87.239
2025-10-27T04:00:00,89.079
2025-10-27T05:00:00,90.59
2025-10-27T06:00:00,91.935
2025-10-27T07:00:00,93.248
2025-10-27T08:00:00,94.553
2025-10-27T09:00:00,95.722
2025-10-27T10:00:00,96.489
2025-10-27T11:00:00,96.521
2025-10-27T12:00:00,95.521
2025-10-27T13:00:00,93.334
2025-10-27T14:00:00,90.014
2025-10-27T15:00:00,85.835
2025-10-27T16:00:00,81.242
2025-10-27T17:00:00,76.766
2025-10-27T18:00:00,72.929
2025-10-27T19:00:00,70.163
2025-10-27T20:00:00,68.758
2025-10-27T21:00:00,68.842
2025-10-27T22:00:00,70.379
2025-10-27T23:00:00,73.174
2025-10-28T00:00:00,68.159
2025-10-28T01:00:00,71.898
2025-10-28T02:00:00,75.646
2025-10-28T03:00:00,78.996
2025-10-28T04:00:00,81.63
2025-10-28T05:00:00,83.385
2025-10-28T06:00:00,84.271
2025-10-28T07:00:00,84.449
2025-10-28T08:00:00,84.166
2025-10-28T09:00:00,83.661
2025-10-28T10:00:00,83.085
2025-10-28T11:00:00,82.451
2025-10-28T12:00:00,81.649
2025-10-28T13:00:00,80.496
2025-10-28T14:00:00,78.823
2025-10-28T15:00:00,76.551
2025-10-28T16:00:00,73.741
2025-10-28T17:00:00,70.595
2025-10-28T18:00:00,67.427
2025-10-28T19:00:00,64.601
2025-10-28T20:00:00,62.478
2025-10-28T21:00:00,61.356
2025-10-28T22:00:00,61.441
2025-10-28T23:00:00,62.815
2025-10-29T00:00:00,65.415
2025-10-29T01:00:00,69.023
2025-10-29T02:00:00,73.276
2025-10-29T03:00:00,77.693
2025-10-29T04:00:00,81.751
2025-10-29T05:00:00,84.968
2025-10-29T06:00:00,87.004
2025-10-29T07:00:00,87.725
2025-10-29T08:00:00,87.225
2025-10-29T09:00:00,85.787
2025-10-29T10:00:00,83.791
2025-10-29T11:00:00,81.608
2025-10-29T12:00:00,79.51
2025-10-29T13:00:00,77.618
2025-10-29T14:00:00,75.91
2025-10-29T15:00:00,74.275
2025-10-29T16:00:00,72.585
2025-10-29T17:00:00,70.761
2025-10-29T18:00:00,68.817
2025-10-29T19:00:00,66.866
2025-10-29T20:00:00,65.102
2025-10-29T21:00:00,63.764
2025-10-29T22:00:00,63.103
2025-10-29T23:00:00,63.341
2025-10-30T00:00:00,64.632
2025-10-30T01:00:00,67.029
2025-10-30T02:00:00,70.438
2025-10-30T03:00:00,74.599
2025-10-30T04:00:00,79.09
2025-10-30T05:00:00,83.378
2025-10-30T06:00:00,86.901
2025-10-30T07:00:00,89.185
2025-10-30T08:00:00,89.946
2025-10-30T09:00:00,89.15
2025-10-30T10:00:00,87.021
2025-10-30T11:00:00,83.976
2025-10-30T12:00:00,80.513
2025-10-30T13:00:00,77.102
2025-10-30T14:00:00,74.088
2025-10-30T15:00:00,71.647
2025-10-30T16:00:00,69.799
2025-10-30T17:00:00,68.452
2025-10-30T18:00:00,67.475
2025-10-30T19:00:00,66.743
2025-10-30T20:00:00,66.188
2025-10-30T21:00:00,65.802
2025-10-30T22:00:00,65.643
2025-10-30T23:00:00,65.823
2025-10-31T00:00:00,66.488
2025-10-31T01:00:00,67.788
2025-10-31T02:00:00,69.842
2025-10-31T03:00:00,72.68
2025-10-31T04:00:00,76.194
2025-10-31T05:00:00,80.111
2025-10-31T06:00:00,84.002
2025-10-31T07:00:00,87.343
2025-10-31T08:00:00,89.618
2025-10-31T09:00:00,90.437
2025-10-31T10:00:00,89.629
2025-10-31T11:00:00,87.295
2025-10-31T12:00:00,83.78
2025-10-31T13:00:00,79.598
2025-10-31T14:00:00,75.309
2025-10-31T15:00:00,71.414
2025-10-31T16:00:00,68.27
2025-10-31T17:00:00,66.058
2025-10-31T18:00:00,64.795
2025-10-31T19:00:00,64.382
2025-10-31T20:00:00,64.648
2025-10-31T21:00:00,65.401
2025-10-31T22:00:00,66.466
2025-10-31T23:00:00,67.7
2025-11-01T00:00:00,69.024
2025-11-01T01:00:00,70.424
2025-11-01T02:00:00,71.958
2025-11-01T03:00:00,73.729
2025-11-01T04:00:00,75.841
2025-11-01T05:00:00,78.336
2025-11-01T06:00:00,81.134
2025-11-01T07:00:00,84.003
2025-11-01T08:00:00,86.572
2025-11-01T09:00:00,88.401
2025-11-01T10:00:00,89.082
2025-11-01T11:00:00,88.352
2025-11-01T12:00:00,86.171
2025-11-01T13:00:00,82.744
2025-11-01T14:00:00,78.487
2025-11-01T15:00:00,73.934
2025-11-01T16:00:00,69.634
2025-11-01T17:00:00,66.054
2025-11-01T18:00:00,63.514
2025-11-01T19:00:00,62.17
2025-11-01T20:00:00,62.02
2025-11-01T21:00:00,62.935
2025-11-01T22:00:00,64.693
2025-11-01T23:00:00,67.017
2025-11-02T00:00:00,69.608
2025-11-02T01:00:00,72.189
2025-11-02T02:00:00,74.548
2025-11-02T03:00:00,76.573
2025-11-02T04:00:00,78.267
2025-11-02T05:00:00,79.725
2025-11-02T06:00:00,81.087
2025-11-02T07:00:00,82.459
2025-11-02T08:00:00,83.844
2025-11-02T09:00:00,85.108
2025-11-02T10:00:00,85.995
2025-11-02T11:00:00,86.19
2025-11-02T12:00:00,85.416
2025-11-02T13:00:00,83.53
2025-11-02T14:00:00,80.581
2025-11-02T15:00:00,76.815
2025-11-02T16:00:00,72.639
2025-11-02T17:00:00,68.534
2025-11-02T18:00:00,64.974
2025-11-02T19:00:00,62.353
2025-11-02T20:00:00,60.935
2025-11-02T21:00:00,60.841
2025-11-02T22:00:00,62.044
2025-11-02T23:00:00,64.378
2025-11-03T00:00:00,67.557
2025-11-03T01:00:00,71.205
2025-11-03T02:00:00,74.901
2025-11-03T03:00:00,78.246
2025-11-03T04:00:00,80.929
2025-11-03T05:00:00,82.789
2025-11-03T06:00:00,83.83
2025-11-03T07:00:00,84.207
2025-11-03T08:00:00,84.148
2025-11-03T09:00:00,83.874
2025-11-03T10:00:00,83.512
2025-11-03T11:00:00,83.058
2025-11-03T12:00:00,82.384
2025-11-03T13:00:00,81.3
2025-11-03T14:00:00,79.632
2025-11-03T15:00:00,77.309
2025-11-03T16:00:00,74.398
2025-11-03T17:00:00,71.115
2025-11-03T18:00:00,67.786
2025-11-03T19:00:00,64.787
2025-11-03T20:00:00,62.487
2025-11-03T21:00:00,61.193
2025-11-03T22:00:00,61.118
2025-11-03T23:00:00,62.347
2025-11-04T00:00:00,64.825
2025-11-04T01:00:00,68.342
2025-11-04T02:00:00,72.54
2025-11-04T03:00:00,76.949
2025-11-04T04:00:00,81.049
2025-11-04T05:00:00,84.361
2025-11-04T06:00:00,86.541
2025-11-04T07:00:00,87.448
2025-11-04T08:00:00,87.163
2025-11-04T09:00:00,85.95
2025-11-04T10:00:00,84.169
2025-11-04T11:00:00,82.172
2025-11-04T12:00:00,80.215
2025-11-04T13:00:00,78.406
2025-11-04T14:00:00,76.72
2025-11-04T15:00:00,75.049
2025-11-04T16:00:00,73.27
2025-11-04T17:00:00,71.316
2025-11-04T18:00:00,69.214
2025-11-04T19:00:00,67.088
2025-11-04T20:00:00,65.142
2025-11-04T21:00:00,63.626
2025-11-04T22:00:00,62.796
2025-11-04T23:00:00,62.882
2025-11-05T00:00:00,64.046
2025-11-05T01:00:00,66.347
2025-11-05T02:00:00,69.7
2025-11-05T03:00:00,73.85
2025-11-05T04:00:00,78.382
2025-11-05T05:00:00,82.761
2025-11-05T06:00:00,86.424
2025-11-05T07:00:00,88.888
2025-11-05T08:00:00,89.856
2025-11-05T09:00:00,89.278
2025-11-05T10:00:00,87.361
2025-11-05T11:00:00,84.5
2025-11-05T12:00:00,81.181
2025-11-05T13:00:00,77.863
2025-11-05T14:00:00,74.884
2025-11-05T15:00:00,72.421
2025-11-05T16:00:00,70.498
2025-11-05T17:00:00,69.035
2025-11-05T18:00:00,67.908
2025-11-05T19:00:00,67.006
2025-11-05T20:00:00,66.269
2025-11-05T21:00:00,65.7
2025-11-05T22:00:00,65.366
2025-11-05T23:00:00,65.384
2025-11-06T00:00:00,65.91
2025-11-06T01:00:00,67.104
2025-11-06T02:00:00,69.093
2025-11-06T03:00:00,71.914
2025-11-06T04:00:00,75.465
2025-11-06T05:00:00,79.473
2025-11-06T06:00:00,83.504
2025-11-06T07:00:00,87.026
2025-11-06T08:00:00,89.508
2025-11-06T09:00:00,90.543
2025-11-06T10:00:00,89.944
2025-11-06T11:00:00,87.793
2025-11-06T12:00:00,84.423
2025-11-06T13:00:00,80.335
2025-11-06T14:00:00,76.086
2025-11-06T15:00:00,72.178
2025-11-06T16:00:00,68.971
2025-11-06T17:00:00,66.653
2025-11-06T18:00:00,65.253
2025-11-06T19:00:00,64.678
2025-11-06T20:00:00,64.769
2025-11-06T21:00:00,65.342
2025-11-06T22:00:00,66.227
2025-11-06T23:00:00,67.294
2025-11-07T00:00:00,68.469
2025-11-07T01:00:00,69.75
2025-11-07T02:00:00,71.205
2025-11-07T03:00:00,72.946
2025-11-07T04:00:00,75.084
2025-11-07T05:00:00,77.663
2025-11-07T06:00:00,80.6
2025-11-07T07:00:00,83.651
2025-11-07T08:00:00,86.432
2025-11-07T09:00:00,88.484
2025-11-07T10:00:00,89.379
2025-11-07T11:00:00,88.837
2025-11-07T12:00:00,86.802
2025-11-07T13:00:00,83.471
2025-11-07T14:00:00,79.256
2025-11-07T15:00:00,74.691
2025-11-07T16:00:00,70.332
2025-11-07T17:00:00,66.653
2025-11-07T18:00:00,63.983
2025-11-07T19:00:00,62.487
2025-11-07T20:00:00,62.169
2025-11-07T21:00:00,62.909
2025-11-07T22:00:00,64.492
2025-11-07T23:00:00,66.648
2025-11-08T00:00:00,69.086
2025-11-08T01:00:00,71.539
2025-11-08T02:00:00,73.807
2025-11-08T03:00:00,75.787
2025-11-08T04:00:00,77.49
2025-11-08T05:00:00,79.019
2025-11-08T06:00:00,80.51
2025-11-08T07:00:00,82.06
2025-11-08T08:00:00,83.658
2025-11-08T09:00:00,85.151
2025-11-08T10:00:00,86.262
2025-11-08T11:00:00,86.655
2025-11-08T12:00:00,86.038
2025-11-08T13:00:00,84.257
2025-11-08T14:00:00,81.354
2025-11-08T15:00:00,77.58
2025-11-08T16:00:00,73.346
2025-11-08T17:00:00,69.143
2025-11-08T18:00:00,65.454
2025-11-08T19:00:00,62.682
2025-11-08T20:00:00,61.101
2025-11-08T21:00:00,60.837
2025-11-08T22:00:00,61.87
2025-11-08T23:00:00,64.039
2025-11-09T00:00:00,67.066
2025-11-09T01:00:00,70.583
2025-11-09T02:00:00,74.181
2025-11-09T03:00:00,77.47
2025-11-09T04:00:00,80.15
2025-11-09T05:00:00,82.064
2025-11-09T06:00:00,83.219
2025-11-09T07:00:00,83.761
2025-11-09T08:00:00,83.909
2025-11-09T09:00:00,83.864
2025-11-09T10:00:00,83.732
2025-11-09T11:00:00,83.488
2025-11-09T12:00:00,82.985
2025-11-09T13:00:00,82.019
2025-11-09T14:00:00,80.411
2025-11-09T15:00:00,78.088
2025-11-09T16:00:00,75.125
2025-11-09T17:00:00,71.746
2025-11-09T18:00:00,68.287
2025-11-09T19:00:00,65.137
2025-11-09T20:00:00,62.671
2025-11-09T21:00:00,61.206
2025-11-09T22:00:00,60.959
2025-11-09T23:00:00,62.024
2025-11-10T00:00:00,64.352
2025-11-10T01:00:00,67.739
2025-11-10T02:00:00,71.839
2025-11-10T03:00:00,76.188
2025-11-10T04:00:00,80.276
2025-11-10T05:00:00,83.632
2025-11-10T06:00:00,85.912
2025-11-10T07:00:00,86.972
2025-11-10T08:00:00,86.882
2025-11-10T09:00:00,85.89
2025-11-10T10:00:00,84.337
2025-11-10T11:00:00,82.554
2025-11-10T12:00:00,80.777
2025-11-10T13:00:00,79.101
2025-11-10T14:00:00,77.492
2025-11-10T15:00:00,75.836
2025-11-10T16:00:00,74.017
2025-11-10T17:00:00,71.975
2025-11-10T18:00:00,69.747
2025-11-10T19:00:00,67.469
2025-11-10T20:00:00,65.355
2025-11-10T21:00:00,63.663
2025-11-10T22:00:00,62.657
2025-11-10T23:00:00,62.573
2025-11-11T00:00:00,63.583
2025-11-11T01:00:00,65.752
2025-11-11T02:00:00,69.003
2025-11-11T03:00:00,73.093
2025-11-11T04:00:00,77.611
2025-11-11T05:00:00,82.03
2025-11-11T06:00:00,85.788
2025-11-11T07:00:00,88.396
2025-11-11T08:00:00,89.549
2025-11-11T09:00:00,89.183
2025-11-11T10:00:00,87.486
2025-11-11T11:00:00,84.836
2025-11-11T12:00:00,81.701
2025-11-11T13:00:00,78.523
2025-11-11T14:00:00,75.632
2025-11-11T15:00:00,73.199
2025-11-11T16:00:00,71.252
2025-11-11T17:00:00,69.715
2025-11-11T18:00:00,68.473
2025-11-11T19:00:00,67.426
2025-11-11T20:00:00,66.522
2025-11-11T21:00:00,65.775
2025-11-11T22:00:00,65.258
2025-11-11T23:00:00,65.099
2025-11-12T00:00:00,65.461
2025-11-12T01:00:00,66.514
2025-11-12T02:00:00,68.394
2025-11-12T03:00:00,71.149
2025-11-12T04:00:00,74.683
2025-11-12T05:00:00,78.729
2025-11-12T06:00:00,82.853
2025-11-12T07:00:00,86.518
2025-11-12T08:00:00,89.183
2025-11-12T09:00:00,90.426
2025-11-12T10:00:00,90.044
2025-11-12T11:00:00,88.1
2025-11-12T12:00:00,84.91
2025-11-12T13:00:00,80.963
2025-11-12T14:00:00,76.807
2025-11-12T15:00:00,72.937
2025-11-12T16:00:00,69.717
2025-11-12T17:00:00,67.338
2025-11-12T18:00:00,65.837
2025-11-12T19:00:00,65.128
2025-11-12T20:00:00,65.06
2025-11-12T21:00:00,65.458
2025-11-12T22:00:00,66.161
2025-11-12T23:00:00,67.045
2025-11-13T00:00:00,68.048
2025-11-13T01:00:00,69.176
2025-11-13T02:00:00,70.51
2025-11-13T03:00:00,72.172
2025-11-13T04:00:00,74.283
2025-11-13T05:00:00,76.893
2025-11-13T06:00:00,79.919
2025-11-13T07:00:00,83.114
2025-11-13T08:00:00,86.08
2025-11-13T09:00:00,88.343
2025-11-13T10:00:00,89.458
2025-11-13T11:00:00,89.124
2025-11-13T12:00:00,87.271
2025-11-13T13:00:00,84.082
2025-11-13T14:00:00,79.959
2025-11-13T15:00:00,75.436
2025-11-13T16:00:00,71.069
2025-11-13T17:00:00,67.335
2025-11-13T18:00:00,64.573
2025-11-13T19:00:00,62.952
2025-11-13T20:00:00,62.486
2025-11-13T21:00:00,63.06
2025-11-13T22:00:00,64.466
2025-11-13T23:00:00,66.441
2025-11-14T00:00:00,68.703
2025-11-14T01:00:00,70.996
2025-11-14T02:00:00,73.13
2025-11-14T03:00:00,75.017
2025-11-14T04:00:00,76.678
2025-11-14T05:00:00,78.223
2025-11-14T06:00:00,79.793
2025-11-14T07:00:00,81.48
2025-11-14T08:00:00,83.263
2025-11-14T09:00:00,84.972
2025-11-14T10:00:00,86.309
2025-11-14T11:00:00,86.919
2025-11-14T12:00:00,86.492
2025-11-14T13:00:00,84.859
2025-11-14T14:00:00,82.053
2025-11-14T15:00:00,78.324
2025-11-14T16:00:00,74.083
2025-11-14T17:00:00,69.827
2025-11-14T18:00:00,66.048
2025-11-14T19:00:00,63.156
2025-11-14T20:00:00,61.432
2025-11-14T21:00:00,61.008
2025-11-14T22:00:00,61.87
2025-11-14T23:00:00,63.864
2025-11-15T00:00:00,66.719
2025-11-15T01:00:00,70.075
2025-11-15T02:00:00,73.534
2025-11-15T03:00:00,76.72
2025-11-15T04:00:00,79.343
2025-11-15T05:00:00,81.257
2025-11-15T06:00:00,82.475
2025-11-15T07:00:00,83.141
2025-11-15T08:00:00,83.465
2025-11-15T09:00:00,83.632
2025-11-15T10:00:00,83.731
2025-11-15T11:00:00,83.713
2025-11-15T12:00:00,83.412
2025-11-15T13:00:00,82.607
2025-11-15T14:00:00,81.108
2025-11-15T15:00:00,78.838
2025-11-15T16:00:00,75.873
2025-11-15T17:00:00,72.445
2025-11-15T18:00:00,68.897
2025-11-15T19:00:00,65.625
2025-11-15T20:00:00,63.016
2025-11-15T21:00:00,61.392
2025-11-15T22:00:00,60.977
2025-11-15T23:00:00,61.87
2025-11-16T00:00:00,64.028
2025-11-16T01:00:00,67.256
2025-11-16T02:00:00,71.217
2025-11-16T03:00:00,75.46
2025-11-16T04:00:00,79.486
2025-11-16T05:00:00,82.831
2025-11-16T06:00:00,85.159
2025-11-16T07:00:00,86.327
2025-11-16T08:00:00,86.398
2025-11-16T09:00:00,85.609
2025-11-16T10:00:00,84.282
2025-11-16T11:00:00,82.728
2025-11-16T12:00:00,81.161
2025-11-16T13:00:00,79.659
2025-11-16T14:00:00,78.173
2025-11-16T15:00:00,76.585
2025-11-16T16:00:00,74.777
2025-11-16T17:00:00,72.695
2025-11-16T18:00:00,70.383
2025-11-16T19:00:00,67.985
2025-11-16T20:00:00,65.727
2025-11-16T21:00:00,63.872
2025-11-16T22:00:00,62.694
2025-11-16T23:00:00,62.435
2025-11-17T00:00:00,63.273
2025-11-17T01:00:00,65.282
2025-11-17T02:00:00,68.395
2025-11-17T03:00:00,72.378
2025-11-17T04:00:00,76.831
2025-11-17T05:00:00,81.236
2025-11-17T06:00:00,85.035
2025-11-17T07:00:00,87.742
2025-11-17T08:00:00,89.044
2025-11-17T09:00:00,88.869
2025-11-17T10:00:00,87.388
2025-11-17T11:00:00,84.962
2025-11-17T12:00:00,82.037
2025-11-17T13:00:00,79.038
2025-11-17T14:00:00,76.281
2025-11-17T15:00:00,73.931
2025-11-17T16:00:00,72.011
2025-11-17T17:00:00,70.448
2025-11-17T18:00:00,69.133
2025-11-17T19:00:00,67.974
2025-11-17T20:00:00,66.93
2025-11-17T21:00:00,66.02
2025-11-17T22:00:00,65.327
2025-11-17T23:00:00,64.986
2025-11-18T00:00:00,65.169
2025-11-18T01:00:00,66.055
2025-11-18T02:00:00,67.791
2025-11-18T03:00:00,70.434
2025-11-18T04:00:00,73.9
2025-11-18T05:00:00,77.93
2025-11-18T06:00:00,82.094
2025-11-18T07:00:00,85.854
2025-11-18T08:00:00,88.665
2025-11-18T09:00:00,90.093
2025-11-18T10:00:00,89.92
2025-11-18T11:00:00,88.192
2025-11-18T12:00:00,85.208
2025-11-18T13:00:00,81.439
2025-11-18T14:00:00,77.421
2025-11-18T15:00:00,73.642
2025-11-18T16:00:00,70.46
2025-11-18T17:00:00,68.069
2025-11-18T18:00:00,66.508
2025-11-18T19:00:00,65.701
2025-11-18T20:00:00,65.501
2025-11-18T21:00:00,65.743
2025-11-18T22:00:00,66.272
2025-11-18T23:00:00,66.972
2025-11-19T00:00:00,67.788
2025-11-19T01:00:00,68.74
2025-11-19T02:00:00,69.917
2025-11-19T03:00:00,71.457
2025-11-19T04:00:00,73.49
2025-11-19T05:00:00,76.077
2025-11-19T06:00:00,79.139
2025-11-19T07:00:00,82.427
2025-11-19T08:00:00,85.539
2025-11-19T09:00:00,87.988
2025-11-19T10:00:00,89.313
2025-11-19T11:00:00,89.196
2025-11-19T12:00:00,87.546
2025-11-19T13:00:00,84.534
2025-11-19T14:00:00,80.549
2025-11-19T15:00:00,76.118
2025-11-19T16:00:00,71.793
2025-11-19T17:00:00,68.055
2025-11-19T18:00:00,65.243
2025-11-19T19:00:00,63.535
2025-11-19T20:00:00,62.949
2025-11-19T21:00:00,63.376
2025-11-19T22:00:00,64.616
2025-11-19T23:00:00,66.41
2025-11-20T00:00:00,68.485
2025-11-20T01:00:00,70.595
2025-11-20T02:00:00,72.563
2025-11-20T03:00:00,74.314
2025-11-20T04:00:00,75.883
2025-11-20T05:00:00,77.391
2025-11-20T06:00:00,78.985
2025-11-20T07:00:00,80.759
2025-11-20T08:00:00,82.685
2025-11-20T09:00:00,84.582
2025-11-20T10:00:00,86.134
2025-11-20T11:00:00,86.966
2025-11-20T12:00:00,86.749
2025-11-20T13:00:00,85.296
2025-11-20T14:00:00,82.632
2025-11-20T15:00:00,78.996
2025-11-20T16:00:00,74.799
2025-11-20T17:00:00,70.54
2025-11-20T18:00:00,66.716
2025-11-20T19:00:00,63.742
2025-11-20T20:00:00,61.905
2025-11-20T21:00:00,61.343
2025-11-20T22:00:00,62.047
2025-11-20T23:00:00,63.867
2025-11-21T00:00:00,66.54
2025-11-21T01:00:00,69.714
2025-11-21T02:00:00,73.004
2025-11-21T03:00:00,76.045
2025-11-21T04:00:00,78.562
2025-11-21T05:00:00,80.423
2025-11-21T06:00:00,81.648
2025-11-21T07:00:00,82.387
2025-11-21T08:00:00,82.844
2025-11-21T09:00:00,83.194
2025-11-21T10:00:00,83.509
2025-11-21T11:00:00,83.72
2025-11-21T12:00:00,83.638
2025-11-21T13:00:00,83.025
2025-11-21T14:00:00,81.677
2025-11-21T15:00:00,79.508
2025-11-21T16:00:00,76.593
2025-11-21T17:00:00,73.165
2025-11-21T18:00:00,69.572
2025-11-21T19:00:00,66.22
2025-11-21T20:00:00,63.499
2025-11-21T21:00:00,61.74
2025-11-21T22:00:00,61.17
2025-11-21T23:00:00,61.894
2025-11-22T00:00:00,63.875
2025-11-22T01:00:00,66.926
2025-11-22T02:00:00,70.72
2025-11-22T03:00:00,74.816
2025-11-22T04:00:00,78.73
2025-11-22T05:00:00,82.01
2025-11-22T06:00:00,84.332
2025-11-22T07:00:00,85.556
2025-11-22T08:00:00,85.745
2025-11-22T09:00:00,85.126
2025-11-22T10:00:00,84.008
2025-11-22T11:00:00,82.682
2025-11-22T12:00:00,81.34
2025-11-22T13:00:00,80.041
2025-11-22T14:00:00,78.719
2025-11-22T15:00:00,77.247
2025-11-22T16:00:00,75.5
2025-11-22T17:00:00,73.427
2025-11-22T18:00:00,71.077
2025-11-22T19:00:00,68.601
2025-11-22T20:00:00,66.231
2025-11-22T21:00:00,64.239
2025-11-22T22:00:00,62.904
2025-11-22T23:00:00,62.476
2025-11-23T00:00:00,63.137
2025-11-23T01:00:00,64.97
2025-11-23T02:00:00,67.916
2025-11-23T03:00:00,71.754
2025-11-23T04:00:00,76.095
2025-11-23T05:00:00,80.432
2025-11-23T06:00:00,84.216
2025-11-23T07:00:00,86.968
2025-11-23T08:00:00,88.375
2025-11-23T09:00:00,88.357
2025-11-23T10:00:00,87.073
2025-11-23T11:00:00,84.866
2025-11-23T12:00:00,82.164
2025-11-23T13:00:00,79.373
2025-11-23T14:00:00,76.79
2025-11-23T15:00:00,74.569
2025-11-23T16:00:00,72.725
2025-11-23T17:00:00,71.185
2025-11-23T18:00:00,69.844
2025-11-23T19:00:00,68.616
2025-11-23T20:00:00,67.465
2025-11-23T21:00:00,66.418
2025-11-23T22:00:00,65.567
2025-11-23T23:00:00,65.053
2025-11-24T00:00:00,65.053
2025-11-24T01:00:00,65.758
2025-11-24T02:00:00,67.323
2025-11-24T03:00:00,69.818
2025-11-24T04:00:00,73.17
2025-11-24T05:00:00,77.13
2025-11-24T06:00:00,81.278
2025-11-24T07:00:00,85.08
2025-11-24T08:00:00,87.989
2025-11-24T09:00:00,89.566
2025-11-24T10:00:00,89.58
2025-11-24T11:00:00,88.064
2025-11-24T12:00:00,85.296
2025-11-24T13:00:00,81.731
2025-11-24T14:00:00,77.888
2025-11-24T15:00:00,74.244
2025-11-24T16:00:00,71.15
2025-11-24T17:00:00,68.796
2025-11-24T18:00:00,67.224
2025-11-24T19:00:00,66.36
2025-11-24T20:00:00,66.065
2025-11-24T21:00:00,66.178
2025-11-24T22:00:00,66.552
2025-11-24T23:00:00,67.077
2025-11-25T00:00:00,67.706
2025-11-25T01:00:00,68.469
2025-11-25T02:00:00,69.466
2025-11-25T03:00:00,70.847
2025-11-25T04:00:00,72.758
2025-11-25T05:00:00,75.269
2025-11-25T06:00:00,78.311
2025-11-25T07:00:00,81.639
2025-11-25T08:00:00,84.849
2025-11-25T09:00:00,87.445
2025-11-25T10:00:00,88.956
2025-11-25T11:00:00,89.046
2025-11-25T12:00:00,87.609
2025-11-25T13:00:00,84.797
2025-11-25T14:00:00,80.985
2025-11-25T15:00:00,76.69
2025-11-25T16:00:00,72.457
2025-11-25T17:00:00,68.763
2025-11-25T18:00:00,65.95
2025-11-25T19:00:00,64.197
2025-11-25T20:00:00,63.528
2025-11-25T21:00:00,63.839
2025-11-25T22:00:00,64.932
2025-11-25T23:00:00,66.557
2025-11-26T00:00:00,68.447
2025-11-26T01:00:00,70.364
2025-11-26T02:00:00,72.144
2025-11-26T03:00:00,73.724
2025-11-26T04:00:00,75.157
2025-11-26T05:00:00,76.576
2025-11-26T06:00:00,78.138
2025-11-26T07:00:00,79.944
2025-11-26T08:00:00,81.964
2025-11-26T09:00:00,84.009
2025-11-26T10:00:00,85.749
2025-11-26T11:00:00,86.793
2025-11-26T12:00:00,86.791
2025-11-26T13:00:00,85.541
2025-11-26T14:00:00,83.051
2025-11-26T15:00:00,79.551
2025-11-26T16:00:00,75.446
2025-11-26T17:00:00,71.234
2025-11-26T18:00:00,67.412
2025-11-26T19:00:00,64.4
2025-11-26T20:00:00,62.488
2025-11-26T21:00:00,61.82
2025-11-26T22:00:00,62.387
2025-11-26T23:00:00,64.048
2025-11-27T00:00:00,61.423
2025-11-27T01:00:00,64.179
2025-11-27T02:00:00,67.04
2025-11-27T03:00:00,69.683
2025-11-27T04:00:00,71.87
2025-11-27T05:00:00,73.491
2025-11-27T06:00:00,74.578
2025-11-27T07:00:00,75.275
2025-11-27T08:00:00,75.772
2025-11-27T09:00:00,76.227
2025-11-27T10:00:00,76.691
2025-11-27T11:00:00,77.084
2025-11-27T12:00:00,77.214
2025-11-27T13:00:00,76.843
2025-11-27T14:00:00,75.767
2025-11-27T15:00:00,73.897
2025-11-27T16:00:00,71.295
2025-11-27T17:00:00,68.176
2025-11-27T18:00:00,64.863
2025-11-27T19:00:00,61.735
2025-11-27T20:00:00,59.157
2025-11-27T21:00:00,57.437
2025-11-27T22:00:00,56.791
2025-11-27T23:00:00,57.318
2025-11-28T00:00:00,58.988
2025-11-28T01:00:00,61.636
2025-11-28T02:00:00,64.966
2025-11-28T03:00:00,68.584
2025-11-28T04:00:00,72.055
2025-11-28T05:00:00,74.977
2025-11-28T06:00:00,77.063
2025-11-28T07:00:00,78.192
2025-11-28T08:00:00,78.427
2025-11-28T09:00:00,77.974
2025-11-28T10:00:00,77.106
2025-11-28T11:00:00,76.079
2025-11-28T12:00:00,75.049
2025-11-28T13:00:00,74.052
2025-11-28T14:00:00,73.011
2025-11-28T15:00:00,71.795
2025-11-28T16:00:00,70.282
2025-11-28T17:00:00,68.422
2025-11-28T18:00:00,66.262
2025-11-28T19:00:00,63.945
2025-11-28T20:00:00,61.692
2025-11-28T21:00:00,59.758
2025-11-28T22:00:00,58.406
2025-11-28T23:00:00,57.87
2025-11-29T00:00:00,58.323
2025-11-29T01:00:00,59.849
2025-11-29T02:00:00,62.4
2025-11-29T03:00:00,65.782
2025-11-29T04:00:00,69.648
2025-11-29T05:00:00,73.543
2025-11-29T06:00:00,76.973
2025-11-29T07:00:00,79.503
2025-11-29T08:00:00,80.849
2025-11-29T09:00:00,80.935
2025-11-29T10:00:00,79.902
2025-11-29T11:00:00,78.052
2025-11-29T12:00:00,75.762
2025-11-29T13:00:00,73.389
2025-11-29T14:00:00,71.191
2025-11-29T15:00:00,69.294
2025-11-29T16:00:00,67.705
2025-11-29T17:00:00,66.35
2025-11-29T18:00:00,65.133
2025-11-29T19:00:00,63.976
2025-11-29T20:00:00,62.853
2025-11-29T21:00:00,61.795
2025-11-29T22:00:00,60.888
2025-11-29T23:00:00,60.27
2025-11-30T00:00:00,60.111
2025-11-30T01:00:00,60.593
2025-11-30T02:00:00,61.866
2025-11-30T03:00:00,64.008
2025-11-30T04:00:00,66.961
2025-11-30T05:00:00,70.508
2025-11-30T06:00:00,74.272
2025-11-30T07:00:00,77.767
2025-11-30T08:00:00,80.493
2025-11-30T09:00:00,82.044
2025-11-30T10:00:00,82.198
2025-11-30T11:00:00,80.974
2025-11-30T12:00:00,78.615
2025-11-30T13:00:00,75.523
2025-11-30T14:00:00,72.162
2025-11-30T15:00:00,68.957
2025-11-30T16:00:00,66.222
2025-11-30T17:00:00,64.128
2025-11-30T18:00:00,62.71
2025-11-30T19:00:00,61.903
2025-11-30T20:00:00,61.582
2025-11-30T21:00:00,61.602
2025-11-30T22:00:00,61.83
2025-11-30T23:00:00,62.172
2025-12-01T00:00:00,62.591
2025-12-01T01:00:00,63.12
2025-12-01T02:00:00,63.864
2025-12-01T03:00:00,64.97
2025-12-01T04:00:00,66.586
2025-12-01T05:00:00,68.791
2025-12-01T06:00:00,71.53
2025-12-01T07:00:00,74.587
2025-12-01T08:00:00,77.589
2025-12-01T09:00:00,80.078
2025-12-01T10:00:00,81.61
2025-12-01T11:00:00,81.865
2025-12-01T12:00:00,80.728
2025-12-01T13:00:00,78.326
2025-12-01T14:00:00,74.989
2025-12-01T15:00:00,71.181
2025-12-01T16:00:00,67.397
2025-12-01T17:00:00,64.072
2025-12-01T18:00:00,61.519
2025-12-01T19:00:00,59.903
2025-12-01T20:00:00,59.249
2025-12-01T21:00:00,59.462
2025-12-01T22:00:00,60.366
2025-12-01T23:00:00,61.73
2025-12-02T00:00:00,63.315
2025-12-02T01:00:00,64.909
2025-12-02T02:00:00,66.368
2025-12-02T03:00:00,67.649
2025-12-02T04:00:00,68.813
2025-12-02T05:00:00,69.998
2025-12-02T06:00:00,71.362
2025-12-02T07:00:00,73.006
2025-12-02T08:00:00,74.906
2025-12-02T09:00:00,76.885
2025-12-02T10:00:00,78.629
2025-12-02T11:00:00,79.765
2025-12-02T12:00:00,79.955
2025-12-02T13:00:00,78.994
2025-12-02T14:00:00,76.876
2025-12-02T15:00:00,73.802
2025-12-02T16:00:00,70.136
2025-12-02T17:00:00,66.333
2025-12-02T18:00:00,62.852
2025-12-02T19:00:00,60.079
2025-12-02T20:00:00,58.286
2025-12-02T21:00:00,57.606
2025-12-02T22:00:00,58.035
2025-12-02T23:00:00,59.442
2025-12-03T00:00:00,61.593
2025-12-03T01:00:00,64.177
2025-12-03T02:00:00,66.855
2025-12-03T03:00:00,69.316
2025-12-03T04:00:00,71.335
2025-12-03T05:00:00,72.819
2025-12-03T06:00:00,73.813
2025-12-03T07:00:00,74.473
2025-12-03T08:00:00,74.995
2025-12-03T09:00:00,75.533
2025-12-03T10:00:00,76.132
2025-12-03T11:00:00,76.699
2025-12-03T12:00:00,77.025
2025-12-03T13:00:00,76.853
2025-12-03T14:00:00,75.963
2025-12-03T15:00:00,74.254
2025-12-03T16:00:00,71.778
2025-12-03T17:00:00,68.746
2025-12-03T18:00:00,65.481
2025-12-03T19:00:00,62.363
2025-12-03T20:00:00,59.759
2025-12-03T21:00:00,57.981
2025-12-03T22:00:00,57.245
2025-12-03T23:00:00,57.655
2025-12-04T00:00:00,59.182
2025-12-04T01:00:00,61.666
2025-12-04T02:00:00,64.819
2025-12-04T03:00:00,68.256
2025-12-04T04:00:00,71.557
2025-12-04T05:00:00,74.334
2025-12-04T06:00:00,76.314
2025-12-04T07:00:00,77.391
2025-12-04T08:00:00,77.634
2025-12-04T09:00:00,77.251
2025-12-04T10:00:00,76.509
2025-12-04T11:00:00,75.651
2025-12-04T12:00:00,74.818
2025-12-04T13:00:00,74.026
2025-12-04T14:00:00,73.179
2025-12-04T15:00:00,72.133
2025-12-04T16:00:00,70.756
2025-12-04T17:00:00,68.99
2025-12-04T18:00:00,66.882
2025-12-04T19:00:00,64.579
2025-12-04T20:00:00,62.301
2025-12-04T21:00:00,60.309
2025-12-04T22:00:00,58.869
2025-12-04T23:00:00,58.218
2025-12-05T00:00:00,58.532
2025-12-05T01:00:00,59.898
2025-12-05T02:00:00,62.278
2025-12-05T03:00:00,65.484
2025-12-05T04:00:00,69.182
2025-12-05T05:00:00,72.931
2025-12-05T06:00:00,76.25
2025-12-05T07:00:00,78.717
2025-12-05T08:00:00,80.057
2025-12-05T09:00:00,80.199
2025-12-05T10:00:00,79.277
2025-12-05T11:00:00,77.585
2025-12-05T12:00:00,75.485
2025-12-05T13:00:00,73.316
2025-12-05T14:00:00,71.317
2025-12-05T15:00:00,69.6
2025-12-05T16:00:00,68.157
2025-12-05T17:00:00,66.909
2025-12-05T18:00:00,65.755
2025-12-05T19:00:00,64.62
2025-12-05T20:00:00,63.478
2025-12-05T21:00:00,62.364
2025-12-05T22:00:00,61.371
2025-12-05T23:00:00,60.637
2025-12-06T00:00:00,60.338
2025-12-06T01:00:00,60.659
2025-12-06T02:00:00,61.761
2025-12-06T03:00:00,63.727
2025-12-06T04:00:00,66.514
2025-12-06T05:00:00,69.915
2025-12-06T06:00:00,73.568
2025-12-06T07:00:00,76.998
2025-12-06T08:00:00,79.712
2025-12-06T09:00:00,81.307
2025-12-06T10:00:00,81.561
2025-12-06T11:00:00,80.483
2025-12-06T12:00:00,78.303
2025-12-06T13:00:00,75.408
2025-12-06T14:00:00,72.244
2025-12-06T15:00:00,69.221
2025-12-06T16:00:00,66.64
2025-12-06T17:00:00,64.663
2025-12-06T18:00:00,63.322
2025-12-06T19:00:00,62.549
2025-12-06T20:00:00,62.22
2025-12-06T21:00:00,62.194
2025-12-06T22:00:00,62.341
2025-12-06T23:00:00,62.569
2025-12-07T00:00:00,62.847
2025-12-07T01:00:00,63.213
2025-12-07T02:00:00,63.779
2025-12-07T03:00:00,64.705
2025-12-07T04:00:00,66.151
2025-12-07T05:00:00,68.206
2025-12-07T06:00:00,70.833
2025-12-07T07:00:00,73.822
2025-12-07T08:00:00,76.81
2025-12-07T09:00:00,79.341
2025-12-07T10:00:00,80.968
2025-12-07T11:00:00,81.361
2025-12-07T12:00:00,80.396
2025-12-07T13:00:00,78.182
2025-12-07T14:00:00,75.036
2025-12-07T15:00:00,71.407
2025-12-07T16:00:00,67.779
2025-12-07T17:00:00,64.576
2025-12-07T18:00:00,62.108
2025-12-07T19:00:00,60.538
2025-12-07T20:00:00,59.889
2025-12-07T21:00:00,60.069
2025-12-07T22:00:00,60.901
2025-12-07T23:00:00,62.16
2025-12-08T00:00:00,63.608
2025-12-08T01:00:00,65.039
2025-12-08T02:00:00,66.318
2025-12-08T03:00:00,67.411
2025-12-08T04:00:00,68.395
2025-12-08T05:00:00,69.422
2025-12-08T06:00:00,70.664
2025-12-08T07:00:00,72.235
2025-12-08T08:00:00,74.117
2025-12-08T09:00:00,76.135
2025-12-08T10:00:00,77.973
2025-12-08T11:00:00,79.247
2025-12-08T12:00:00,79.607
2025-12-08T13:00:00,78.832
2025-12-08T14:00:00,76.902
2025-12-08T15:00:00,74.003
2025-12-08T16:00:00,70.491
2025-12-08T17:00:00,66.811
2025-12-08T18:00:00,63.418
2025-12-08T19:00:00,60.696
2025-12-08T20:00:00,58.917
2025-12-08T21:00:00,58.214
2025-12-08T22:00:00,58.583
2025-12-08T23:00:00,59.896
2025-12-09T00:00:00,61.92
2025-12-09T01:00:00,64.348
2025-12-09T02:00:00,66.847
2025-12-09T03:00:00,69.118
2025-12-09T04:00:00,70.95
2025-12-09T05:00:00,72.264
2025-12-09T06:00:00,73.123
2025-12-09T07:00:00,73.696
2025-12-09T08:00:00,74.189
2025-12-09T09:00:00,74.759
2025-12-09T10:00:00,75.449
2025-12-09T11:00:00,76.154
2025-12-09T12:00:00,76.652
2025-12-09T13:00:00,76.669
2025-12-09T14:00:00,75.971
2025-12-09T15:00:00,74.439
2025-12-09T16:00:00,72.118
2025-12-09T17:00:00,69.209
2025-12-09T18:00:00,66.033
2025-12-09T19:00:00,62.967
2025-12-09T20:00:00,60.38
2025-12-09T21:00:00,58.583
2025-12-09T22:00:00,57.796
2025-12-09T23:00:00,58.12
2025-12-10T00:00:00,59.531
2025-12-10T01:00:00,61.868
2025-12-10T02:00:00,64.849
2025-12-10T03:00:00,68.101
2025-12-10T04:00:00,71.213
2025-12-10T05:00:00,73.814
2025-12-10T06:00:00,75.648
2025-12-10T07:00:00,76.624
2025-12-10T08:00:00,76.822
2025-12-10T09:00:00,76.456
2025-12-10T10:00:00,75.794
2025-12-10T11:00:00,75.067
2025-12-10T12:00:00,74.406
2025-12-10T13:00:00,73.806
2025-12-10T14:00:00,73.158
2025-12-10T15:00:00,72.297
2025-12-10T16:00:00,71.081
2025-12-10T17:00:00,69.445
2025-12-10T18:00:00,67.43
2025-12-10T19:00:00,65.181
2025-12-10T20:00:00,62.921
2025-12-10T21:00:00,60.913
2025-12-10T22:00:00,59.423
2025-12-10T23:00:00,58.69
2025-12-11T00:00:00,58.892
2025-12-11T01:00:00,60.119
2025-12-11T02:00:00,62.334
2025-12-11T03:00:00,65.361
2025-12-11T04:00:00,68.875
2025-12-11T05:00:00,72.449
2025-12-11T06:00:00,75.617
2025-12-11T07:00:00,77.974
2025-12-11T08:00:00,79.256
2025-12-11T09:00:00,79.399
2025-12-11T10:00:00,78.54
2025-12-11T11:00:00,76.967
2025-12-11T12:00:00,75.03
2025-12-11T13:00:00,73.052
2025-12-11T14:00:00,71.253
2025-12-11T15:00:00,69.729
2025-12-11T16:00:00,68.457
2025-12-11T17:00:00,67.349
2025-12-11T18:00:00,66.297
2025-12-11T19:00:00,65.225
2025-12-11T20:00:00,64.107
2025-12-11T21:00:00,62.98
2025-12-11T22:00:00,61.938
2025-12-11T23:00:00,61.123
2025-12-12T00:00:00,60.712
2025-12-12T01:00:00,60.894
2025-12-12T02:00:00,61.834
2025-12-12T03:00:00,63.624
2025-12-12T04:00:00,66.23
2025-12-12T05:00:00,69.46
2025-12-12T06:00:00,72.963
2025-12-12T07:00:00,76.28
2025-12-12T08:00:00,78.929
2025-12-12T09:00:00,80.516
2025-12-12T10:00:00,80.82
2025-12-12T11:00:00,79.847
2025-12-12T12:00:00,77.817
2025-12-12T13:00:00,75.103
2025-12-12T14:00:00,72.135
2025-12-12T15:00:00,69.306
2025-12-12T16:00:00,66.902
2025-12-12T17:00:00,65.075
2025-12-12T18:00:00,63.848
2025-12-12T19:00:00,63.15
2025-12-12T20:00:00,62.856
2025-12-12T21:00:00,62.826
2025-12-12T22:00:00,62.93
2025-12-12T23:00:00,63.08
2025-12-13T00:00:00,63.246
2025-12-13T01:00:00,63.471
2025-12-13T02:00:00,63.873
2025-12-13T03:00:00,64.62
2025-12-13T04:00:00,65.882
2025-12-13T05:00:00,67.764
2025-12-13T06:00:00,70.241
2025-12-13T07:00:00,73.117
2025-12-13T08:00:00,76.039
2025-12-13T09:00:00,78.559
2025-12-13T10:00:00,80.23
2025-12-13T11:00:00,80.719
2025-12-13T12:00:00,79.894
2025-12-13T13:00:00,77.851
2025-12-13T14:00:00,74.893
2025-12-13T15:00:00,71.453
2025-12-13T16:00:00,68.001
2025-12-13T17:00:00,64.951
2025-12-13T18:00:00,62.605
2025-12-13T19:00:00,61.121
2025-12-13T20:00:00,60.519
2025-12-13T21:00:00,60.708
2025-12-13T22:00:00,61.51
2025-12-13T23:00:00,62.699
2025-12-14T00:00:00,64.041
2025-12-14T01:00:00,65.333
2025-12-14T02:00:00,66.445
2025-12-14T03:00:00,67.355
2025-12-14T04:00:00,68.148
2025-12-14T05:00:00,68.994
2025-12-14T06:00:00,70.079
2025-12-14T07:00:00,71.531
2025-12-14T08:00:00,73.344
2025-12-14T09:00:00,75.348
2025-12-14T10:00:00,77.229
2025-12-14T11:00:00,78.598
2025-12-14T12:00:00,79.094
2025-12-14T13:00:00,78.486
2025-12-14T14:00:00,76.739
2025-12-14T15:00:00,74.023
2025-12-14T16:00:00,70.683
2025-12-14T17:00:00,67.155
2025-12-14T18:00:00,63.885
2025-12-14T19:00:00,61.254
2025-12-14T20:00:00,59.531
2025-12-14T21:00:00,58.847
2025-12-14T22:00:00,59.198
2025-12-14T23:00:00,60.455
2025-12-15T00:00:00,62.383
2025-12-15T01:00:00,64.68
2025-12-15T02:00:00,67.017
2025-12-15T03:00:00,69.103
2025-12-15T04:00:00,70.739
2025-12-15T05:00:00,71.863
2025-12-15T06:00:00,72.553
2025-12-15T07:00:00,72.995
2025-12-15T08:00:00,73.408
2025-12-15T09:00:00,73.958
2025-12-15T10:00:00,74.685
2025-12-15T11:00:00,75.484
2025-12-15T12:00:00,76.119
2025-12-15T13:00:00,76.305
2025-12-15T14:00:00,75.79
2025-12-15T15:00:00,74.442
2025-12-15T16:00:00,72.292
2025-12-15T17:00:00,69.533
2025-12-15T18:00:00,66.48
2025-12-15T19:00:00,63.505
2025-12-15T20:00:00,60.977
2025-12-15T21:00:00,59.205
2025-12-15T22:00:00,58.407
2025-12-15T23:00:00,58.684
2025-12-16T00:00:00,60.011
2025-12-16T01:00:00,62.228
2025-12-16T02:00:00,65.057
2025-12-16T03:00:00,68.13
2025-12-16T04:00:00,71.047
2025-12-16T05:00:00,73.453
2025-12-16T06:00:00,75.11
2025-12-16T07:00:00,75.941
2025-12-16T08:00:00,76.044
2025-12-16T09:00:00,75.643
2025-12-16T10:00:00,75.007
2025-12-16T11:00:00,74.367
2025-12-16T12:00:00,73.84
2025-12-16T13:00:00,73.41
2025-12-16T14:00:00,72.949
2025-12-16T15:00:00,72.278
2025-12-16T16:00:00,71.239
2025-12-16T17:00:00,69.757
2025-12-16T18:00:00,67.867
2025-12-16T19:00:00,65.711
2025-12-16T20:00:00,63.511
2025-12-16T21:00:00,61.529
2025-12-16T22:00:00,60.031
2025-12-16T23:00:00,59.255
2025-12-17T00:00:00,59.38
2025-12-17T01:00:00,60.494
2025-12-17T02:00:00,62.566
2025-12-17T03:00:00,65.422
2025-12-17T04:00:00,68.749
2025-12-17T05:00:00,72.13
2025-12-17T06:00:00,75.118
2025-12-17T07:00:00,77.323
2025-12-17T08:00:00,78.497
2025-12-17T09:00:00,78.589
2025-12-17T10:00:00,77.741
2025-12-17T11:00:00,76.24
2025-12-17T12:00:00,74.428
2025-12-17T13:00:00,72.614
2025-12-17T14:00:00,71.004
2025-12-17T15:00:00,69.673
2025-12-17T16:00:00,68.587
2025-12-17T17:00:00,67.642
2025-12-17T18:00:00,66.724
2025-12-17T19:00:00,65.752
2025-12-17T20:00:00,64.699
2025-12-17T21:00:00,63.601
2025-12-17T22:00:00,62.553
2025-12-17T23:00:00,61.696
2025-12-18T00:00:00,61.209
2025-12-18T01:00:00,61.281
2025-12-18T02:00:00,62.081
2025-12-18T03:00:00,63.705
2025-12-18T04:00:00,66.129
2025-12-18T05:00:00,69.172
2025-12-18T06:00:00,72.497
2025-12-18T07:00:00,75.661
2025-12-18T08:00:00,78.198
2025-12-18T09:00:00,79.724
2025-12-18T10:00:00,80.025
2025-12-18T11:00:00,79.109
2025-12-18T12:00:00,77.189
2025-12-18T13:00:00,74.629
2025-12-18T14:00:00,71.842
2025-12-18T15:00:00,69.206
2025-12-18T16:00:00,66.991
2025-12-18T17:00:00,65.336
2025-12-18T18:00:00,64.253
2025-12-18T19:00:00,63.666
2025-12-18T20:00:00,63.448
2025-12-18T21:00:00,63.455
2025-12-18T22:00:00,63.559
2025-12-18T23:00:00,63.672
2025-12-19T00:00:00,63.763
2025-12-19T01:00:00,63.878
2025-12-19T02:00:00,64.139
2025-12-19T03:00:00,64.719
2025-12-19T04:00:00,65.799
2025-12-19T05:00:00,67.495
2025-12-19T06:00:00,69.795
2025-12-19T07:00:00,72.519
2025-12-19T08:00:00,75.328
2025-12-19T09:00:00,77.784
2025-12-19T10:00:00,79.445
2025-12-19T11:00:00,79.983
2025-12-19T12:00:00,79.257
2025-12-19T13:00:00,77.355
2025-12-19T14:00:00,74.568
2025-12-19T15:00:00,71.314
2025-12-19T16:00:00,68.048
2025-12-19T17:00:00,65.172
2025-12-19T18:00:00,62.977
2025-12-19T19:00:00,61.613
2025-12-19T20:00:00,61.099
2025-12-19T21:00:00,61.338
2025-12-19T22:00:00,62.151
2025-12-19T23:00:00,63.312
2025-12-20T00:00:00,64.586
2025-12-20T01:00:00,65.771
2025-12-20T02:00:00,66.742
2025-12-20T03:00:00,67.482
2025-12-20T04:00:00,68.088
2025-12-20T05:00:00,68.742
2025-12-20T06:00:00,69.646
2025-12-20T07:00:00,70.942
2025-12-20T08:00:00,72.639
2025-12-20T09:00:00,74.578
2025-12-20T10:00:00,76.448
2025-12-20T11:00:00,77.862
2025-12-20T12:00:00,78.453
2025-12-20T13:00:00,77.98
2025-12-20T14:00:00,76.396
2025-12-20T15:00:00,73.859
2025-12-20T16:00:00,70.699
2025-12-20T17:00:00,67.341
2025-12-20T18:00:00,64.222
2025-12-20T19:00:00,61.716
2025-12-20T20:00:00,60.087
2025-12-20T21:00:00,59.464
2025-12-20T22:00:00,59.839
2025-12-20T23:00:00,61.08
2025-12-21T00:00:00,62.953
2025-12-21T01:00:00,65.152
2025-12-21T02:00:00,67.354
2025-12-21T03:00:00,69.271
2025-12-21T04:00:00,70.717
2025-12-21T05:00:00,71.641
2025-12-21T06:00:00,72.14
2025-12-21T07:00:00,72.417
2025-12-21T08:00:00,72.705
2025-12-21T09:00:00,73.181
2025-12-21T10:00:00,73.894
2025-12-21T11:00:00,74.735
2025-12-21T12:00:00,75.465
2025-12-21T13:00:00,75.785
2025-12-21T14:00:00,75.433
2025-12-21T15:00:00,74.261
2025-12-21T16:00:00,72.289
2025-12-21T17:00:00,69.697
2025-12-21T18:00:00,66.792
2025-12-21T19:00:00,63.942
2025-12-21T20:00:00,61.51
2025-12-21T21:00:00,59.803
2025-12-21T22:00:00,59.037
2025-12-21T23:00:00,59.309
2025-12-22T00:00:00,60.592
2025-12-22T01:00:00,62.724
2025-12-22T02:00:00,65.428
2025-12-22T03:00:00,68.34
2025-12-22T04:00:00,71.07
2025-12-22T05:00:00,73.275
2025-12-22T06:00:00,74.733
2025-12-22T07:00:00,75.387
2025-12-22T08:00:00,75.352
2025-12-22T09:00:00,74.863
2025-12-22T10:00:00,74.201
2025-12-22T11:00:00,73.595
2025-12-22T12:00:00,73.159
2025-12-22T13:00:00,72.864
2025-12-22T14:00:00,72.568
2025-12-22T15:00:00,72.076
2025-12-22T16:00:00,71.218
2025-12-22T17:00:00,69.905
2025-12-22T18:00:00,68.165
2025-12-22T19:00:00,66.134
2025-12-22T20:00:00,64.03
2025-12-22T21:00:00,62.114
2025-12-22T22:00:00,60.65
2025-12-22T23:00:00,59.874
2025-12-23T00:00:00,59.962
2025-12-23T01:00:00,61.001
2025-12-23T02:00:00,62.959
2025-12-23T03:00:00,65.665
2025-12-23T04:00:00,68.812
2025-12-23T05:00:00,71.997
2025-12-23T06:00:00,74.786
2025-12-23T07:00:00,76.807
2025-12-23T08:00:00,77.832
2025-12-23T09:00:00,77.822
2025-12-23T10:00:00,76.931
2025-12-23T11:00:00,75.45
2025-12-23T12:00:00,73.717
2025-12-23T13:00:00,72.032
2025-12-23T14:00:00,70.586
2025-12-23T15:00:00,69.438
2025-12-23T16:00:00,68.537
2025-12-23T17:00:00,67.769
2025-12-23T18:00:00,67.008
2025-12-23T19:00:00,66.166
2025-12-23T20:00:00,65.214
2025-12-23T21:00:00,64.184
2025-12-23T22:00:00,63.171
2025-12-23T23:00:00,62.316
2025-12-24T00:00:00,61.793
2025-12-24T01:00:00,61.794
2025-12-24T02:00:00,62.485
2025-12-24T03:00:00,63.966
2025-12-24T04:00:00,66.219
2025-12-24T05:00:00,69.072
2025-12-24T06:00:00,72.203
2025-12-24T07:00:00,75.185
2025-12-24T08:00:00,77.568
2025-12-24T09:00:00,78.983
2025-12-24T10:00:00,79.228
2025-12-24T11:00:00,78.316
2025-12-24T12:00:00,76.461
2025-12-24T13:00:00,74.016
2025-12-24T14:00:00,71.385
2025-12-24T15:00:00,68.928
2025-12-24T16:00:00,66.902
2025-12-24T17:00:00,65.429
2025-12-24T18:00:00,64.511
2025-12-24T19:00:00,64.065
2025-12-24T20:00:00,63.957
2025-12-24T21:00:00,64.04
2025-12-24T22:00:00,64.186
2025-12-24T23:00:00,64.303
2025-12-25T00:00:00,64.362
2025-12-25T01:00:00,64.406
2025-12-25T02:00:00,64.558
2025-12-25T03:00:00,64.996
2025-12-25T04:00:00,65.906
2025-12-25T05:00:00,67.416
2025-12-25T06:00:00,69.525
2025-12-25T07:00:00,72.07
2025-12-25T08:00:00,74.726
2025-12-25T09:00:00,77.069
2025-12-25T10:00:00,78.668
2025-12-25T11:00:00,79.2
2025-12-25T12:00:00,78.526
2025-12-25T13:00:00,76.727
2025-12-25T14:00:00,74.083
2025-12-25T15:00:00,71.0
2025-12-25T16:00:00,67.917
2025-12-25T17:00:00,65.223
2025-12-25T18:00:00,63.198
2025-12-25T19:00:00,61.983
2025-12-25T20:00:00,61.59
2025-12-25T21:00:00,61.917
2025-12-25T22:00:00,62.783
2025-12-25T23:00:00,63.959
2025-12-26T00:00:00,65.207
2025-12-26T01:00:00,66.325
2025-12-26T02:00:00,67.188
2025-12-26T03:00:00,67.785
2025-12-26T04:00:00,68.218
2025-12-26T05:00:00,68.682
2025-12-26T06:00:00,69.393
2025-12-26T07:00:00,70.508
2025-12-26T08:00:00,72.051
2025-12-26T09:00:00,73.876
2025-12-26T10:00:00,75.683
2025-12-26T11:00:00,77.088
2025-12-26T12:00:00,77.725
2025-12-26T13:00:00,77.348
2025-12-26T14:00:00,75.897
2025-12-26T15:00:00,73.522
2025-12-26T16:00:00,70.537
2025-12-26T17:00:00,67.356
2025-12-26T18:00:00,64.405
2025-12-26T19:00:00,62.051
2025-12-26T20:00:00,60.549
2025-12-26T21:00:00,60.024
2025-12-26T22:00:00,60.463
2025-12-26T23:00:00,61.732
2025-12-27T00:00:00,63.591
2025-12-27T01:00:00,65.734
2025-12-27T02:00:00,67.835
2025-12-27T03:00:00,69.612
2025-12-27T04:00:00,70.883
2025-12-27T05:00:00,71.613
2025-12-27T06:00:00,71.911
2025-12-27T07:00:00,71.998
2025-12-27T08:00:00,72.125
2025-12-27T09:00:00,72.482
2025-12-27T10:00:00,73.127
2025-12-27T11:00:00,73.958
2025-12-27T12:00:00,74.732
2025-12-27T13:00:00,75.145
2025-12-27T14:00:00,74.924
2025-12-27T15:00:00,73.91
2025-12-27T16:00:00,72.108
2025-12-27T17:00:00,69.689
2025-12-27T18:00:00,66.948
2025-12-27T19:00:00,64.247
2025-12-27T20:00:00,61.942
2025-12-27T21:00:00,60.338
2025-12-27T22:00:00,59.643
2025-12-27T23:00:00,59.953
2025-12-28T00:00:00,61.235
2025-12-28T01:00:00,63.324
2025-12-28T02:00:00,65.939
2025-12-28T03:00:00,68.72
2025-12-28T04:00:00,71.282
2025-12-28T05:00:00,73.292
2025-12-28T06:00:00,74.543
2025-12-28T07:00:00,74.998
2025-12-28T08:00:00,74.789
2025-12-28T09:00:00,74.169
2025-12-28T10:00:00,73.428
2025-12-28T11:00:00,72.804
2025-12-28T12:00:00,72.408
2025-12-28T13:00:00,72.204
2025-12-28T14:00:00,72.04
2025-12-28T15:00:00,71.707
2025-12-28T16:00:00,71.021
2025-12-28T17:00:00,69.881
2025-12-28T18:00:00,68.304
2025-12-28T19:00:00,66.421
2025-12-28T20:00:00,64.444
2025-12-28T21:00:00,62.63
2025-12-28T22:00:00,61.239
2025-12-28T23:00:00,60.505
2025-12-29T00:00:00,60.599
2025-12-29T01:00:00,61.604
2025-12-29T02:00:00,63.486
2025-12-29T03:00:00,66.073
2025-12-29T04:00:00,69.063
2025-12-29T05:00:00,72.059
2025-12-29T06:00:00,74.644
2025-12-29T07:00:00,76.462
2025-12-29T08:00:00,77.303
2025-12-29T09:00:00,77.148
2025-12-29T10:00:00,76.164
2025-12-29T11:00:00,74.649
2025-12-29T12:00:00,72.945
2025-12-29T13:00:00,71.344
2025-12-29T14:00:00,70.026
2025-12-29T15:00:00,69.039
2025-12-29T16:00:00,68.314
2025-12-29T17:00:00,67.723
2025-12-29T18:00:00,67.131
2025-12-29T19:00:00,66.441
2025-12-29T20:00:00,65.617
2025-12-29T21:00:00,64.692
2025-12-29T22:00:00,63.753
2025-12-29T23:00:00,62.941
2025-12-30T00:00:00,62.427
2025-12-30T01:00:00,62.397
2025-12-30T02:00:00,63.018
2025-12-30T03:00:00,64.389
2025-12-30T04:00:00,66.493
2025-12-30T05:00:00,69.168
2025-12-30T06:00:00,72.102
2025-12-30T07:00:00,74.883
2025-12-30T08:00:00,77.081
2025-12-30T09:00:00,78.342
2025-12-30T10:00:00,78.482
2025-12-30T11:00:00,77.522
2025-12-30T12:00:00,75.679
2025-12-30T13:00:00,73.304
2025-12-30T14:00:00,70.792
2025-12-30T15:00:00,68.491
2025-12-30T16:00:00,66.64
2025-12-30T17:00:00,65.348
2025-12-30T18:00:00,64.606
2025-12-30T19:00:00,64.32
2025-12-30T20:00:00,64.349
2025-12-30T21:00:00,64.543
2025-12-30T22:00:00,64.769
2025-12-30T23:00:00,64.933
2025-12-31T00:00:00,65.002
2025-12-31T01:00:00,65.017
2025-12-31T02:00:00,65.101
2025-12-31T03:00:00,65.43
2025-12-31T04:00:00,66.196
2025-12-31T05:00:00,67.532
2025-12-31T06:00:00,69.45
2025-12-31T07:00:00,71.8
2025-12-31T08:00:00,74.273
2025-12-31T09:00:00,76.462
2025-12-31T10:00:00,77.951
2025-12-31T11:00:00,78.425
2025-12-31T12:00:00,77.75
2025-12-31T13:00:00,76.007
2025-12-31T14:00:00,73.469
2025-12-31T15:00:00,70.529
2025-12-31T16:00:00,67.615
2025-12-31T17:00:00,65.101
2025-12-31T18:00:00,63.255
2025-12-31T19:00:00,62.206
2025-12-31T20:00:00,61.96
2025-12-31T21:00:00,62.408
2025-12-31T22:00:00,63.364
2025-12-31T23:00:00,64.596
